Gun_g,Gun_mass,Camera_mass,Spring_k,Damping,FrameThickness,Distance,YoungsModulus,FrameStress,FrameDeformation,RMSStress,CameraAcceleration,CameraStress,CameraDeformation
1024.7240713084175,23.925585256038588,3.287983513134371,24723.854311167328,0.4881071695789582,7.61548572926689,280.8612643068112,191.46350197536003,86.2080728624715,1.6018102920396464,131.35786948965387,97.84354482949126,14.144131646663103,0.1775222130697008
1370.4285838459496,23.704681986079997,4.221729317199945,17585.79543157749,0.4749132017652511,7.3303846736198235,166.00651395318732,191.78956765964836,148.2030108632182,3.19959645069199,127.78552092607569,190.0130738616885,30.923213128929603,0.3169946021256232
1239.1963650868431,33.59381870781555,4.040643719160636,28085.918450322224,0.23830167946534309,6.23307738752002,198.4659622907478,203.0394742784592,95.19300321576712,2.190128066399315,149.55203320524234,120.78882477355724,14.895249161348532,0.19079133761620398
1159.195090518222,23.74319299774259,1.6155996187750947,24196.743586038625,0.56902896196232,9.250866690710415,304.73586929585014,199.73881426478496,85.98102213585855,1.5366304546593328,134.38293174295657,109.46297316992715,13.900890606954192,0.1774745919351053
893.6111842654619,24.079245891929464,1.5969978789658956,17358.058253354313,0.42738888086272786,8.336369123560402,255.73717073576393,205.80830500638422,91.84307907076915,1.8939757292354296,98.88309972396166,117.8558384735422,16.370095446378386,0.18542419419954967
893.5967122017216,31.390973936269454,2.0726974709796533,29435.070862218105,0.3454902084542737,11.059906946268026,335.593812357409,208.32541674687064,49.32794240768374,0.7516986696221669,133.0804733641011,82.50998537723656,11.373485122165695,0.12459350183338874
834.8501673009197,26.7460976367581,2.444298905364149,22775.48195002981,0.5026154333981226,5.224767063374408,235.75028166827087,197.76733755343096,76.98893137212251,2.0325387170370925,107.51980820706521,87.21148868477192,9.23449894980855,0.14810220920599568
1319.705687464961,31.650658354327717,2.6338223256339304,16093.476778074824,0.3029461833606536,9.507075492885885,323.9624731627846,201.92820053169294,143.22456518498169,2.56348606481964,124.86879311828996,220.9792906717441,27.47810836430585,0.34781055077339634
1160.6690070459254,20.98049236346578,3.718788867333381,24402.49356622601,0.47740393481852816,10.340642149580928,239.7910874956475,200.0139325559062,84.05646512158744,1.451802426804835,134.22179660796547,116.97088739602783,17.26482852255691,0.18219529812034446
1224.8435466776273,27.313567905100765,1.2267217286633416,18797.983605192152,0.2158844830288989,10.316405984318148,345.84965574039705,209.63221311284866,124.39187408942152,1.898238521900804,124.83130360932863,178.8319066014153,22.361654562401863,0.2879755851233534
812.3506965774815,20.50420400274924,1.1386908169042655,27055.40177815954,0.5357632150437088,11.202517769668676,341.96687627977536,206.6216881471319,38.466785194008736,0.8185630110246886,121.79952178160855,79.98934659231249,12.216543295658152,0.1303200081200879
1381.9459112971967,20.93979805183032,2.567642251775636,27267.33110349286,0.3792683388085274,10.103236199806458,215.82734111121607,208.23475416554706,93.83557482633432,1.5188092459519977,157.7413169095426,130.911624700118,17.07200876441804,0.1973157261714873
1299.465584480253,33.596561800166164,3.788654768551922,29684.210337819928,0.4546771657431767,11.494670431533875,327.18473408336064,195.0868017515521,74.01198734961665,1.1979809286257181,160.4005058516828,107.5084606800021,12.722889439685707,0.1772063175313537
927.4034664069657,22.088680566763927,1.7737413718259303,22528.042965367556,0.28849512792267346,7.32859619874624,319.5222748431298,205.45052846325189,84.00312185757959,1.6546666939791392,118.49546990280716,107.90402206945669,16.573060029741942,0.17458336141266245
909.0949803242604,27.986310234128258,3.566017925025007,21824.353195916057,0.4708294850633792,8.522465917260801,192.13607946551258,195.30946449995298,81.32604734885285,1.500717717308835,110.55632497106582,102.03606192830446,17.884203515821476,0.17526388530107115
910.0427059120602,26.166434039010596,2.039312551761198,26302.134081697208,0.5088961103573106,5.098557642980235,274.85808015665395,194.17485066856779,71.0675272876321,1.9943008530084883,124.85312734733282,89.48130092149317,13.676698774217815,0.16196993511920324
982.5453457757226,25.21014989388264,4.544344435254065,16987.059845128897,0.3892852747537595,5.0487031111230385,164.53646311796297,208.88532319311102,119.43213409451089,3.5361341595884923,104.96012780324186,154.24365886561156,24.414922235256313,0.2612814180847518
1114.8538589793427,33.497500185309086,4.582759777066466,23203.732706896863,0.4470907696247177,6.680886343160639,317.34214411669234,190.38608833435734,97.66437763932123,2.1174628303909553,129.87990419555763,123.65069530875844,21.0584765171203,0.21279214820742456
1059.1670111852695,20.327350951632344,2.189148817125306,23193.714001962762,0.3825303695289594,5.705650379973597,184.9091767006993,209.3077740732686,95.78729435526681,2.3569805284248537,127.2293221692864,120.91370375372901,15.492362488864506,0.19657080051785375
974.7374841188251,29.956845292633837,1.919975015852962,16342.096842155808,0.5576365477031382,6.821479575550275,164.1629402771529,192.9852379397761,108.99013487766922,2.6506300697840937,103.02075984040863,135.85676882163668,21.464534964063645,0.24352907455864886
1167.1117368334276,34.45091651320325,2.645215888264925,21269.761282603704,0.39914767220572767,6.239303061698782,230.04381910776223,206.38876163586536,119.39496494947585,2.642355134099445,129.3108480255019,133.29602084108365,17.16833784463767,0.21837622059405526
883.6963163912251,28.402522751927627,1.9621263407205949,27799.27197850803,0.5367234836115276,5.199640173870538,265.3844277199287,195.51845106136207,62.67770316401677,1.8504197115032244,130.07362519446735,73.41932018658764,11.737566931621124,0.13216067348116883
975.2867891211308,34.05233693049638,3.6895353731668146,27842.304329919905,0.5205408233080995,11.365129024842346,320.9833917119542,197.01404654861454,45.949103532173986,0.9360086115911429,133.90407117181624,81.73889386653762,10.07240401086729,0.13009233546927507
1019.8171059762151,20.783868189290356,4.304258738193142,16488.564973795215,0.36420192853934263,5.05756191972224,344.8485051043473,194.3351542264397,121.81192827236269,3.6142418788537003,105.63198273257096,167.12244813362167,25.600650518562873,0.27665714584659357
1073.6419905302216,26.28189978611242,3.692368523644868,16360.813241217464,0.29203379674299,10.152575010359598,237.89850251397274,201.7102808496216,115.17672331433914,2.019765458862728,108.25825222526946,180.8773272675915,26.028827072524134,0.3005228031078676
1271.1055768358083,23.902366864430768,4.297401788997398,18940.43215502903,0.3624328530239084,6.0650352084366155,162.08938459705405,196.9619109501575,138.73020965306975,3.36423058150233,129.20623781092522,183.8987901526508,26.949886685526447,0.3033491729553316
919.8042692950158,30.962314474710947,2.5879686488298965,28121.4909383099,0.530486950310088,11.3856073539972,299.8231158051741,203.14786078989326,48.615955562788166,0.9297785359022174,131.37462490978123,82.89172234053656,11.117470031231615,0.11663464722004396
1108.540663048167,34.7194563574587,1.6252678828354434,16933.538776102483,0.29105301432775693,11.2495715771292,263.0346512447875,190.31294635884132,109.69957604253663,1.7193620862186354,113.39201639414223,176.71729273020318,23.930086855263085,0.25344942632581086
1155.4487413172255,23.847950936663718,3.9518037895903686,25799.95203941169,0.40977453834309974,9.577308024584802,239.57826896889264,191.28749767030078,91.11823098100447,1.4236708410654875,140.90138512643244,104.97334153596226,15.81086754411043,0.1629462737703186
827.8702476319986,29.812619022111114,2.4418980205662155,16517.484294196547,0.522438699184299,9.705639048604237,211.85377575843793,191.99322305462496,88.77921288619056,1.5590969712409062,91.35175348993415,125.4184664519127,17.013422864832453,0.21747775358326787
1164.526911140863,22.9714644913961,3.68508330091653,24347.067806217383,0.34139099005135154,5.03737399378782,250.47970556870712,198.37987370620462,109.21819842864247,2.9049243933454063,143.66832937064518,133.72768213287083,22.32082678942595,0.2422181518077969
902.3144742123749,28.47995381857415,2.0825757679270627,20341.009486787174,0.45688385480107896,11.894100962795214,217.73592089140618,206.29592345319952,71.55925925535811,1.1768706235875643,106.97540053609838,102.69161124109442,17.065849279072555,0.15862013907404196
839.0309557911677,26.95898730032504,1.3249185392266907,26833.709444488006,0.2982526296195258,11.1448282250307,301.40237354947203,207.76355820756766,41.58392169001776,0.8513289342262468,125.0177731763238,92.68202379219626,10.457957243172707,0.14379177588354305
1369.331322352,34.580079944473056,4.9703271819510535,18505.356732380453,0.24371177814726397,11.265743580110644,258.7787392985282,194.896214801218,126.32163130777587,1.8945844505347047,135.4084663596759,209.84522947344146,27.368621668518877,0.329064557959949
1379.3792198447356,29.127909090446998,1.6248060317223971,24588.027440849397,0.5177536900371424,9.614711759356103,325.3695548308224,201.48739448478028,96.84181051523034,1.83941401236864,147.57019216452483,133.8489766594915,18.618573423523298,0.20583328365842798
1285.0384088698765,25.242595581302282,4.953683975853924,18535.238018638272,0.23958744936348275,7.413508500581756,258.7087829298884,205.36729985385202,140.81649821647963,2.83333253095602,128.53139412495736,203.35149432011744,24.310042519053376,0.3238722480735029
982.7682615040223,21.711436773319,4.90911973026579,25704.90424668231,0.30855255803183385,11.255540543633366,197.65248266798602,195.77658859839218,66.33545251375526,0.9886153288706973,129.2796981530995,110.19322888994182,13.449423357071755,0.18498749181762755
858.6032684038303,22.268702431024018,4.175272415632159,28105.170518411232,0.5420437687989761,7.040618497058347,320.2183764464289,198.18015473472548,50.116949160201145,1.3220446422318899,128.68416696628404,74.52075099330887,13.170424414377006,0.1300404516260762
1210.5398159072943,23.379753949268526,3.6376918483279903,16902.0269869014,0.3385877148314669,8.93898080339542,261.4438089860088,200.4794840537143,129.10965086717562,2.3281080976611794,119.26816868163817,192.75325944896034,24.249481075227255,0.3151418587353512
1064.0914962437607,23.76449992010447,3.311228201004339,27998.93532893255,0.5892181398056644,5.698116806407176,191.36820762871224,192.69749692816094,75.46178223941394,2.053676766197903,138.37363954449143,88.8681465540451,17.375481228079323,0.1404875213764381
873.2229409068673,32.759240867617066,4.464406181511339,23903.62881621447,0.5918937339095438,11.45368941092925,274.70156199124443,190.51964587451562,58.63940669262353,0.8832746331420447,116.65549027137243,80.3029115115061,13.459638075509135,0.13029414573901937
1097.106146066762,28.418341824237874,2.1577580864779518,16906.65736300536,0.3073104081814227,5.985393204398493,221.5433529884855,193.05611618636567,130.63913012057202,3.241474452887181,108.22043470283329,175.4716072465751,25.291855290464188,0.27258370570385426
820.633112669131,27.850863670615496,2.870724849939508,21413.12783039568,0.21639128889995618,6.574277640112851,318.8811224584132,202.53707242507068,83.28404666122634,1.7610307614466543,108.81779411480687,104.85596706411391,16.172887669980064,0.18332228512324275
1345.5922412472692,21.721533078038263,3.4775598774660077,17412.90440227647,0.4820253136821516,8.906939106897505,240.65994772930856,191.47236523067363,132.45084259050984,2.6547074172000578,125.40390960401142,186.0185936127654,23.643141503591966,0.3081607135985201
955.2679889600101,32.90209540024152,2.6447619034779644,25505.218332998542,0.3803946010593375,10.348651001490872,295.2882716214833,193.79392729700257,67.78272629186311,1.0910868711269783,125.78125032690028,95.22349859702443,12.510040486661598,0.1402937920858081
1197.5133706123893,30.842214548127256,2.709945816361072,26383.022016269242,0.24030113758383054,9.335459141554093,169.10724152724742,196.75707771390609,91.83871344735257,1.4903655889343563,143.89792514695617,124.61856286953316,20.19938032599438,0.21799575576854371
987.0266456536466,21.015025428500024,2.3211386700083376,16586.947804091986,0.4830091275912171,6.624937389601094,229.20486926046925,191.55740128612732,113.25181959619667,2.693238623451821,101.1215133075496,145.1163724386135,19.44039668443775,0.22664529830075264
1112.0408127066864,30.61752645844653,3.256927266738144,22592.097790419666,0.2124699636447685,5.006601297692432,346.6482872944797,193.8339854232327,116.97874138199276,2.9478500479597307,132.69973285311013,139.1589732323428,22.613280683044444,0.2435200221506075
1128.0261676059677,28.153073260139692,4.402298112060464,27219.375840388755,0.5480786761968968,10.300054062152075,311.6920578954297,208.22539577967024,69.46964964400294,1.2113169203901053,143.6827342174239,98.78407897087027,10.706217910315742,0.16584100534999308
910.9126733153162,21.225880186201675,1.8061135120252514,29042.445623264946,0.2554610116453215,11.896451281377656,181.98816047338573,190.3859826445397,42.31421011337346,0.7814941051103232,136.85560632762324,79.43599229509884,7.343699367727764,0.11457222510022669
1381.750776658735,26.874509622929846,4.737732155013766,22702.76800112655,0.25092475149869,10.669391842142634,205.55280989545102,203.06863848348723,117.77410162089804,1.626996491385568,148.7159110056666,169.7586124620839,26.80538645781119,0.2705293766988804
1265.0796940166688,27.270444306950704,3.7563506149929187,29254.188354171107,0.2702689191874338,8.221446327096308,215.9631617712722,197.6881786183037,84.74588810903768,1.5395687883659643,160.88639699185327,120.33963841321497,16.383167829299563,0.17953686708195346
1363.6993649385136,22.486618102449135,4.293092850720121,23035.334556840447,0.5841065433968267,11.326370829793746,280.07311209908914,203.45297478864742,106.41691083222133,1.58026955382773,144.60358376454872,132.56102542360847,18.0412351264777,0.18618049051042188
1336.8964102565892,34.18547220500423,3.2247627705200466,20912.857418998618,0.4772677441015384,7.868933711828451,301.3989518979311,201.77383440726808,121.01806646206413,2.424735975945538,135.0929586501601,154.88798465242357,24.79796574315694,0.24590057446877417
1158.739987286651,32.74963057220993,4.1180668056962535,27723.046928293432,0.5205486141854547,8.674538589704273,299.90532176158194,194.46997508709288,75.75909624100728,1.437715569071831,141.2883098189282,91.01235974416369,15.833359588740686,0.1447294458843439
1353.12454101387,30.035335059936624,1.0648015893578688,22394.740656871334,0.3590539942931012,8.339908371769782,251.97481126128056,206.94418975146777,125.6739623227091,2.1572926012048796,143.12625622189515,160.41994028293132,24.729021338965712,0.2686453982445537
853.0955012311517,26.93443341500911,4.273521699118141,22078.537658467845,0.33452509100198224,8.133367108658675,312.16410756763025,199.83880765218714,76.15707926067357,1.3820279974891512,110.37587920230347,106.20203408796831,13.448933229067139,0.17379741195745219
917.5897174514871,26.17648312376763,1.160555436341466,22354.687341147423,0.293793602713268,10.42633538505734,237.41561655149502,206.45072037826944,73.6128923645549,1.156398339459615,116.26553081170846,114.5227501528815,14.477016249519561,0.1842835632177799
827.1363733463229,29.764602007264312,4.55965350545145,27701.77502804618,0.39225921132496355,8.687382350886445,174.7761130591124,198.12025072376437,53.239878575945234,1.015760912990925,126.24718102693708,82.001472131018,11.442565704006519,0.12301560109360041
995.1981984579586,28.18147804110358,4.967850988954574,27479.12312532078,0.4207314934136674,7.217019854176512,262.88836833076266,209.69371107830477,66.43253007827018,1.505720086179554,135.16043361953658,92.52062188725934,14.105050841536837,0.1485380206522707
1033.2063738136892,20.934096588228286,2.1762698487071113,21052.799886603167,0.45270993746110216,6.8071071736093485,340.4602769202213,205.40978717002594,97.22302413632806,2.1825661283389475,118.64325156050592,123.89135113540982,16.672182873701956,0.19836342188781259
962.8094190643376,27.687539731554978,1.8412742251431746,19999.497898057874,0.3028474015994778,5.264231218772034,308.5987302785023,209.31900410225148,106.5348977967802,2.7344887305107757,114.63066044688094,131.50649616863794,19.384785738474847,0.2123548914877666
1297.2425054911575,32.09605425849259,4.061453455432163,22378.92036058694,0.5794616323611963,9.082366133181322,265.74012953844846,200.2865295781972,111.21504727670838,1.863232895312797,135.54391575926036,135.1890782545376,20.247112644094493,0.21547895206506182
1014.0519960161536,26.88859816395437,2.012105363681013,23591.587646056636,0.26790339928285434,6.609729907807239,279.3611320698194,199.473822645814,95.37250052139169,1.8810210011395982,128.39072672311232,111.2367216559428,19.102277286937266,0.18641041634627353
968.5607058124285,20.779348663314025,4.462249532688814,18575.058159419954,0.5862612699065649,6.036937454114682,336.1124054071145,205.10907618650515,100.79252762830195,2.721073692161865,105.0745297982681,113.47879728092187,18.650637650608143,0.1917025476487594
1125.617649894949,31.794172990760497,1.4113703686299068,26909.326270733858,0.20594244900300152,9.576809746793744,235.66855888699212,207.6058252602686,82.60703120612708,1.2538627234652986,147.04688986261036,128.00723880714992,13.83553831139158,0.20131445875112813
884.5545349848576,23.020456732039616,1.503820785517433,22297.241485986342,0.39245027672673827,9.768464804750842,216.27882778852748,209.28291591731116,71.86821765727197,1.1924085019307626,113.70105870393678,89.73486606059717,12.50098608045876,0.1534755322193173
1281.3181884524238,23.879312523320582,4.916606220402462,20010.683226299392,0.3333471352466251,10.265084245803662,345.4483130000898,196.49103812065,115.99674171264522,1.8971947979539663,131.75308060579513,170.0489127674706,21.02608561844243,0.2690377729438385
844.7303862078625,22.470595301484437,3.6953555930800186,16602.314894459858,0.3796493655721003,8.52503827437014,322.6886267020667,205.97409147685278,100.0580113931926,1.8085432849972458,94.047226476272,137.77159824951198,20.162543612639713,0.21140316391436154
1392.1321619603104,24.953225973072463,4.387548897715812,18582.677406054103,0.42826583159231557,11.258382236427206,214.60871692372046,194.21291195271073,126.97205842350482,2.0223048470307146,132.5274773819792,187.92951396647084,27.03843249220814,0.3077518546360258
1263.3468615779943,31.351272585329525,2.297317509406072,29239.217576339754,0.3742356632050836,11.554399273787595,242.75611947218457,200.9114869349089,75.43104993925895,1.0997036856270104,156.3379532189309,110.36669478135745,15.066931548869801,0.17920557551338911
919.2294089205035,27.79078789255906,3.7059349980824177,19576.495302292897,0.365938740120638,10.651596578547426,233.0156258015598,193.596962968184,85.6178394633106,1.3344273867788194,106.6289747680123,123.41287562600921,16.186203145889888,0.20175018228852518
803.3132702741615,23.073219112260688,3.376967309234389,17532.889340505528,0.4930893661653226,9.449154374057311,179.8191357342868,196.94794723500678,80.74512338815852,1.4577213657917742,94.95265451605188,108.70301937286204,15.294191006953612,0.18389012929256793
1289.2768570729004,33.167451172280614,3.412600480491788,21910.0918748249,0.47435051003458584,7.126046675138321,341.5638647626518,208.6271673441292,120.42767797722372,2.4616704881915865,133.80522603196073,143.7946915590527,21.555628109857622,0.24487515749357436
1224.1144063085703,33.19372782427294,3.7301298381508863,19606.31615040373,0.5333085128143391,11.880614451341549,230.86248624395176,192.92181399546172,107.11786103688183,1.588822705725119,123.62794895811452,143.09899635045824,18.73714928755339,0.23082400850765158
1237.4043008245924,33.058676375690105,3.3014366925163943,15527.388754067912,0.2999835924957982,6.918953170343569,325.0658165275816,202.64801790270394,136.54142886138374,3.508134298817916,118.35735599678429,222.30693974776065,26.270447287192823,0.3924562792383411
1262.7622080115675,23.58194317072309,2.716249477210664,19847.17825919126,0.44381140390162543,6.418598453933018,187.87124553613302,201.85908545854807,126.9601255781565,2.9726358665783206,127.94469460973623,165.5345035144891,19.299292242300943,0.2651784264744973
844.4267910404542,26.768590162714823,2.1036907775221874,23161.62935909203,0.43407791415714153,8.09507879650608,259.57416212744397,192.41476705417972,68.06617878211182,1.350339990534265,115.29680773471736,90.67767990681601,15.233872958591993,0.1436557469806811
1015.0794371265636,34.774844842113126,4.074325323652808,23275.685580299505,0.3478951243490755,5.397883994986719,154.79227702485397,196.51958087537625,98.39407846748892,2.4771995401906026,124.33130466180253,108.3478650636211,17.532087969758734,0.19696713664411933
869.5214357150778,31.580187144649855,1.9050897200127448,20348.38381765333,0.3944230167610724,11.849461252702536,302.8440967684617,201.2596300903053,69.09035034007235,1.1299328949794054,105.1977651317482,107.15528937716317,14.824673200067187,0.17345812593649457
1317.862055525356,20.407511318383396,3.7694172246176567,21709.54134378901,0.3255128573222915,9.119034894914973,266.1827796492557,193.7435721797698,116.83262688504662,2.076259441210217,136.12800279325236,161.71771230754254,24.814424911313033,0.27091839321352834
1173.9788760965348,20.978068868907382,1.9333312905973066,29482.768773521497,0.2567377590467941,8.898664641649226,275.1179166939505,206.01247312825632,76.98234830168398,1.2546085405712688,157.6614206392,113.5920553797443,12.73501627512943,0.18463173277069786
998.5388149115895,26.95897065218499,3.5013206798178156,20660.227158454676,0.28552048426509313,9.59057395929804,160.34417651093068,209.443130190695,92.90847402745399,1.5570983378181045,115.33646074281417,127.54119396048978,14.164711687325465,0.22062333983051552
838.1350101716142,33.638303087923404,3.9883130685161157,18873.402198899745,0.24220545856048045,8.479165534440448,192.2076660417231,194.29518799924944,91.94581111545726,1.6012806578584298,104.76959850883907,121.05115232185116,17.808220908022854,0.18751442650502861
986.5893930293973,28.080526969290712,1.8748555556261568,18652.0056610014,0.4732278300760496,5.224444619661791,164.86617447071603,193.73823929581152,104.4918663101059,2.9930477190573126,106.05306906004051,131.7660567560951,19.48717659618294,0.2410041612187829
995.1099932160482,27.467187620514352,1.2397732034452331,21866.469190562013,0.4642909572436606,9.286179021882777,207.78286316076236,199.0987014359489,89.90540942727688,1.482780104963907,120.97641064187367,116.51502340089277,13.051021006908066,0.2013103010830209
1237.7637070028384,21.58210549934946,1.5238949719766963,26392.80223075416,0.5802425486319491,10.013217138695016,275.4878015364302,204.95530554280063,85.7584562948796,1.4576322359900042,149.15415633218373,103.42557513614696,15.853764638763069,0.15761179392181665
1182.5344828131279,29.85170157086441,3.423987869084102,18089.822762827098,0.4918713654588965,7.9172434243683725,263.23719686347505,195.63201220470503,124.55880945859275,2.4355463426776462,114.47040665600485,151.0724742060168,21.25005678836963,0.2572708288346784
1332.3276455457958,32.331547409003385,4.397785624902943,25639.44190711152,0.22081833550245258,10.30106900449835,272.4299643226781,190.3975981739456,104.65486725483116,1.535485261617477,151.37619655322786,164.34598979763751,19.90589244472233,0.26144343799026515
1083.3289550971695,25.706300112613434,1.1799872849416975,15317.247350241245,0.5536980695715816,6.589009095368944,259.8502542755789,200.8244125606579,125.35479753687667,3.2637523164978286,104.19227204058662,167.58256098692115,22.768141265339,0.2779455444541694
871.756547562981,31.63417776387991,3.936605036166585,21283.99466975919,0.5450700651782903,6.548936137463288,204.60575913517187,209.13201135534615,78.92130625294236,1.8227071030283795,109.00741173211372,94.01134575144552,8.951555018514089,0.14035789776027488
1227.946872333797,34.467149808512175,2.3652745838002085,26637.975978041803,0.37732812830907947,6.129918913813018,198.90149946888505,197.82553710813892,96.33633574650777,2.248915761334099,149.48466205903742,124.02721338134825,16.446335483444606,0.19842184097419022
1256.4710291701385,23.056496886915337,2.91411347967809,20080.99433661647,0.4343452202111686,7.6039633185241335,177.41193670731624,198.402691083662,126.02831091763855,2.4836358149300763,127.96855535608144,156.1189490442462,21.16319165798237,0.26609590311751596
1136.7663185416977,27.84994446792112,4.7154381993822625,23456.056521680992,0.5904313329890075,10.929084247723585,319.81417498069845,209.37803434228076,88.0451765240471,1.2905059459760482,133.69274700475643,113.63635219259677,17.24872719120379,0.1914980004412612
1262.5803079727366,24.307069371268632,2.327886018943382,18074.68849238866,0.4129217455392665,10.79538443504345,273.2958717082489,203.89215223253456,118.83008559176487,1.897247032208755,124.02115670582072,178.17772712455937,23.44416474428417,0.2841319562031649
1096.2773578186345,31.892816285507593,2.861347735757944,26129.930866892584,0.562128731350436,7.679769455744527,187.30220250081194,204.3834384568425,71.40844288325792,1.6321583376738686,133.30057794585227,96.97743937020024,14.748608327634416,0.1699575938634719
1113.6396976291965,28.663900488217365,1.0547296590427244,15784.186549031394,0.23321550312407457,9.123831151861655,185.4418759642479,201.25404010742136,124.4169538695203,2.3599672904750917,110.16641195789896,198.87842606699905,20.764551705448188,0.33136991278419087
1056.5246110151297,29.518736263254556,1.3263948800193535,27788.139673132508,0.2764207474834731,10.04571421532441,324.60712030522734,209.49218421726482,67.40599003880159,1.1676172643540281,140.20245067559554,97.61380565752256,11.523387210563836,0.15964328071608763
815.2514760464571,31.96871239423841,2.034366364539136,17972.94579632502,0.37630197737652715,6.688447422396161,298.5461727526639,203.77732968851112,93.14015000804088,1.99147889134834,100.3712790082228,127.53178773283295,18.765749122412796,0.2039891342742308
864.7348561959827,25.939557089936823,1.1114089632842976,28115.970475624963,0.43390272333492186,6.17698760126323,281.8798159810743,207.9006550321034,59.73885549014467,1.5263463331698774,128.4027994230098,72.35935702681718,9.950127740210638,0.128213040000081
818.8575114120406,33.72635102610565,3.525501304193004,20287.93861950776,0.52649114074512,11.804671952486178,231.37282150785995,203.98757731466443,69.23022061465666,0.9839440864149385,103.08286640155816,88.3574095666306,14.297931480451714,0.14724540229068392
1181.8462467582683,27.9954330086921,2.70559342720649,25840.253617117298,0.5953048460572747,9.322901192467329,202.3951128557035,204.70231649680792,86.10124588252604,1.391242653054107,138.5606166760245,101.72934774621473,11.417241671520815,0.17324589205336624
988.613588645796,22.36932234253022,3.192580810912088,19788.379466792827,0.3555405985896466,11.869910052835646,345.89015262256476,195.80821844284492,88.43829040105656,1.2443137236633928,112.11807012075653,126.6423061615807,18.66866940438993,0.2110606291790274
1105.1424146988215,30.438486772532038,1.6985887435853182,28588.67506851971,0.218966254456034,7.364291909925604,309.44791500456006,196.0695739602764,73.2336041241497,1.630908843671692,144.96956790808582,109.89951392904777,13.372371008685718,0.16753671361107636
1344.5398843556559,31.898920256573817,2.1837281177464645,16899.556882775614,0.5204686013181299,9.92122189981892,210.3558446272553,205.6596929915206,132.21372513700732,2.4385700157453125,124.76038389587539,191.7788084610406,24.447008519078487,0.3069546203953566
949.575337489325,24.7514251560129,3.6552978994109004,17677.79683908898,0.44175228763312324,6.558225455788664,319.51295925569895,195.934125783398,113.15314024830246,2.4570970441753004,105.97998895738796,138.90031605609806,22.14637059820695,0.21393523106902188
1046.229753821378,32.85768885498129,4.8612108945216,22395.451877382035,0.27941714354728064,6.8284011989173905,301.7863897229363,201.25540141603062,99.62797407110553,2.031599961436745,123.93694854548927,132.68012161361068,20.908449914690312,0.22680614241833694
1253.3306831258292,33.5921488214865,1.2016670944088368,16229.076585572191,0.3979313826485681,8.583314848887369,209.41610997559968,194.98704621813403,135.27834164473398,2.6797305899690507,114.82764177454047,196.4297944143461,28.60605027690097,0.3193188830414055
937.2788992949735,24.153567310667135,4.561537283421064,17939.70277052643,0.49692409821348976,7.237326878556498,235.31057084832793,206.33966761618137,102.02428507382417,2.1711311002204132,104.20861288155099,125.89564414658477,22.310878187729248,0.21486291792905546
846.1879458972758,34.75282209072833,3.307524805244834,29156.495733180214,0.5081647148274575,6.173350946884091,187.19068907820534,192.2100270245538,52.0937239283505,1.3569440182810966,127.32581053275285,71.31373039432496,12.406203562700707,0.10578324829239683
973.8508717482608,22.110672920731375,3.255678267022495,29647.34491721831,0.3998473647995048,6.840164913925282,172.21048887562188,206.5889327952333,53.39042020744652,1.4232540868259014,143.81444245645451,75.30952326229885,8.705122310115033,0.1412066342586378
896.7327723524027,23.03023502603735,3.0011141408310413,20643.88993995633,0.32208581205154363,5.250238761261053,294.55240656793933,202.05459601015204,95.21938427634367,2.471289711067187,109.09555873433077,119.46975460402128,17.458407366700495,0.19197413737051106
1357.8185914055439,22.76337258857039,1.2775763436167336,28849.290315209037,0.5894970328153974,9.930965350342406,203.5023714707733,193.73819069654155,85.10999676294357,1.354239385394548,156.96794545207953,98.93211101621348,14.002972805362695,0.1696861934220903
1284.87222773865,33.40984565011806,1.3595074069446427,23172.370135101475,0.4653450443825971,8.444816599601031,314.01187314925073,200.84070771012236,112.15215546737778,1.9278702601496347,140.12619324614704,146.3525381223934,24.738555207079827,0.2399870114940119
1180.042253906254,29.814388284874425,3.4036480226363444,19046.136988106504,0.36329500773851947,5.659701464831679,349.1217423028852,195.6499767369468,125.91726903373831,3.3046405606371247,120.41524251259408,160.2260568745783,25.101205982062744,0.2714910631429769
1322.8763541126307,22.281564248334092,2.363834285742233,25535.98081620898,0.312185289681861,6.201857951899438,165.32396278592972,196.46934669460992,107.1261347961595,2.5063895208569047,149.88352218757043,138.97360956276756,19.310219275287256,0.23082270848659867
1282.2032461394688,26.604851275525235,4.669072266310723,24883.527098622857,0.4924411932014248,5.717741766788508,244.60702501674007,197.0305608319376,110.15240206218198,2.688157008856799,144.90412203155734,120.44232009913387,20.203397368411274,0.20116442014410746
911.9420353316215,29.229470376047033,2.626362149437889,29836.879786630998,0.2968733782375071,9.288149657931136,310.4125118621606,191.26638493944643,46.51387355005014,0.941630295924438,134.9158361318944,80.13782705010468,7.667739115386176,0.14257500530340908
1335.5353990939866,21.25196127484075,1.5731258348105643,18975.70931113925,0.26868399558947526,5.659472545287457,307.7901793082467,209.71923368802834,138.29289420300566,3.8096486259199653,136.31383043707146,206.33414676766284,28.070686752944425,0.34772383475421637
1123.6053451493904,33.23624552611008,3.858875334008144,25080.892539926033,0.41193355558482814,10.279976331246512,301.9994316661937,190.6306925626245,79.21983365815517,1.265475356163021,136.56727525990058,118.53256272454925,13.944346725410186,0.1777613823449219
1284.4640930984374,32.05405303162303,2.1734136857640394,15780.356325441704,0.31599495705765673,5.143576435242738,219.7989870603822,203.24993746368557,152.35722731920472,4.7600386037170805,117.08305818155947,211.56908719505537,25.736920759885997,0.3611144148094055
1337.6547799540958,27.57810160364957,3.1018812294235727,16704.69058045079,0.451562057969446,6.745630515971245,240.77065113701047,197.4245529551486,148.07831888604304,3.5368717410365518,121.56543693048276,205.9108908477399,29.8882092537623,0.3455184439540048
990.8020849831183,34.506899228887555,3.79133114202068,15058.775624266398,0.24717546994969342,11.234666731243351,268.99367146829405,202.920205818934,111.7383653942239,1.758759546706678,102.9001126790625,190.49140702944115,25.99556398426831,0.31230275882568176
866.031154716606,26.266414689126496,4.601056444808282,29991.9102158951,0.4619764418269286,10.029719226855722,344.78811671465144,197.12496506175168,40.54254621465947,0.886578394901771,136.21005917342592,69.65183608730997,9.729975856581529,0.1072973408748106
936.761097525165,34.761654785547464,4.168764779206704,27034.105457212165,0.3133186111990809,5.510778330479814,215.50945418769857,203.47501292517717,74.79250555150914,1.8178496775062545,135.3817643697306,95.04603012500188,13.22114877298788,0.15536977640451988
1056.2646731757538,30.018799982054404,3.7054442714908964,26800.84522100311,0.2000971737738051,10.747882731396258,334.62877754337154,204.58471018936723,71.91882956272194,1.0997449596510165,139.411472757339,113.42461172109384,12.294757993012444,0.18136868844962498
1290.808859553496,29.520069098809124,3.7185327295805743,22645.891129322696,0.25077442306967057,8.451245850781433,203.8713836360988,203.8110528079929,117.31079873367443,2.0828958794896417,142.2177562894344,169.391415077844,20.613483363486978,0.2836503296111357
1316.4383499538062,22.489323429436773,4.783698576128346,19501.0062435816,0.5734461511340376,10.927481190181805,347.8148930947409,192.27923962716304,108.96773352708175,1.9413706802057198,129.74076328452995,150.10046023145046,18.786895541204984,0.2308768517932726
804.1712783187144,33.228916374569664,2.183296389986144,17268.96426694014,0.5469418556461432,9.205178421152754,284.05273736551834,203.1378646930937,85.0784506584571,1.511148199647078,93.24357666575561,108.9943456703845,15.05847712285748,0.18365654681196497
1106.4483815465394,26.412345318809226,1.0044483767847496,19270.121082696955,0.2934436128144947,9.77283122423001,242.70229607171018,195.59975098908194,104.17772897555405,1.76465891650111,122.05017419552995,154.6380746419126,22.85762175660716,0.24496307582659343
1050.4466018892674,22.43350108673719,2.0878182375927947,20639.568328937086,0.5113487618181964,11.954510922769957,272.67808561272096,190.57602741138666,89.38012056724435,1.3877781275652519,115.84074186120566,114.05815766153509,18.395870680459662,0.18172069195047028
933.2646862824381,20.189112799636387,1.871565518506976,26344.651454704413,0.4434286372695897,6.626348821468127,204.50623380804137,198.2966134377791,69.42613082115503,1.660579920345912,128.15006544649472,99.18516741196856,10.191768659424135,0.18539930777270947
871.9192204002097,28.39633525457574,3.6473383404559927,23094.926833547288,0.5883618845799478,9.367619023329718,204.83477150229334,198.67086205607603,66.3157720050451,1.17820646758088,111.55420596479495,79.3634936745386,10.267874580932803,0.12886261294210144
1002.5691028421768,27.910994331840143,3.534846399062116,16162.25439833224,0.34944226381362364,8.222249730401789,172.71090876869877,199.34348266704893,109.4113915722277,2.232355236548157,103.29405166161021,164.91919728293396,20.506125069269256,0.27724928579296837
1365.7458223475114,30.790304335537378,3.3738455308188953,15270.435134383684,0.4725842450068685,5.27616367045884,172.81005954107974,204.0964833078143,159.60570022926598,5.133184674600425,122.06415663302465,209.86909616509774,24.494817454546606,0.3733246293656844
993.9217592124531,33.35387079526703,1.0649737728378148,16534.98269301095,0.22541428896956744,5.101294490520055,219.53434829378227,196.17687618284918,125.38284266694691,3.484447287601801,102.55096829671511,168.67788085013012,24.657099775265984,0.27606105501022815
1111.2743730460197,21.191098769645443,3.91511221780259,21157.48070546069,0.35849893872656236,5.83460004472501,302.57109557927436,196.30561026207846,112.38183549061424,2.7550313971595535,126.9901635571634,140.0588249421269,19.70293318598225,0.21918460813255686
1221.8113753371067,30.972447355105437,2.294121649941966,28997.893755735276,0.5855270644752721,9.543642183769837,271.5942335196325,191.2110451248252,71.19091236007706,1.3411932041437087,149.24109357177565,91.23327635731863,12.767650024129704,0.15847166750158415
1018.1777614275763,22.811179161463734,3.6602239560265244,24561.037218138325,0.4155923497800482,8.970141615393747,170.51691206620416,203.73642431984592,75.84865827933197,1.412318949520836,127.92515145397438,108.02459611526716,17.401602468319204,0.1653246217436239
1383.0692496325764,32.87265579735746,3.2263137140086133,27027.38849813273,0.31515180133393783,8.874006928146091,320.4473049951822,201.35652182799168,104.11242002662165,1.7171443063241731,161.82692730227595,136.6044441878342,19.433967163725182,0.20543627979928272
1377.4683769652668,32.28595270792484,2.3709237017116287,21995.61891756823,0.24810838525144274,5.22299733769782,270.27352539801325,196.98850225387577,133.2750233077346,3.565562289836971,145.56935302781588,181.3390274638409,24.307663131794005,0.317925786242573
951.0693774952185,28.111906324783163,1.538305068416431,20424.99124792564,0.48141133607261216,8.28512097452005,342.17111535695597,204.1037795783471,90.71736822588673,1.7591584561129328,111.79702624892818,119.94731475681128,17.997329880625728,0.18731828935859032
1098.3491035354314,30.653641979349672,1.3776755906419238,16626.00559074934,0.45794241737189073,11.4723597248977,284.0370934822415,200.74715498453753,102.28873162476039,1.7151747516685312,106.5485746332053,160.06081428763775,23.105707366142976,0.24951779419129802
980.5269858900618,24.715251697756226,4.326073332448894,28138.995332793074,0.34957548544150985,7.783143085174526,185.0349727408362,199.3848989174108,63.88787476535972,1.3225806293850768,135.9168009985126,92.40035533003297,13.095993539729864,0.17157007083979317
970.9042966264806,27.06751848399222,4.673590168326232,26747.40043541854,0.5803765407463337,9.374457288519194,244.75667246156445,200.22649087322253,66.05114267050429,1.1576288811848425,131.6733237859873,83.36676491455206,13.331811804200806,0.12002908256986082
822.1321684127197,32.324553465657075,3.5991521870571983,17521.771463965877,0.20888112519514013,10.458730729362005,279.69951950944085,202.72696250534113,89.66945209327974,1.355529754005442,97.58174052776494,137.56136473398314,17.88733004669526,0.20733448422695985
1165.738600387938,26.888977957598208,1.4137364594419335,22683.90845814391,0.32148954065273033,10.487476953993212,155.65294020999553,203.20005209149198,96.7889995208975,1.4185135504152873,132.18387454131735,138.08723919851138,18.626383604833386,0.21671901287718073
1101.6074139373168,25.366973979881628,2.608108867552963,22310.622118818672,0.5684277945198326,8.6349605767669,152.98205283096158,195.77915638281434,98.58442076540054,1.6871985291285723,126.42979677700694,114.04735819837308,17.236583737699547,0.18554045419050114
830.8872507499937,27.4131867087545,3.915756800420629,24376.37329029793,0.32837417532777613,11.005663617816355,175.8806001197136,192.81486726782308,50.682024189898826,0.8982316917602964,115.95691519523771,89.9487908075987,9.744223298934479,0.13496805030782447
967.1878785419668,32.423738786558275,4.119283536040273,29192.803409868917,0.30090113354206816,7.739646653546229,200.33288700909415,193.13268362381038,58.592799453456976,1.326471400812036,141.63463620476622,90.64485385959587,10.802889036305027,0.13764544382428498
1344.9595315799922,25.02812071056309,1.4728744891643544,23696.571626437195,0.4136881639724989,11.220852503493589,235.9098247041351,202.78781771806004,103.12023103127761,1.47316833034139,145.66777896685903,150.54599789076764,23.04905759740057,0.25565062338388467
943.7371344001834,22.60642389703616,1.0001228753815297,23103.25900167928,0.5295206999682152,6.681590164768817,247.48809475195768,207.45746571534252,84.4631752946448,1.7462955918354275,117.98582311779911,99.33778673458357,18.71998915406291,0.16909949726127682
886.9369232547339,30.68021030496171,3.84854818352242,15754.843994019959,0.24125870435134444,6.961514848933997,177.60552178757936,198.18992556691103,113.72219757270204,2.3276750583343473,95.82499554831874,161.9228357111597,25.235998490785303,0.2720126915921749
1093.6716561665378,32.389673190621224,2.4263847039448225,15943.61214027036,0.5772082838582944,5.371844369393008,284.67831582316614,193.39040320658924,124.39828158161417,3.7573567660446843,103.63330117000227,159.7723839300545,20.087138527396398,0.27585989178994325
1391.3902724663603,21.509562177853,2.017925326473041,17810.201869901834,0.5180291524724656,10.56907285579598,269.227612339307,205.1320499658771,134.9103783919555,2.285581277571911,126.98685634301039,184.47308521307914,22.710962019232827,0.3024599900839292
945.2331629069002,23.59811169133917,1.0515898791581018,15487.061575376225,0.27250010222062077,7.919386653628939,208.89281976823204,206.64978948838896,112.70463205285178,2.312873163564796,100.05300301931598,170.29135999247475,20.2582604997358,0.287894788235456
1203.2813284435272,22.12957984641491,3.1611976270459987,26150.293433550185,0.48480318447926507,6.603816297379794,152.7319766870584,207.61164886241932,97.82155212093951,2.1154022190762367,142.03941385703973,106.12671768792899,16.584636468468442,0.1703811085772025
1256.9717691972305,25.2191211737325,4.404602941703927,25849.95455990945,0.35398348905502286,6.622531943316058,165.52958307065813,202.13662857827467,99.68244728269816,2.229562836605731,149.59590673807133,134.40592905792866,13.10962092253482,0.2265528819181301
942.5825263954398,26.75526468358119,4.830526585090352,17040.843516474644,0.3609178712305275,11.309799588604633,228.3389551021679,207.2145711877617,95.15136232206808,1.47002718002561,101.8146039815111,131.14563899886454,16.92615697243561,0.2183791534326318
1236.9298091671158,31.232395054449597,3.262979802453157,27541.183511929215,0.5133160369755465,10.837416203227258,180.79487023313678,190.30829916896815,76.90987748200116,1.2395094786040874,147.0226975523393,106.39619341272743,17.478684249900514,0.18743735836897463
1020.6698796315519,29.767213773225112,3.0578453109595767,17321.79052269168,0.5851139231922928,8.874716197500284,225.36392122959415,192.14471603539047,107.41479113442338,2.0440885558722384,103.95322773378692,139.09776620366245,21.685882248504683,0.24856644466223368
1179.3834983561478,29.313928512176467,1.3402255419569644,19517.63380496038,0.2506623491388776,9.312775602910047,275.636520902071,191.85152134104197,113.55406219100557,1.9538696698488998,124.7342616808939,162.3109948054407,21.051015258568686,0.2637037868764677
1180.117826456537,25.285624199144817,3.195491206170399,18734.653487420474,0.36825209475152776,8.320278993852037,259.4474855758567,204.25209368509465,118.8187659677845,2.341195099788588,123.50545545183682,166.45604677235045,21.95527413686952,0.2844824106532829
1121.4648104448552,32.621713296271395,2.5199163158615785,20584.606478595717,0.3923766432337214,7.741665800151662,196.23517662747884,191.39163567087158,109.0413109535138,2.1422441224824307,122.41805803546957,136.7314110567777,20.796301174437126,0.19981787847627536
854.1738620326449,27.069307510972468,3.4285411235343077,18819.956488349428,0.35052472678199903,11.40833816852832,218.76449825175047,199.92728744932614,81.99608803739373,1.1626214756510287,101.90000952287633,117.93850625951914,17.86530505424143,0.20405680323955616
1301.181497353543,34.686574070227316,2.554905391506187,22334.26389657678,0.34527564948649003,5.879288924642115,272.8062396897301,199.4541379727258,125.88675723427512,2.947922728812517,142.71764019963044,158.97498232504452,21.72266462926605,0.2606828641584839
992.4680389830415,29.512132074436053,1.961196493801467,21111.11822032028,0.22090746702463862,7.929127528013596,322.1710056086897,196.21407047116483,97.30549303319306,1.7423203657950783,120.58435963750046,134.81114311313266,18.100598848267182,0.21722894383777086
911.9111062399126,21.89397112346754,1.379861100913506,29798.5423616899,0.4742154482250493,7.411933355915128,300.6426877477754,207.408103398842,49.90297433674666,1.2995234840233385,140.3224737680957,64.53683487959708,8.023165280267452,0.11421153200329923
824.4650849328583,30.14266343113151,2.259673778355583,15838.895251923384,0.37448576684801815,8.487055041758039,260.68000536668296,193.40866403759992,96.84629993795298,1.8197211627203005,93.88539435714918,130.49900427845762,15.52492545456242,0.21241129437173428
1154.535765912945,24.876560231475484,1.3865793371510091,17132.720645810274,0.2779175210575707,8.203423121816225,222.45859966329724,197.04925568798478,125.28573350794669,2.424453661114553,114.72721989961825,190.55234384345633,24.827558692068614,0.3120375861720113
1206.5386171053694,30.29490795029146,1.7075878032959357,15792.388408629038,0.5264134009208273,8.63222672155757,223.01025550836107,205.48343000045858,129.74275115010096,2.67115580740381,113.85318294719708,182.3759607648518,24.377641872778693,0.31615242890357725
809.9526973567137,21.044617222436088,4.949344634318184,24387.617924735634,0.5210242992606511,5.9794328405889585,325.8834620528792,190.6084462878657,66.54497161263649,1.6614352820907958,116.99525771084913,87.33140283368155,9.78882172372813,0.14376925661797058
1107.2558349795686,22.62322155763939,2.7764142276264745,15817.639161205794,0.3945566512355575,8.59199051059294,157.84871520810927,203.45900800492737,122.77297420974465,2.4589117659935846,111.03554407850497,188.2263185474395,26.17210529585019,0.29605935731608957
935.8974651187627,32.836058883586794,3.127487066020066,27546.596060641852,0.3193802644591042,6.696931697210476,347.5965288840522,206.3279545272314,63.01422565559141,1.6164593758581014,135.97912408931813,89.64744512564454,13.179575019750656,0.16877040002003332
1187.10367424567,23.407693355352723,4.494474114948861,22679.079460228917,0.45523709031858095,6.290319442917339,282.87508217031245,208.64535677676335,110.14937855943502,2.542039781856374,134.36994847046657,141.88960414209907,21.554558017812884,0.2435224462017591
904.6198574029949,32.5556168786441,4.982275601962751,22905.114368723007,0.31526085431096124,5.4538395315033386,286.22753981447806,207.5259328098297,87.67193087731654,2.1738143419358096,117.6582996483332,106.58235912137803,14.00420248896683,0.2008340718545598
1214.5626428614796,24.189141326816156,3.330857797378726,23423.917615682913,0.2944031721294848,10.338567911292987,157.59956746094844,196.3876823366737,101.71681145895612,1.4341795221276803,137.05469966809608,136.68675820109732,15.105134216574982,0.2280082316287118
1032.0412077803226,29.643228650880616,4.249895284176686,17562.20559459316,0.49220586161053065,7.99209344599592,271.10585497825446,201.72728282645906,108.81497027387927,2.1808656207515025,106.52156668864595,138.60038892992029,20.727890995595263,0.2164732956822611
1362.0379932420406,30.412258602647466,2.307764097346701,17965.354546717313,0.21613009588838028,9.386505783182308,246.9556120180894,191.54586986300933,133.02468920203452,2.4586489282033908,129.04681379348312,205.10607749514114,25.722235906514626,0.3386994522423144
882.5125664875959,27.689821297175794,2.2229758297891644,19782.25984309507,0.2379073884138376,10.093153403133204,171.1557813788134,195.15740007096016,84.18414506590693,1.2674352855690556,111.41451332317682,133.80991635075628,15.658188646841653,0.20354974672299944
1004.6398106301551,24.57966015045097,2.610814883978241,23902.44623732777,0.20271526960943592,9.755216657194875,205.58440215387182,191.88444757495014,80.88805287427428,1.3996134474192592,128.37841238681568,128.84001908615684,14.264139607547605,0.20733048112782454
868.0841127443534,23.189665645566443,3.6900290506945965,18151.766639103218,0.2611772745901705,8.293505033627776,328.06289124273025,196.30374580307927,97.64515291419299,1.7306409512932068,105.20534902124822,127.97347985066851,17.498845565014612,0.20850948525285729
1354.8161709671376,20.497840318436392,3.728766757020395,16744.97590699892,0.2275960034841838,7.715289702662108,259.9976831731906,207.50374426917458,141.04494194783652,3.148486919691271,125.64695877231907,228.30555207640947,32.702694116040625,0.35776655926519635
1326.4036120285887,24.559196018610855,2.2609577385978032,29551.75329627648,0.5983209471119675,7.631719367484646,232.68331503478174,196.94333679348586,86.43127340362057,1.73104440759254,161.42991224586967,101.13898409573477,13.994721557237396,0.16089081532390972
954.7649766290933,29.797441857969247,1.5328396965465148,15329.727222144344,0.31552398798163583,9.480341578510394,164.53643116816218,201.23796206002854,111.39946016025704,1.9957129824992654,97.55245912809545,163.05809833021,19.776998590903496,0.28659615032189867
1195.9904276205075,34.07457227672724,3.5295850258620343,27040.461080040324,0.2597072050676989,8.463560484593113,292.82430548046113,198.6676169622988,86.90800495470648,1.509867793256665,146.41646200471757,114.38058649954436,17.406954118400126,0.18905333173029484
1290.3333201207295,33.06806723394578,1.513303448755058,26820.52724362533,0.2963985031983672,10.943925735919574,290.5701646792065,199.1783304859747,90.31202659408879,1.427056108126663,156.68983949446377,130.0844125822823,17.977339693652258,0.20764121860806056
1133.1204869596775,31.49097164802954,3.3139700329173203,19458.21170767644,0.5744502286160538,11.122913890286984,272.8087213945127,209.39144103673118,97.40914122503364,1.6365046485863088,119.95973425005072,131.21829089993173,14.051591834620815,0.23132138503516997
1117.7903470136039,31.826710148799478,3.773688512225236,17034.399240109702,0.40806408920975823,6.193922646045629,252.05252924412986,195.92308936527715,123.53176574879231,3.227471810284064,112.47324204337053,165.19744255290558,24.423029303642405,0.2761085288315073
945.1113745402711,29.97477355213993,3.8024459855778066,17184.42970058135,0.3459272385231428,5.9536355608200795,236.75688044147455,202.54648939046342,110.31759390298194,2.7017998146434077,103.1389387665831,146.66701522378375,24.815704267144458,0.2461043173624185
855.8616606835395,23.904302863490045,4.013888442638387,25461.474258557886,0.5493565831636877,9.412806482251996,268.65421859759846,198.40125339158894,53.82402533985625,1.0815979102223754,120.37479370686894,85.16665225221733,5.9181823525078405,0.14847398604177825
1338.329454771996,33.607925460587445,4.491437686262659,24642.098866292603,0.357996108219613,7.108580236435956,196.67909034568135,191.22292362095374,115.4464475264181,2.3525024105854593,149.2453794177382,141.16992599558517,18.057897833716016,0.23127255511306885
1340.2508342979982,30.06098467858751,2.9998359678591537,26741.1851137708,0.3340034279830783,5.129995031355692,338.25181283552956,199.7866166324847,109.38292534750188,2.960614288816288,154.04400207110317,134.45008127117524,13.809586352190959,0.22381605740140073
1179.8608743639606,28.406609464706598,3.9209967581182847,29062.217585986567,0.28291300901989425,11.220498685540687,267.7589058360459,206.26686658090216,67.91012209064647,1.035347849410933,152.91050554492907,115.17016381648514,14.495814031088859,0.1605711600652299
1003.4178746292205,21.664842038202217,3.476690941463347,25378.910448998882,0.3511187295637646,6.588305370706658,212.2384888708753,191.97505937363377,87.30846221775764,1.7678430357322579,134.9964585453708,107.07886092415188,17.53175832457547,0.1689317386097228
1009.5257447675965,26.705833157096382,1.7465597591907303,17337.77304827165,0.3266737424067704,11.504964561800664,239.93597017703144,191.39183694792618,103.34007633793179,1.4957118017854756,113.02907118002521,152.82019281303926,20.703823031670243,0.2347271297775175
1235.5734073221436,26.905374068028895,1.1027585794776327,18651.63925148116,0.4709215837192564,10.022041156147775,311.1369577753785,193.07263040786535,111.52595442826222,1.9528002751110647,126.15083544844461,162.55138339157622,24.710178421812415,0.2649407447931611
1338.2661559715461,32.96845414284005,2.138165542707735,27632.905963096717,0.31583308186829084,10.33857442938039,182.3232121460595,205.2880022277861,90.28564038998768,1.4817631644927491,159.4136388998838,133.24086604550556,19.543221095499725,0.20857434805590808
1332.2518545590704,28.199723302816828,2.7721348253504776,18139.59113751313,0.43087989856902453,6.410230470552123,208.56712449205207,204.47990768289475,140.22340189239506,3.3411623774855714,127.21518814214437,178.74724298150292,28.92194623691619,0.3231126783556821
1267.9253275145743,25.706008234556144,3.468423777714625,16087.83475431722,0.2263568660127891,6.63936097931769,285.9016045473111,201.30035537812222,146.28798540252845,3.593952405160413,119.34729913584034,229.9745971440516,32.421428139940595,0.37032513046533344
1185.2189876925727,34.65200492765989,4.3998373220128215,25549.200810633756,0.2765156626786057,8.64887427676846,213.09784129644478,199.36452808185265,88.52449096870835,1.5444845217169407,142.14844193241615,135.08093525908035,17.08254796100409,0.23207271497436396
850.4839789970293,21.660808899894736,1.7849828668246626,21037.89533235213,0.3629621086445395,6.204698968549035,308.5003363722932,207.76651629405245,89.99433418025319,1.906566641200819,107.59175778983654,102.27307858376051,15.514845933590776,0.17467281383892444
896.9772284567682,26.33822642467917,1.5021991595939084,28800.600788188553,0.5747797015634781,7.138021848781226,176.09069743547218,205.33395647666964,55.09156108828656,1.2084639185561052,135.90106863137112,71.98854374026787,8.42905455532241,0.12813519515308675
1339.1325131162475,20.63037012757108,4.85391978989731,24753.826066404923,0.3509007942862782,7.250237345634631,302.53723409092174,206.2388450260361,114.18359888833415,2.2110119792330027,152.95848166466064,145.95214467161884,20.349547147060143,0.24849853274711697
1163.857435795754,31.098561811503956,1.4321782375056284,16356.284666874912,0.46562964847993366,6.117409532769349,163.67034297011324,206.2652460270131,135.72739445834785,3.5650817523931417,113.40841220104176,171.96082751054993,24.73872110154806,0.2714097034866321
805.5182309699778,33.771148282987255,2.9139642804287567,29217.848508804913,0.30203488896855923,6.436279833766125,152.51852253349895,202.85434309491117,51.63257944912154,1.2982718370197104,129.53288969725938,77.30704624652525,10.145355408581034,0.12882776095021942
860.8829257196193,24.200559943257343,3.3422549151732075,18878.35895460369,0.2508134303892927,10.519862894057795,329.64470376643243,199.16029248631892,86.7359128441473,1.2405240499622527,106.31196280457091,128.4413417545859,19.898687420505876,0.20244497175916304
1198.1010614648335,32.875125151986815,3.165497683629753,20058.187356094288,0.22341464003202005,6.170370981830878,266.26784338645973,207.293555051713,129.28997817679155,2.954958596126553,128.23217209867136,162.4487368622741,22.67876107811159,0.261892910307764
803.0369503077312,24.383273456928467,1.3441286281317728,21033.90620525313,0.32216539941710054,5.199201742907458,220.3653794173623,208.520148352065,89.40044623180204,2.26449259546334,102.14543576567853,104.78656926562797,13.670788412679686,0.18442104022523406
896.4848308504992,33.66155242465873,1.2281076560144775,15768.3644460647,0.2630644107187632,9.40548459840257,196.51892739277008,190.47612086516685,101.60791260596856,1.818613861470963,97.72241830324512,152.50034511451554,18.589438547832355,0.26410205944525766
1129.2402736199517,31.30942855395176,1.4219337098441427,22447.731333459073,0.2696041792064497,11.83188183574715,273.3771566521632,191.03109746532502,92.85255573660467,1.37724001531884,129.36972164780948,143.9729948042191,20.256244586510963,0.20300185592067638
1215.137118615616,32.073601652621576,3.34235073549045,16849.777366129383,0.50430372335478,7.31849670236185,251.80043670734764,209.17486593816875,127.92886304183098,2.9972556142745757,114.27689650682333,169.22555440442713,20.96607657952265,0.27846619099096925
1191.1767557015603,20.270098334006818,3.1773795505372844,21014.554900325275,0.2063352283779497,5.8305899223737665,348.31955510599704,195.5432122768839,123.04167773000987,2.9506513655183326,130.91842563026418,161.86724685322594,22.39034162635703,0.25984972229388603
934.5615856763359,34.44215535611039,1.934963168146977,20260.646819881265,0.42312405029417377,8.992711277572715,346.64319733074916,207.46738879298837,89.05718111380298,1.498641859874736,109.51212889992652,123.23972748607036,19.638753178900714,0.20056378809022984
1227.3075328085215,30.90006488105485,3.5510965673823662,26592.60125139755,0.3517845522373859,11.344479477669523,277.0049132283219,197.77590237922806,78.86774153205248,1.2518459679233118,148.07097380093518,124.19198634689363,16.82997512179735,0.19555022636807362
942.34945249808,24.571266430792,4.2802700082225975,27047.557674490967,0.4026199999634189,10.488432458799352,238.5741012211781,192.38200115218712,56.73798581726379,1.0073792435696747,131.479679073872,83.6481663625454,11.081681396147227,0.1294892698519431
995.2398188955606,32.4409199728827,1.166315839386375,17301.19323583632,0.42513209488584114,9.357611078889011,248.22819382693243,191.60886400418667,104.58710669361251,1.870191164447857,101.48936923225972,139.87461016917413,19.48511654174607,0.23540889518153035
1247.8948430708144,24.22281797622395,2.9925197741921696,20498.267810688394,0.3253470777829113,7.205395476253196,286.4958132473724,193.13015798160913,120.88546607621943,2.500457262936492,134.52884382733606,160.12288832976978,20.42153916802479,0.2815507181345906
1189.7797394283289,33.09130759349192,3.757241648410761,20600.297415477475,0.3180435440737141,8.79316121293354,170.31490884707628,194.9978638973473,112.88276219353705,1.9768725421287807,126.45027000512908,157.40070175854348,19.90840769529736,0.28248296457668143
1309.5340462965069,21.688705856179055,2.0092477082787483,17271.156659041277,0.4933607397339623,5.638713889129788,215.67041476214365,199.77036707861652,144.4077743994551,3.9931631720015877,121.08030488864388,184.5697989423816,25.92784252151778,0.3093900396489024
1194.5677353802062,30.555289661911935,2.2310836211725964,26976.802575767855,0.5485107952484629,9.752617969964689,165.05444820072077,204.02995801131567,79.28403687359152,1.254779012823385,143.7197034178084,98.62260162246537,14.77507713990314,0.1422729370437512
1140.985162001283,28.110477149673656,3.4545516119575352,25608.42492503135,0.2770326529834112,10.075672132283556,164.6721519033839,209.727971529706,85.16109385359596,1.37652855882738,140.91222500568128,116.99104144217348,18.06847084726578,0.19484381209231744
856.2048606968555,21.44801705293161,4.591741173774947,17855.72679445552,0.2390475042140596,11.755221360369433,189.16784837884674,198.8301348657834,89.73918835517335,1.148624619401419,104.27171909563066,136.51178403274525,18.28519902537636,0.23235876959636412
1020.62948183566,23.628407423882585,4.239697681211597,20500.828628906987,0.5591183225568104,6.822781511215501,247.05065091864537,200.3636988468622,99.62221761447444,2.1944133723663524,114.89232686261822,113.86509022513445,19.78453297867721,0.2008786687317725
959.1214206090353,20.186060544159723,3.332520876398334,16587.075372847714,0.33995818545895945,5.129194933301158,306.95486423255784,200.4363140276651,118.38835072336306,3.3986673880694984,103.34206954141993,164.36895069270622,25.830980143704597,0.2966035703150574
946.3937860274501,27.031519481967585,3.920886871028997,24423.09895639566,0.42052695626512565,8.819259250990054,247.0991782331745,200.7886871097587,69.74048989969111,1.334464257091051,124.29409206202367,98.11021262992621,15.018590627333793,0.15825509480977865
1383.8063328514672,24.518978911400005,2.4592898808311947,16820.578868229295,0.3438172578080014,9.9475335307777,217.09532211217396,200.35481314208926,142.5543867693883,2.4669229111933135,128.79578087365343,227.07433620479426,32.020260654046375,0.35918498902139323
1035.8586348000563,28.975362264466384,3.563862112395031,29789.012529373766,0.2503209345384205,10.532852331180916,166.47059806735163,190.17549510123837,58.45670117837466,1.0039811235531249,148.3832006642224,91.49512451651617,10.014719012815078,0.1484368570843186
1335.227933106268,24.458567115629258,2.864726364510228,26710.231120317934,0.4357326579790912,6.356172531173675,260.05910463662593,190.03449644219683,109.39763704629377,2.3829579467388182,149.84291119250565,117.24874635740048,15.833312802919416,0.19639716712982
1178.6831755983576,24.49878667260477,1.7597445458302436,20853.578243759926,0.41005634070785185,6.832270083259166,204.25371729663536,191.95332636252246,114.10987139478786,2.518582226863741,126.6310431868844,138.1861087690997,21.219625165691333,0.23909592563569038
1276.8867821249892,31.14789798097405,3.8069530955090287,23678.458984190314,0.2811974236764789,8.588136476871075,272.98683558342947,192.0311320685836,103.36881704994298,1.9704134297547684,145.7551447460654,154.24694113276254,17.926841030882347,0.2607722237767264
1101.5822558631153,20.722142539675303,3.225858549395288,28670.127243246134,0.38074761786091116,7.314205669790013,345.43754782648364,204.09793817909593,69.80396208162279,1.5876559455917845,154.278764835225,108.32605523088927,13.669657696969098,0.1888464789479706
1146.1423307758155,33.54342492787981,2.4344863278143656,23311.489205937392,0.5187790016062583,11.023580406112115,172.26286429551004,194.09832065032,88.66757398689151,1.3412363365185858,128.51270457518825,112.61122261681604,17.644687538956084,0.18743512399845383
1095.5106162913185,32.78395811586772,4.645356760314523,17617.47729596933,0.4361704412431565,8.316321076171041,192.42507974438797,207.89428209511226,112.74309343587063,2.1978371077596024,112.88667216738845,153.28738108583778,24.10918381110709,0.25436766597310567
917.1457926788266,30.017070248396095,1.083736471306933,20680.55033371739,0.23876693082679795,10.59705050871402,244.61890761987496,208.57212659154038,84.56473311687832,1.2772852317529333,112.34680144373112,119.12720485633066,15.786923737280588,0.19940792649453382
1233.4712691569032,28.898323551610765,2.263092604997984,27647.17297544618,0.419208598891654,9.064338323376475,343.72276306918593,209.51786675791797,85.18923330788112,1.5099711677266257,154.7569699001716,103.78434144828213,13.817997389877682,0.15114630477316224
968.4634174645134,33.384537472094785,1.2275255911105862,24663.195239844266,0.48109531971583475,10.411630991319784,304.3619552539991,208.7816260977404,67.15160824107132,1.121837446010518,122.1733954500831,99.02193953491329,13.934807065101934,0.16185699128581452
814.5895798588723,22.779952692930717,4.066109264886508,24760.865765007005,0.5170813623123005,7.328710905712267,329.645838632566,195.4377664383705,61.65275530712301,1.3739176905071617,116.65163063250061,79.17182741466614,9.118879730695353,0.13302169859877536
1187.2833775443007,21.184537432862427,3.8084298164551704,28002.32228532734,0.4516470314537067,10.819916353512179,216.7429696951586,200.19553689407024,70.75735663293133,1.1609690791924585,145.6548418378261,105.09137052175754,13.721340875788256,0.17137755053427645
906.2664076442294,23.592652548643073,2.325408874945268,28409.59586193757,0.2610632658163135,6.922006208857151,348.4076947557189,193.50909940393882,61.890976230633626,1.416097246038489,135.0516897211001,81.75507757303934,11.475684207741274,0.1359173533574016
1364.2751506117486,31.918674180502855,3.702651608828292,28796.888576691545,0.48406930663606423,8.822691656023036,170.56656321283148,206.12419310344865,89.69426784911761,1.656559695929205,160.91750850573897,123.10922965702898,16.968311815150138,0.20554799637945168
1372.3571462015525,20.52005400089725,2.5837489047837994,16422.737898797342,0.4709367384326065,6.498049792217119,160.59458120922017,207.76863410288192,147.79153785726973,3.9029099216897425,126.68497475547531,201.92375789909983,28.15423060814533,0.33616870685020694
1348.918634132269,28.742102526252346,4.025015165689737,23161.890029446513,0.2097707531762533,8.328685651383353,321.1205254108056,207.0257767859503,118.60269780231556,2.1036558033891453,145.1198931863148,169.48516388368517,21.377999223735777,0.2865595381539555
1022.0952201532666,34.93156274286965,2.8167346509468243,26107.642818274777,0.3646990670360973,7.227226466560922,335.4529740413973,198.6673389739367,77.90225799059402,1.573076131225797,135.50492175617362,95.16053963651629,12.391037824931992,0.16320806854116715
809.2739699173204,32.835441407563096,2.649118911326662,26353.902676905207,0.3331800987849493,6.8669240144604995,168.11707150922035,205.1734776937356,62.92119293537878,1.3109629448506794,122.6580001907565,80.94273354417554,10.014881596299103,0.1360305883436087
1356.9911375526353,27.821685335653843,4.738919661953204,24100.74302955006,0.46776482570145733,11.768895126196263,172.6854853491683,191.9515833915254,100.67487588130494,1.4650230204361834,147.2508117288584,139.4927527265508,15.973221610238346,0.21691419358782682
1056.9104889903886,20.954613639299634,2.003516399562801,17501.810027755113,0.2864543249243683,6.120518738407114,156.63483155115478,190.804895412385,124.0951681941761,3.0824171300113608,113.5399099781934,167.201282197531,23.987376675028777,0.28977926344848914
1379.9928914262018,32.470602715785645,1.4817893599862617,26961.308309124965,0.4363487691897034,10.511280862201767,170.90151252854483,205.0647282861752,100.70687387543836,1.4438000887508817,154.57315348909088,128.8280126671046,20.152105826787448,0.2097466168731106
1378.1719862535517,28.984677622658158,3.3381724530378327,25801.670002724186,0.5652823847256689,11.889154716382505,191.88396336005619,198.50710548657366,96.42052086143045,1.3705932043780609,153.23728335879784,125.08716417549756,19.313234968661313,0.1937818443716578
1311.8056732804162,21.723994955893502,4.877287249136716,16292.036573235544,0.5191209488834431,5.1393103861805445,344.0153237820002,209.91098529479137,148.6974197712903,4.672334574736971,118.65982617710111,185.12777383444833,26.18102176753758,0.3238483910749098
976.6693352417515,21.407859272350343,2.5113568549087466,21957.147370115643,0.5685830944866122,9.893191898294665,283.5720444479361,191.94508431711066,80.0009097351294,1.3001292883792723,118.13460271750648,102.85954978353463,13.006826282565347,0.17358144375150708
1031.0586371611553,33.644402291548886,1.248147054515126,17609.660992827055,0.591402386773076,6.770382638894009,305.7106051037084,207.11255363070467,112.81351384820239,2.5606049608945596,106.4905806756301,132.5278748296877,21.115940378956587,0.22991359724167543
1310.682002910114,30.03800394407118,2.35722106923827,20062.15568569458,0.20426805080246513,5.283414770298132,305.2278807383044,199.59966131057985,138.04523440797698,3.605469616604251,135.34430970661947,188.8656933599751,27.43072026618527,0.3242233258840867
990.1532030937666,32.439301989751335,3.0237266172782338,15271.216383085282,0.449096510550991,7.820227052696415,257.01474995584294,206.54300391007754,118.54002091486039,2.5549860034279206,97.30634173843532,161.25338204852798,22.81831352194366,0.268355247024482
901.6956480116555,33.18468350423401,1.6476920265288548,21004.94802616137,0.36513575910356255,11.546524671196124,309.4977955426034,206.3425456434029,77.03284443661292,1.0038361874766255,113.28613656134067,105.92366666593638,18.12514339305049,0.1791820572066898
1134.0807574750102,28.576585280724835,3.632408872225968,23248.153817343155,0.5439417961340487,5.082355660568984,269.16150647799395,208.31984002724155,101.86922861664921,2.866272981298161,132.15208332948123,107.05702087555291,16.661248916642045,0.2016262261644271
1361.6928644964687,27.761695276325618,4.990997556040803,24293.7388924063,0.3007258808036527,9.11519984350847,212.9092195206715,195.95700022572206,114.7048377287669,1.7858535590083973,149.00619725323187,141.32278519046966,19.968429865689146,0.23721593953254386
1217.6178780049838,26.45641115481485,2.8069579039257753,24952.35517693065,0.5924117956460304,8.50977535016727,262.2220217536801,208.99598706924007,92.67306636723623,1.6760748201211282,136.7619481448377,113.98700992800137,15.733171441469809,0.18186675034465627
1142.036702053619,24.75419881686679,2.4189142269208506,27544.3696965369,0.4454831878174989,11.113689150597333,256.7017172269027,193.0333392071524,70.03669716769916,1.1880326536123258,145.8614854814558,107.26297099031684,11.062218039679667,0.16219416584869334
858.3058962624611,26.518939412880677,2.6028166673378665,18231.94360913595,0.5174149608915324,5.58801200164438,314.69061075186414,191.63937555186982,95.77882352311697,2.5374479398801335,95.53589830571514,115.89089025539117,18.256257030565237,0.19377141711217216
1169.0043360195018,31.608194835952347,1.4605847135808046,16807.22733657702,0.23423982112910735,9.770682209206552,346.3454434763318,198.63231034744697,124.48269438886899,2.087312991137561,114.43731997879861,198.0381097557796,25.590693597256333,0.3374668620248123
1394.0323100625578,29.02885146522697,4.533094405704896,27773.057578468884,0.273383153903546,9.760767889032941,232.2085130841861,206.56645937283685,102.61009869282385,1.5132416735506415,160.73496347955114,127.9988437920378,19.468577881502526,0.20994764156183665
884.0504091419144,33.38784934932269,2.659302622085408,17349.19222338975,0.5033614692136812,9.683560118035983,302.67813568827194,199.46842261266892,93.71667820761085,1.54036909891505,96.70927821440141,116.88747431329865,20.532088205855242,0.21199932073436234
1110.997791418242,26.650700215687817,2.5490976456993653,29621.401220042928,0.20879460881572945,11.596341464545258,169.9526008076267,206.58573355061029,63.59946116989658,0.968126794274511,149.71948823455648,108.34329095994936,12.973916630578442,0.17099422094679478
1326.4238431567733,29.10634368078131,3.6387610917218973,27638.073440979555,0.5267511943575132,10.761612703048163,305.3662738896577,204.59373611588612,87.80492104607173,1.3465285531433249,150.72078317821922,113.80572664067309,11.452834381356485,0.18158573878751366
1244.4611706525227,29.46961329637983,2.768133683724494,22513.149088343987,0.2055796074767646,5.293809083704542,224.28338239864644,194.18856772277866,125.77097997926984,3.227329252573113,136.8525350033576,157.59077377998494,23.631081039761927,0.2679188878292678
1218.2094445971607,28.875457434594885,3.592933875231384,29721.32137383038,0.4628475356245093,8.297579954931592,157.87803257793735,208.97763249798928,76.15397506762541,1.386101201233621,156.59876665609835,102.65160607048394,14.638165270834097,0.1669166803175291
1221.4904503922655,30.539506596282745,1.24578516052315,16460.650936620063,0.34603756809272235,7.785671393409334,222.64923571243543,191.21562337258806,130.46751123615059,2.8576155535881127,114.93772816775176,196.43438715314497,24.687244119201004,0.31549122714692135
1015.6946907318531,23.561502025622094,4.25489337488891,19545.986417626526,0.44459794108767964,7.171030547635614,272.12855018432896,207.9655941508759,106.72691558723595,2.1581501939194427,112.23013222456723,129.92461041574683,19.726654751481615,0.20497993488114788
976.155106558696,27.68545666318686,4.76201581151761,24573.36622560917,0.4784125627956455,8.159357076078681,173.85003353629332,196.08886897980747,73.92483744760484,1.5078877293764124,129.00661355314574,93.51460445498317,14.967347992415792,0.1603641502480475
1285.616693287108,21.563372042125216,3.595061544637544,20250.10302709768,0.33699008767452165,7.689359294481842,334.80689848605095,200.00296166328798,122.82619628048133,2.4946802193996693,132.73411110334752,173.8370614965782,21.83984080174167,0.29625140161483765
1286.0680368075084,25.76766991467219,4.8182637154352435,28925.588279711876,0.24318497924433424,8.026337299150658,165.5344826545677,198.4470374540147,85.71246544548593,1.6913442753754486,160.9781343383803,122.82247075883802,16.080131173539154,0.22559696189867554
1320.243391148062,27.315006029318965,1.6057292574798532,15984.391322667263,0.22785834709930627,11.854833059260496,336.00134396663327,193.43669113833832,136.47652295238186,2.1074344211907965,121.85782219389282,227.54105157786444,32.07491342211756,0.3580487925117944
1347.9443315338826,29.783363893182088,2.9096647579214148,23241.17748091447,0.4355744090250191,5.620430823247065,291.42750358713727,197.16293732803388,117.91314139049331,3.049147562702435,148.39352590680133,141.31896502070646,19.29532413043725,0.23894336828944326
1106.8054393165626,34.25796578879305,3.407226935781789,23862.99401092672,0.4082621414936446,11.455616088871109,215.94243508284072,193.8586887258559,79.37764597522232,1.2752076868193287,130.79078729109239,116.38159726136689,15.794078969754707,0.17961217981573346
1100.9097768123197,29.00976599822534,3.3269465896847468,24790.921856658362,0.496880403648453,8.361656994297187,228.15006954181865,194.07772950921049,86.66032381415988,1.6331900350218238,132.51793675508443,111.77033828054785,10.62563063548885,0.1952446820647757
1278.977107380065,31.153908742648397,2.605847116356173,18834.993349977216,0.40389420400157483,9.366195718496789,298.16187294654884,193.7411367205276,125.75725878600022,2.220756780671912,129.81931078864665,173.20058417321184,20.952936434574376,0.2901583186144995
1189.978358466659,27.593990892428042,2.3523376374650455,20468.496412797966,0.36897831601235165,10.811280766323858,270.2942201762415,199.78034760693188,103.45554554693415,1.6764360041724107,126.9060475165009,150.78576739646348,20.65434003013741,0.23417366531767408
1221.180126354622,29.51156047064497,1.5072960902016752,27655.207944974667,0.35923487129449233,7.523241204044789,284.32858429098906,205.95862735022632,89.12849857301588,1.7817204018072723,150.94368591213436,109.67957283904865,18.360621332136365,0.17331458240691625
1277.4756016616607,21.0639832420066,2.5669698022491128,17924.141534552396,0.210578761039067,8.012953356615768,227.832923302696,201.37940067522482,132.4080191414928,2.742400207589905,126.69890264619256,207.98221530260247,24.50715939152562,0.34892247261576176
1334.0032050905397,23.815873712627706,1.6506432604219405,27403.017707600433,0.33422288067866285,7.866629361950998,247.56269636151978,207.86413177101684,98.51868156488706,1.8753652817815525,156.68623746193927,126.48665124054686,18.149554748555705,0.21231559119071988
1002.7970941109215,25.42779639807708,3.9374627059688736,23439.831343541136,0.5904080630097976,7.623117157750319,347.97349680757867,202.7308897715345,82.6135461428302,1.6726793538588272,122.37220275378793,95.9875650802114,13.536653079735895,0.1682920282890168
1025.3497715839665,27.087400325097704,1.83532374197836,26432.812667911232,0.5494222304908355,11.478705251528265,192.78457409994354,203.7868023126521,59.62072837012117,1.013480833173199,133.68397721980534,97.43141517675906,14.470347593735404,0.14745424631348145
856.3891639045214,20.684731182535756,1.2342612211381354,25704.110493952074,0.3317512268136871,10.802509238351085,233.5712373044263,203.35214459454005,54.48338540374462,0.9240708044230646,122.23291605149706,91.47403954017676,9.240987384868541,0.1276745187153937
1146.9680845977043,22.100361463299766,3.2094645512689373,18112.672430773186,0.43511816202654885,5.7629999290408325,208.36463751479346,198.9891838636748,120.39095481819447,3.2704420888908547,115.09716902548972,150.41022181161418,22.524249427119663,0.2495701034395281
821.5653642780453,24.152214616869585,3.3809189308776064,23532.191046508095,0.5389186982141976,5.756863467339672,303.02230208796993,203.78677644400165,75.16202272710713,1.9009395256385913,110.5884423452789,72.76822625734626,10.527038544763757,0.13503940194251757
1079.358810879476,34.57299036351576,4.487652245122022,28015.847292076385,0.37650973470002747,7.995086603970938,302.8025251331442,191.39415492937923,75.09364908444712,1.4604547863298178,140.35891648009778,99.75486544028334,14.433957211631387,0.1853474258100721
1125.586780824546,24.970205106545762,3.3079264496707275,21481.74355202894,0.2071831455000604,5.690601637129664,208.48909219947916,207.19702943831325,116.53908436021477,2.7670476292065094,125.69182980602007,144.23850657463592,21.000069379405,0.23973359625874288
971.9247512769707,27.230615871681238,2.381923414893783,29498.86155334975,0.22980418472745603,9.333651666897838,166.27806332659657,205.55624286887834,60.75201868013631,1.0784163759804761,143.9593412602055,96.56143347760927,12.081518024334411,0.17838487279498733
1154.4999563414065,22.941465691075894,4.212047526105282,21783.226501525773,0.4041570885394826,6.0058412508321375,152.2865353344408,194.90459916463357,108.19578591470027,2.796390014390023,130.4345121633197,135.53749918320693,20.454286500371346,0.23956834659362752
818.3001499634297,29.161701066136523,3.1611155727496842,17141.78455001827,0.5877757502703513,8.656612847767608,235.4901066484971,205.36064908508166,86.27933829884167,1.5977731711531988,93.44881698009574,108.69184882664645,15.685000438644972,0.1650851819344134
822.4089132495286,24.210248232739616,1.317121138524767,20841.520201165098,0.4772838168875471,5.050539629026025,232.06751886715418,190.25285202800038,80.26892306022152,2.301663226308606,99.9458555988805,92.60478832784496,13.56428430689193,0.16406415313296382
1293.5603363957948,23.1048886765764,3.2634022412529866,29275.536095858057,0.22836647657542783,7.216174438888527,347.6779757279726,194.3449314496176,102.52370177432186,1.7679160785953956,161.52460114860392,133.9563332980299,18.205569737742653,0.22725340351711742
1016.1143848467577,27.748589426689687,4.632074181686649,19795.812740097812,0.2757443503167451,9.740335065708589,243.96041513953594,191.3027447734179,97.08239552640416,1.5693145256150127,114.01395214516262,155.82198398480264,20.387547140387216,0.22517129224782723
876.2363075911309,20.082586987406312,2.585250501992882,28021.472398005943,0.5085292572867399,8.38827258159494,201.28367391508414,205.6045383323579,54.55615890040312,1.1306291947094893,129.2981316658263,73.22875495186962,10.666880204473962,0.12759393595403315
1113.3459560328827,20.11496048973838,2.1853032075992003,28218.760225228347,0.5365759039824979,11.847886401992916,328.24588820629344,205.11748302356773,57.33643442341095,0.9757501869425581,142.57275244030174,94.14613920387255,10.140321730021437,0.16270392247346555
1261.9961318591666,23.286032136527865,1.5738778280720802,20252.797864979417,0.44707783447543636,11.118726572463476,248.2135899307157,206.27272047603662,113.25988927743718,1.654290381645556,130.95581780184588,155.31264940829922,20.78686061902416,0.25350055917021586
929.4926164981059,20.550820437512318,1.6057820877414293,16248.864870759482,0.4577692678519266,7.513495453302058,269.8351270421156,190.08963386651058,112.5357769147959,2.291152032070823,97.61130640358321,139.85526126656254,18.080911165246327,0.2320772001137378
1173.7342854914002,21.62038631196037,2.7310859373672756,25868.36863738227,0.21133498015335386,5.318405790305922,169.13374208564252,200.02465453356817,101.79985192362814,2.5343085642584033,141.06713454949474,125.691977414782,18.11965550151124,0.21215178593474296
851.2084789962607,25.082909740081273,3.382719296646118,19672.68448520979,0.5314121038326034,10.919384100805132,226.58328146595483,204.09672395034673,71.49898629998803,1.2042721929918612,100.18520889231688,96.24502380153308,12.234856398413633,0.15409703435530003
831.0090327011646,32.038785193697194,1.322461620678407,26743.854213863586,0.5153100832683318,11.3786401722027,338.8447348947574,193.1080225747803,42.956884702839126,0.8749545283164913,122.37402358428895,68.13580112114057,10.428981161880888,0.09919344892720469
1118.8127789408888,28.58072965053951,4.758274356100663,21639.822723906495,0.30361405764133886,10.744391753933257,267.90107683508506,202.9958145502525,89.14811821955578,1.4774391116644146,127.6742449020149,142.35550278731426,19.86574363606298,0.22143240697856587
1124.381072966064,27.690015889346245,4.020534469780784,22279.001135139322,0.4834706879862028,5.8956495864383545,218.90037102849232,191.68220198619372,104.60826940428383,2.6121238906367124,124.23645384818076,119.86003368803135,16.111967120256477,0.20174534898189253
1182.4579408989239,24.402332348121824,3.3464956731346507,26668.64110122805,0.2859418425699992,11.985405940886015,275.1334361263186,193.62651712208626,80.5344970198719,1.164117901412476,143.59135271197735,108.70763315946729,15.134755723550187,0.17583757221558313
1235.654800233597,33.976305791492244,4.313754683755963,20735.449965924417,0.2161320644206052,6.810089550869417,332.08221791562323,199.51593629989202,123.40694928318516,2.6392793463650763,133.21614762062634,172.3094336933917,24.934343796622876,0.27928879642716764
1385.5112476775207,25.955225618557876,1.3207470272484532,21646.91017984372,0.28045461703615093,10.069434389658591,204.79812009451803,203.07130305362205,121.43855739783629,1.8989784872684732,141.0572515325391,175.90399396596632,23.436787468776153,0.27415448339665494
1109.7802089807171,21.306391501936574,2.9073555109324976,20642.857031544332,0.2714515507017198,11.356244134350051,251.0233436941349,192.91738253907792,99.39373161333877,1.3816010712307325,121.10635151994863,155.4188967714644,18.928575221173165,0.2545420644607624
993.7738837647476,29.25599774176702,3.5203725074466536,20510.1077291592,0.3350991986939389,6.649809800314966,341.73813078235105,193.70446661661876,102.55987978821547,2.166348031811477,115.23998720769069,130.93640632709287,16.494895833135075,0.22177422952823264
1277.1117168612222,21.70757590214902,4.314611624473157,22889.19865352189,0.36737979887018324,11.357809882739463,184.47922865969053,194.08892734131325,96.98251759028483,1.4475696013775539,138.80670980650896,138.35491579955124,20.53552979434361,0.21661577434520674
962.4993507572445,25.17834714202538,4.13387824019707,27131.99166751726,0.4034155565990831,7.166371054364069,293.93278511934227,194.77401609397958,68.79601948984546,1.5216324464315336,131.3379017443216,79.47299153558936,13.666947178604724,0.13948859648257525
1063.3828524233818,27.611179080767133,2.1082769988535985,20426.52467883849,0.39070155020333125,11.834892556688393,272.8962016405965,194.53107697052582,97.98760470130632,1.336968899402329,117.81454801541848,130.4479857114833,17.858952035275074,0.20451008862438894
847.0738288053595,33.11333787027763,4.763520678236818,22863.82080806605,0.30826984238611577,6.968820142663322,285.93502622812696,197.90298216995274,73.70445534756178,1.6297415541608071,114.81951596317276,97.15658836944915,15.20115866641423,0.16266294839066303
815.2104460492745,27.40319870510178,1.4973833657234814,25060.90988163901,0.2116682674296298,11.674050773304845,220.24392613351392,203.07579301673445,53.61352645087233,0.7779182898912798,119.48000658906942,97.79249378034385,6.182060558726613,0.16421836411665724
1377.589048806755,30.533881490474965,4.500534474484608,19041.591694554823,0.4420406488948603,5.374812556248724,212.775874696753,198.7606356626894,148.6766353339004,4.109662325418008,133.29090232197655,180.29584168314733,28.972907462782292,0.30550297484723843
1301.5880723073235,34.89225258498605,4.883760998418474,19162.84207353589,0.35829793193894177,9.96490408168869,286.8419341176741,205.51947817499777,126.74341279930168,2.0235024683661194,129.4484045077283,184.0820470588055,24.552147178094216,0.28463397919353195
1217.5845236562188,21.972336798469726,1.7086140928905023,29001.196905351822,0.31946886295501986,8.724777936859025,193.10865702090908,204.3853701189723,79.47391839564673,1.3886097931884223,155.6019295018766,106.26434539454839,15.142614224814587,0.1718312701934934
1045.371766648562,24.120972882792792,3.888264256815141,25853.01859996633,0.5467764171322049,8.345139539859115,233.93094897180103,192.53053828098152,75.31884377515163,1.4316466270178019,133.8361266727029,98.84452088980694,13.292033725864746,0.14894859744303382
903.9765920425075,25.918641133964698,1.1611420751119939,23657.800143349632,0.4986973231192639,6.564460199790879,187.6349292105836,190.9768324664149,77.05303060871476,1.8704328401774701,119.41003179659158,95.38980956667021,16.58684217776581,0.15901455765827027
893.8622256026516,26.32742267808247,2.62169130055662,24715.80081630918,0.5431062193489768,9.939170528435444,151.66096822466594,207.55883127999212,58.66054565375105,1.0722229129173328,122.20896363698415,74.21197313091342,8.50833825486209,0.11923381403240889
950.1457388987571,26.165316128983186,3.065133196790696,15439.491646551276,0.39799311788498437,6.33566644012415,344.01147200761386,191.59662133125747,116.56553191413167,2.897722571288503,99.03361629909881,164.3529990503502,25.422403130372224,0.2508698830493547
1129.5359988236723,33.614165038348325,3.3225809036385363,24271.544483425452,0.252372500850711,8.869892571893377,236.34059573128383,192.96678361439427,92.07503582931476,1.5643977761374592,137.27832093001965,130.59552054395056,18.60618635175145,0.21684361021474555
1228.7575536200375,30.710489667002847,4.743748992994238,22642.63309836303,0.47848857444850895,6.7727175412817555,343.86992288396505,190.44266551116237,110.46797013376606,2.3963647279088516,133.60916062028343,134.06985121447858,20.80835413969589,0.22324152643399317
1196.1184260306388,29.118578211360557,3.6890027491767787,23186.245196691536,0.2824295119748701,11.689349658469492,178.0647039535652,202.56672730597307,91.94388879901238,1.2848855785356292,136.31387662665742,137.44355070332153,17.69258603352888,0.23083314636805796
967.9603381675657,24.64059076794173,2.925111804876948,20391.357402462258,0.37649186763668674,5.200418356849569,267.4733558914972,201.64741126316696,98.59005380121546,2.7455449658520843,111.8487598700188,129.68270847322586,15.645382586162565,0.22413483216630045
1372.9191683979166,32.356855763319416,4.238700145063557,16222.108465694128,0.2260003155795554,6.398097960778656,190.19480655824793,209.73807332870513,154.8361487789318,4.022112093251008,127.66052934936717,234.29185896813811,32.9912621508378,0.39901499508787275
1242.738150017461,34.32590767227484,4.802131283817635,17900.08850418078,0.5301233609691929,6.696174244712134,308.014825392655,207.73864792634345,134.70044418586443,3.126133929999082,121.70747905647596,167.43757682490823,24.793858383240472,0.2943180920694236
1132.6124315068405,32.3179742382534,1.0882645947291634,29261.170698190075,0.25037625641900024,7.898474780374714,306.7405977521951,198.21686354961818,76.43409535213958,1.4146120363943384,150.5332789329296,112.45936380974733,17.834723649568588,0.18151799525085693
1167.0324477406114,20.023476577872092,4.930085089024155,21130.49343406401,0.5612390028197238,6.629111693090374,172.52142980786235,197.4317168182507,108.40405008793876,2.482202532515282,124.9204064070053,122.26908212263972,18.06629793641488,0.20821741662047338
1051.760037456674,29.546020552751106,1.3445285562547213,22000.247337462963,0.5456922409046228,8.439443631881497,332.41289057527786,195.9370406855997,92.68749572262735,1.6718272533567013,119.56623618877644,121.15800158746457,16.269177027009526,0.18271984268086156
948.6385937006945,20.76703072163151,4.257547117075045,15790.646847801585,0.3858331057756984,11.107258662809773,188.92592944064492,193.04813840075764,100.70148910012675,1.6252610429434926,98.92146823918618,156.31389683897044,23.33740734840838,0.263118833140233
1013.583607190757,23.86410830500583,2.12133901020565,15563.493443159708,0.49774728172159627,9.984443949864195,272.5954683178721,192.7616731320402,114.6643721653821,2.0233380053319276,98.9405207672007,159.80591005569698,25.781410906681216,0.2584852711396492
1254.7076662786214,20.892870505216575,1.528718631015487,25757.721705701366,0.4477780295272613,9.059733863745777,347.1267240175408,192.6456741601921,93.74630343260267,1.605580195298943,144.3599335083244,113.34309613480902,16.585846318124396,0.17601314065172313
808.6360931778535,29.056931794240818,2.7594225588553396,23071.419961816668,0.521230256935098,5.623022245878758,326.4793069532727,192.28229514373558,75.29938785187638,1.8655433598364892,108.5540382322307,93.51629571491941,11.999739691629449,0.16632710203561826
869.6435843041497,30.2988487023891,3.575826317790454,22630.589763244,0.37272204031436484,9.85794475872493,341.3127857122338,194.81024084811074,68.45347530475557,1.2583285833253606,115.48621129095663,93.9295322610148,14.611702130840728,0.13167977230513328
827.6015852130516,21.717314570988577,2.5238073800939,18646.86795634003,0.51432339369774,6.164899990176579,218.51975424362388,196.13337260626233,92.62477075933997,2.2035958805498757,97.68834926567638,110.62618762162123,15.752035538135546,0.1836824980091988
824.437281391382,25.75758324567469,1.2182616331307958,26171.260974448833,0.38498272682605916,10.504571701731885,171.11512844389267,209.2315794207783,51.126222216543475,0.9283588182167302,121.34843544443845,76.42721422196213,11.402800565882046,0.13300751992722892
1313.2763504066043,26.84354763433313,3.3978445586348665,17523.54868662738,0.5763863151371176,6.750397309571072,187.66937465789002,201.5694650200377,136.15224018465167,3.4285334686931748,123.24424136231605,167.61003981108522,23.782430450901444,0.2813231758839005
1222.1947156280141,25.535795326413748,4.609613104442699,17849.0211549153,0.394548840330059,7.919341098246306,250.09897901532275,209.75191549026562,125.44716640201082,2.618420269959025,120.13148136254055,179.8345515921298,27.550565475954876,0.28875681057829916
1084.5042974523951,21.815375007277897,2.532861463789007,21910.682570224133,0.3850477087734918,7.453291416225495,308.6459356546644,197.44933895651346,97.9877375687156,1.8929451455712265,127.27962571358513,133.03320046514236,17.082696032607238,0.21431770418229631
858.7004963906008,26.28421685281213,1.8653311105233081,19294.19793167911,0.514028744625405,11.011697402723998,180.03072883677504,199.15253265178882,77.6376438396965,1.254133911296398,99.74646010170578,99.45812541809855,15.128720865667523,0.14162923459542606
1094.9695250700993,31.267670717126272,2.7703093837312616,18711.944718497194,0.5286310767043352,5.885811210993857,281.9463064521514,196.49157318330558,117.35624054434132,2.9030203158588064,113.53059648349794,143.21284745479002,19.86812309946626,0.25100425865860343
1084.0830624683394,21.06511496799883,1.1934508441951235,24678.564668299972,0.4217956457284683,8.95951417669352,214.71552080790235,193.65775301793104,83.15727311541833,1.4934877635714578,129.94421262373925,116.14899437974569,15.381488276771584,0.18792950878556397
903.9211219460091,21.202700211228553,4.281950337921099,24764.57617827817,0.27191912539803015,5.994431266101436,218.2404144784307,192.86329415555159,79.73472374312561,1.741036695284471,123.75646018684441,96.23172932146116,13.253204935645787,0.15903471483508883
1060.3109895427838,25.321569377539763,4.3053632438007465,27367.75604699894,0.38710329238303176,9.933570852925307,282.3835460315853,208.90158395615663,68.30044243001991,1.1467220815054893,136.55610713240512,107.97495959083169,15.57924829385496,0.17074297403721203
1039.1028406384241,34.12588567428388,3.3520018537185137,21265.62850459464,0.5872290011638713,11.335546894561368,243.39988390664405,209.7362136359751,83.00109900683424,1.2749910914410125,118.82725397974956,103.16732500492394,16.730200150808397,0.1676416964064419
1169.5100588313298,30.02858970084371,2.412411555753558,16096.276365392254,0.501194477215674,8.042253577070774,312.4066586051988,190.89818993017462,126.11881460969317,2.6718231794303953,112.47452300183261,171.1145107658251,24.894143687906205,0.28992437164976226
1181.0561905205864,30.180049350088474,4.199133457783134,19104.995773821865,0.5244650415516529,8.416645821854832,181.1837019325654,193.00691749463533,114.18975349307269,2.1860206770789157,121.87972347687493,148.34131681075084,20.786518690815342,0.24385154657492292
827.1824058632267,25.428799862567974,3.2187480991534687,29700.081947952254,0.21313019952769607,11.491959855379335,307.9896539534077,198.47048184602045,45.001726549641745,0.7786889953960933,135.59198216308386,75.35846795757313,9.909175622580374,0.1072082264085225
1024.7675687758826,28.904911868128075,4.303729234200064,23943.87862849053,0.387143785053664,8.6469397205455,162.84704961148418,193.72666952688814,83.70477470957981,1.4491766644565895,125.7507924267994,111.76420870817951,17.432961810339595,0.18789324092227583
1175.5159494285417,20.151967760416152,3.5258351703320825,25646.056272015303,0.45864845346302213,8.413189066346927,188.810776049121,197.27760787253766,90.73556496749943,1.6616953835212136,138.98871771574116,114.24472226632915,18.257046153121497,0.19296973414474813
1101.8817551480527,29.541440696143134,4.13762189285119,15110.367444381218,0.5320130734512298,9.048303718930129,281.2299429006331,192.58192699719268,122.2567863759692,2.369482324524288,106.5241556506994,170.34284722331077,18.027419425235326,0.2812643640623736
1313.8939047129934,33.69930421364355,3.39425197287104,22773.08598273781,0.2197094614331086,9.824608154540662,320.98513130221426,199.1302351344358,112.50164333104283,1.7522756240447623,146.72860451709596,168.50427156344796,21.93602884801387,0.28103157665523276
1195.216178971367,29.188602025172287,2.656564272862665,15562.929862977047,0.5409755542567491,5.74818362560922,200.5359255478698,195.43389232338518,141.13564233342723,4.024358192685601,110.53223732726347,178.1405947542481,25.093581384135057,0.30775826082235774
897.7606562488578,33.10547890199518,4.83178343970455,23538.45318137172,0.4193603746967647,10.747773694190613,215.43832116578258,197.03810111517322,65.14062644912417,1.0147709523171755,117.15932523043449,97.61509318487776,14.358962698972478,0.16768411019038096
842.3412484402579,30.859595831991406,3.164455299515379,28811.56274454113,0.27892558823042396,8.048535192172814,257.424149657348,191.88625302925496,54.00550768715942,1.0241609237199818,135.5285261619795,86.24070148732065,11.086155098536913,0.15367477168296478
1185.4515669237894,21.808376246055353,3.4203580741621535,29526.28695750612,0.32690208657988,5.506439569282398,192.31456129786045,198.56256101420283,84.52551175947242,2.21197954482038,153.4134172664779,111.43062496538205,17.114857699886933,0.1950888617515217
815.906786324973,33.53679960928763,1.881950557658997,23108.290130833862,0.3127718207006243,10.503278684387492,312.2312523175011,209.6651522192314,60.35326022130504,1.0646382228559876,114.04539867768244,99.2462462408818,10.610638974913844,0.15203641537110318
1151.465348764078,20.996657665336624,3.502603157709106,21873.07207878324,0.4123436137153903,7.638649801803904,304.72732900115216,196.5766609376238,106.0729600186231,2.063547822971279,131.22589756726043,127.98063536044016,19.244396661246622,0.21129857408534863
1364.1381448549746,28.009512088216457,3.2864305979317754,29175.25641372741,0.22067427196445275,5.702572465665377,179.05834239315632,207.5285854968487,101.23619947744656,2.436902162483144,164.39126685368464,135.73654640732713,20.758230977682885,0.2403624015764059
1145.2845067255273,22.132056856901865,1.7393535917880998,25104.14747995043,0.26341446339996943,9.436453276802753,242.7659463633264,206.8639828324737,90.68828726213792,1.4581589818813685,141.7367430636576,122.36804304471147,14.095740685911654,0.18315737572518584
1032.901955723913,20.17559916096356,1.2383483894125749,15973.489193076142,0.5250772173503129,11.160919474035492,304.9655533309243,209.0411683659442,101.50044050546093,1.740897320065195,103.05954825409624,146.1908311266484,24.84258866698655,0.23277568320883846
1185.972931065412,26.330513901914586,3.4174372788590843,21985.883665012465,0.2530415962987244,11.214274565897904,217.46590622068294,205.80219024534188,99.13334942075048,1.4551936040307805,133.24136983001813,150.41787808167825,22.34587006592734,0.23674910479835776
1074.95173429491,24.425610614812342,4.054769077401282,18603.675276964557,0.2933585077832508,11.703644323662813,276.62136454354635,203.1919365411763,97.05766276245599,1.3547081121046944,113.92088507357329,153.25872218917505,20.028017401061767,0.23478305840127217
1127.370073589561,27.290007406964044,3.093605483688033,22047.064821730222,0.3813482422416629,11.073938218366816,160.04262429151456,207.13168888454916,100.89876886441407,1.3318162290044042,126.61429572673283,136.38392714909315,17.32579946660304,0.22662284251287165
1364.878885265915,28.65799830101826,1.9070905012785828,21831.983580095424,0.40684835524533214,5.014986435418327,271.7377521058636,191.51289361314699,127.36736026354008,3.6975732325506563,141.8648606732625,163.43219920173053,22.91379445667424,0.2858921818385101
1031.6615826804646,20.65608608463421,3.6660879067721397,23732.17204222113,0.5054441918456634,7.661688164893731,180.5305960001214,199.25661314397615,84.85634716195204,1.7096883805499685,122.66787462004355,94.43863911188468,14.511203621129619,0.15164425890732178
1376.7143382943486,21.845049426856185,1.320422906438409,20351.55735523877,0.37893297066647513,10.72979805933852,316.1166650228903,209.78512477230117,126.15992025718127,1.9006612703023151,138.2350255214166,171.31405042501984,24.679242768200183,0.2820328175429113
1343.2103851736383,28.37963594675638,2.7673348192078184,17464.056741838922,0.5159458484142154,7.56377104198932,221.08989271609568,205.39200302589464,141.13163532978058,3.0823845931010037,126.32770757784517,175.32960277377845,28.318220747204787,0.29223408774499554
917.4746808735779,25.147510297589875,1.6534670335936807,22555.791518849343,0.447338522818183,9.210839544657944,206.31077254563914,209.24150756074445,78.32429247940657,1.337702682137168,117.97621791230816,98.73602971651434,13.212628836787982,0.15257912566391976
841.6167805250993,30.93760231324172,1.7378362042395334,27453.043265186432,0.24523989576952898,9.244218631621724,318.17779534229703,205.5926871226696,52.34419821159302,0.9298529540790276,126.3808240416019,88.3478251423108,12.380781543457429,0.13469108315182782
860.4668008264559,29.784374728879094,1.8091757966328146,24960.183421014037,0.2625325753571354,7.555177128271762,160.02880461436203,207.49763934884288,73.7383623373779,1.4412225780216983,125.203064276595,94.62330631078133,10.884075166652512,0.16070769599414836
810.9330953909298,32.6840654448486,2.5468282281759116,20075.517988878237,0.3748134901799083,11.331317490969013,229.32175986686894,204.13059264606383,73.93185762557208,1.1330425340614292,106.65106432575175,102.08799758508744,13.254386988202228,0.17385252050346384
856.665776453557,30.38739240003838,1.2046008224815905,29032.84534138286,0.3587557572356158,8.522598417702824,224.00070811500626,205.21004008834478,48.86252697044933,0.9757444902852889,133.93744938825495,83.98541476560149,11.381269034622784,0.13086788472170724
1209.804064049814,26.448966160852223,2.5911737637163927,28683.113568737732,0.49741770785491785,8.253489441562506,206.96007484991017,200.46356019679,80.16283128092626,1.5497420341927313,149.10022176852897,89.87782499224693,14.985777483871464,0.15575857116698782
842.7131890761374,30.09449933591649,3.0468297884588034,18140.225990761483,0.43229485591894073,11.98259621963327,332.35086640029544,208.48475401628266,77.7778293336817,1.1333029952756002,97.8428279013481,122.70999059676822,14.532560641106752,0.21121555742368317
991.3853781762568,24.13071761383128,2.933177139865301,15591.263776805445,0.35525323240089973,8.454502548508316,300.1856787033445,206.50077821246722,111.66210055759925,2.2632304298653403,100.83292104474123,164.61102569457287,21.220266708149943,0.2569601372768102
1306.9251865816727,24.59470248167319,2.5311364016121622,26119.630625261434,0.26830411338015425,6.248787763500067,162.78463283838775,206.87769931331263,112.74375165963765,2.4548655932666903,153.29076838744348,138.24522677598068,23.000231546016558,0.23547319482502418
813.9631614414956,31.8347773988119,4.3565864322830095,27414.1539202373,0.2907348409301981,8.591485960044066,292.9374898869908,203.46018201926105,55.94753813085385,1.1432762902504512,126.76319193853588,78.56379970342788,13.084724265998627,0.13758501937060041
1288.6810895533615,26.696292746023733,1.5813067696820164,29517.96848927033,0.43020040738762355,10.698117148639511,255.4598266257588,196.091598941745,74.55873708596044,1.261821731983782,159.98409501598755,117.36811402482572,15.771062522967625,0.1877188901910881
969.1128648640399,31.975705107775287,3.022786975125496,28347.54591132466,0.36937552195991696,10.43802228828797,330.17357888031586,190.71259590780278,54.66704139296412,0.9973131762951118,137.46728328173938,83.03853057272171,6.543155450813437,0.14691375973059018
870.8988965729937,32.336335605024175,1.2481656678262172,24008.02152309622,0.40597100354426885,10.520072355759297,212.58912346967168,208.7131025881909,62.238907811644495,1.0174694040894303,118.71864749952874,92.57696572523075,17.407534978330037,0.17102851301135327
1218.0422992184904,32.86343506491926,1.284622715511639,22950.785088185712,0.26827097412089346,9.956166487985382,264.8323999219166,201.72240697610994,102.48877991932633,1.6082741462053336,136.98978176353054,149.68709651622967,20.134206991529993,0.24404693972026087
1177.3657080679304,33.74952853761811,3.2954633987083852,15417.615768938795,0.4651625009378263,6.779524803466817,250.1510549481972,195.9628594229628,134.84351085696431,3.4472062453660786,109.24097884285989,179.4774882993979,24.520545816466324,0.3013523975799776
1326.4832081162317,26.464778307699444,3.264073699551284,18699.846702671668,0.5410154963423868,11.03458860088162,247.91218124552114,192.98270215695075,123.50061057522014,1.9263053077310757,126.42124980889974,160.9906105662685,21.71457783961086,0.2705187970033331
1241.0426262823314,24.783002274817083,4.512134051377828,21894.221275993896,0.30317580271476025,11.254104257633855,241.22107990344253,206.59046331001508,102.04947050877722,1.466704985245182,139.4321034332083,153.150392642372,21.168723126490153,0.25281332741978885
1282.0885582309093,28.73298119891171,3.2314947026402927,24427.558501253516,0.39660569033273063,6.359068876329843,191.12589510645626,206.73040388895157,108.12937482558563,2.3951012987923503,147.18670521497276,130.2141713351769,19.840648871202863,0.194083960441507
969.2207435427839,25.567586351564415,4.839164081619401,23358.77749977616,0.5902109316083607,5.913189455859757,301.14198449847856,206.29015936261064,87.96082914642835,2.1307490984017132,120.48700151779734,89.5157617309086,16.09938301643998,0.1555537780194689
906.4637262678336,29.016112502003494,1.194779393599719,26139.539845225358,0.33329669622029107,11.829234780123784,240.26720654785774,202.90165383933572,53.48200349278253,0.8918264381599398,130.4576106629772,90.72705597177053,9.684600428466219,0.14106285367186405
1250.3688509845151,30.58378793965737,1.3920307391229643,19196.503963305615,0.43801853796950446,11.078267745552576,341.70325500052115,197.3203077518375,109.96290067860488,1.7315698268732764,127.63828755740093,166.0319610607593,21.45459918286661,0.27033069677501087
1284.1008435603585,30.326075277382053,1.1762634462815256,23474.289114787098,0.23607828008009776,11.252653030469627,202.16168543855525,196.08140569560513,101.73700494197342,1.5096884605774132,144.29028607580943,152.67172058829638,24.41378948886999,0.2421678826852808
1394.303085200404,25.61829330530182,1.74110740133416,16322.133650861882,0.4424060009917773,11.204634692370767,286.54876792540824,190.1710954023634,136.746560761909,2.2661094154116856,122.97735336769388,218.28176069962734,28.85144698342289,0.3492319742808479
1047.5706061468559,22.50290302548129,3.1650804437667124,21204.982853748104,0.23585270932184718,8.791807768236099,338.1434159278217,206.6721511737648,103.03383383025665,1.6789994784925923,122.40706644997768,134.4553301882767,18.654084374829175,0.20984086247273015
1023.2108514756699,26.457940076933113,3.582288725709712,26252.412494319015,0.5836941741295287,9.524812156660598,282.6916646032185,191.74865394987285,69.60548534009209,1.2267777416802166,130.7244001755176,82.06321177394864,10.250260237955853,0.14270788726197
1265.8477764451982,22.13891216122863,1.1823406317946752,25401.01280143566,0.48626506082892457,8.817539964935492,324.2545815234789,202.61509996081534,99.58688941283694,1.6779776360592846,142.5937787324007,130.3297808806198,19.405202235118043,0.22882486989620987
1004.4821241518107,33.351455527757125,4.783883559382398,29859.641057582685,0.5152639152542826,5.358444444332304,315.4961919514012,200.08149893680178,67.04413623229001,1.8951827841796547,139.14656734382925,76.6249466264188,13.555563062781594,0.1254125282892744
1358.4543953621387,25.188161911067862,4.368661506601525,19168.36688981634,0.48164174430865475,10.218521597469408,222.02354309780077,200.53378717852704,128.1377593595917,2.1381975235020194,132.7731769196816,165.61413502642793,25.249326842501187,0.25583262754319236
1315.047651105807,22.316896208349856,2.1864499286283725,22472.839487609686,0.4358916144305863,8.537324233351162,270.0247879878993,208.53425690615546,112.06887928067772,1.999159540362306,140.4320119574603,137.7333203609764,19.466574244114494,0.22679160814336227
1057.396416425011,20.381716398586263,1.3087501209058718,19942.95620660995,0.37996511243420217,9.533963523531607,181.2522679622711,190.63230022542484,98.59685336647188,1.692810203253874,115.23838295868224,142.80903048332354,20.034975274710707,0.23085509114717143
1250.5226406748984,29.68733579429726,1.679548292876229,21609.046710887622,0.543349351904425,8.518478634828746,257.1051765391199,205.46784449257544,106.71868193554498,2.04665949390653,130.21650128171802,133.16844081539844,22.534288693372694,0.23192858402336658
1252.7257244508094,29.553534761821147,1.5077776550198907,27854.251948040823,0.5827342670172252,8.442679256257192,196.08439436286744,191.04104796734615,83.71412020768237,1.6057937438519783,152.307729852221,100.71632575760187,16.896200261565678,0.15484047655113725
861.8743213015596,25.109062498719375,1.4931351171957874,25263.1361278273,0.3996144691616325,6.202523766344368,298.74736299048914,190.76307211870756,71.96859869636964,1.6936893130604356,119.75225759711786,86.56170894684315,11.114099127070384,0.14139990480062814
1341.5317440077401,21.075678332714766,3.0742467546629357,28236.617870213726,0.5726140196621048,6.950996005988043,255.6116843784249,198.59635396282764,95.88986692307222,2.0529777101095585,156.9541457640416,113.5696982639168,11.664755085716184,0.16940729210430228
1103.1514234687143,26.14443342342848,1.9833897699736012,18052.666624978297,0.433333163995407,6.11196884360769,232.2454725263321,191.26150348685934,124.00483425842076,3.0234080333811257,113.46753122399066,152.27823657751668,22.69619068104347,0.2724012715622045
1295.874479664645,24.668262425950903,2.432558866116578,28100.41676762157,0.41535367475857327,6.3696640693773965,203.7594192333955,205.78287902585825,93.38672301934643,2.2077686316845666,156.83614090348894,128.64395720277807,19.35959067126683,0.2175490684042464
992.029760618367,30.15680959602514,4.95802133353729,15896.434112675766,0.38179309318214266,11.810841662942135,349.73969636825734,200.59126187296675,104.12927020457542,1.5599135964322062,99.77197627208432,162.24560924311055,19.131541372068355,0.2543332206891799
1337.3139370977203,29.086688741790354,3.737256995701379,28328.989206557286,0.28371510461204796,6.071794120405389,164.34210417698654,190.5807756531955,99.40770465350059,2.3473778436881267,161.15024423143456,134.94075468607187,18.730297702920243,0.2126621956800773
1033.521007240498,25.4689059229631,4.795922668188005,19936.106691910918,0.20148786432722368,6.884892970136454,158.712136114484,190.8100137296384,108.87055709456821,2.2463919073480834,119.13470769994603,153.20678727255049,20.438789417623337,0.23996933940053408
806.502590888179,23.26838831382485,1.5702262201324624,19718.814501210996,0.2966024907424245,9.134127604170095,193.45148009877292,202.2533705947896,82.59654281540278,1.3366848744534618,103.55792320824581,111.28852180109439,15.719377813784172,0.1844423004440901
1343.2291858515582,34.82053949233388,2.528557899330277,22681.328650479958,0.40388926864142605,9.271250033656493,344.2144917255639,206.1222363531681,113.63026895044975,1.9002017381614014,142.73754578883722,148.30443453128257,19.86538370429916,0.23038441872253076
854.7720060716802,26.810024317941725,3.218927213129417,29110.352815848477,0.35198398090390104,6.077818908206804,345.84763366399693,198.75599062549549,56.86831275261975,1.4729141834164303,134.02683773947595,79.08535784045236,13.457315642701758,0.13439723282632854
991.588182554249,30.324113536703557,1.307032247554952,15716.72047022108,0.3793940912010535,10.556021980496485,280.98554695442715,201.0916134307125,104.24090977898874,1.7971239033266417,105.338081660004,166.14428367475213,21.926753237564792,0.28761711315674493
1370.037180230483,22.10829451367541,1.0167497745118315,20283.46462606118,0.5922592878256199,10.496420075389775,326.02133344128094,205.99658908099804,113.84397179922786,1.9502292456372363,139.29133092817045,149.27337596614882,19.291354048900633,0.23993648017614738
1370.3642881625337,27.28384549489097,3.68173733518767,27848.579830250033,0.340108948267731,6.661223929427237,192.79234616815907,202.2101234808364,106.82370472745497,2.2152794825184445,159.38753027491273,131.5187416922846,20.902320020766606,0.20981646292386757
1144.0627328739715,20.413050798041983,3.5672780672057414,20940.817161532003,0.3808731757440431,7.020664118728224,344.4084188353247,194.49520475317638,115.75495214369107,2.2543229466318038,121.11663186016865,147.7138138088672,18.549126084221253,0.24793402223414648
1179.1023273018795,27.58182676865675,2.643155239998447,17987.353463956006,0.2534062205411278,11.56591505821648,178.55697002791294,202.26104051738957,111.41579119536345,1.70186814318213,122.09809732330781,193.53735831600693,26.965240715979895,0.2950668014980144
1069.067313186992,34.460261106765536,2.9585763041281306,21371.912719971177,0.21918309297479507,10.779700121856347,170.22503763633165,202.56558918130426,97.67222762220003,1.3952954926512995,125.34453547631368,146.80008324702368,21.539903717983027,0.2513529251003426
975.9264630188387,25.763100694787003,2.6617720023683584,20783.287522375038,0.5101638058369978,9.884579231437666,172.44230784945458,204.68213961762254,84.9734879975916,1.4372973178388997,115.37507697906764,121.24762533058578,19.277239656895762,0.21028060785955105
997.1987272219496,20.584940188623673,1.0960201793795554,28731.24302200055,0.42827327002879145,5.575632550574204,264.6255846545129,202.41748375113602,65.5234757445956,1.8377868769923786,140.17132544831742,84.13505508787173,11.656189721714156,0.14293873521219497
1203.511073646223,20.46433686379015,2.3414864248698497,26429.015636146454,0.504281922417558,7.92784856631803,306.1948801436105,209.38484260916076,85.33623403221252,1.6634238383419226,144.05069037000084,112.48740993907158,14.833663558135976,0.17639242147778442
1251.4247176626081,25.819801399203044,1.7083290215891593,22576.733336160094,0.25994511955462063,8.915113104537788,223.33343557492663,193.94576617434137,110.42440386037052,1.8964845157696666,141.1743194666719,161.0141394634907,21.883126987775082,0.2562283556251791
1274.947426235509,22.40037404694791,1.393696756405475,29825.558500823565,0.4287315084730764,6.311879015886438,345.5791975572253,209.02181359134153,86.7193802770084,2.018051016042299,162.08010962633278,102.98507366883794,15.007482742956645,0.17170146454282564
1273.7708856767324,20.35028144492279,4.826881735557399,21979.16296913885,0.3014569897365502,8.137586074757571,236.8840276236659,200.76678980700032,112.34209088507205,2.145076622050886,135.06876708441024,155.07065027957327,20.0875467220446,0.2578924129569394
854.7236618292143,31.343204209252654,3.3974389001686625,15873.567462304129,0.291224726760008,9.20718114242083,180.08971015464326,203.43912280989824,94.90270390927391,1.740396210312449,92.90253882098597,155.9058984274524,18.95744155868682,0.26165913303731425
1096.6521828215489,26.877845133228362,3.9146251369464107,18934.114827224774,0.20461040562119412,7.291636760807794,243.19334963722736,191.98923194904378,114.4549607664135,2.382675440176927,119.32113344807199,161.5050678467004,21.344056594516186,0.25571922986423395
834.5352560099866,24.338671579589818,2.26145497306447,21541.05720328969,0.2521362894276288,10.46661373265341,285.80743308448797,197.61151882756215,73.08280426622059,1.087969685687439,111.11011787690299,101.63843901728906,11.637692089801046,0.17344645103623543
1129.7173293942415,33.50124774524721,2.572588517976061,17353.5393621918,0.32370724459987815,10.883147071471639,316.44515610087575,205.38758292926346,113.11761383249264,1.746116560774555,114.53608277452722,182.24285753868884,24.98476428889319,0.29700230804389177
1064.9183008240261,21.742084403007883,1.947695975586894,29213.476894860643,0.24675150423637562,7.265266286038496,241.75365799131856,204.1382203019798,70.75419667937653,1.5289162182765084,148.70267052620164,108.24162902409,14.215071781135311,0.17257371081083403
1332.6225096549797,34.33878243432979,1.387862683861699,26502.733467266597,0.594343376164375,10.8706000814472,268.7213652098335,190.8027877633082,90.03208581512712,1.3575076445993135,152.54260991726716,115.24838728289647,15.805680909374594,0.17558053841356774
1010.5490075312472,24.70950076066029,1.7161265497663352,19024.30800641659,0.32345305940958025,5.725035962721105,203.46894243177067,200.9318852699449,114.32808973537902,2.791699632862634,116.29948800142236,142.26138878419877,18.30644995968287,0.24247140667785017
870.2402098565635,33.32605508463022,4.190056181185943,23862.068002768738,0.2521295786809313,10.864103690358593,279.1833052811028,191.7655638593682,66.4208237626238,1.0275901382453676,121.17649896703185,99.79800943727135,10.976760700656682,0.14937703070133987
885.7950092317016,29.044143147191924,3.7101832207351033,25821.737356643578,0.2796329251311831,6.069253021673316,347.19438879006873,209.91712858356325,72.27025782246646,1.666299864516247,124.71375138995886,95.83515334398474,17.320260994760922,0.17065253715276563
1256.9063790304833,32.40061039612231,3.1877155039419076,29119.18393360197,0.43508129133659057,5.580490067568082,159.81071451755878,207.94593177066588,93.98595836888161,2.260258021262267,155.9509627221904,115.9765859748856,15.542488621778237,0.18532863145362904
1170.9308379897566,34.760197448156966,2.9003594914670723,28224.53023763116,0.22561740954591541,9.492427831087078,327.30613414103357,190.42161320857073,76.61647187772503,1.4324424852329258,151.39447536657107,118.97289080175754,16.86820580277726,0.19826082298659703
860.6736056736742,24.326081567281186,4.689737134624497,22727.883392073207,0.5449736520564628,8.303561560287061,262.45650055350455,207.17299157805263,70.06417460168134,1.3417696672045591,112.67874221575545,98.99454278558716,13.849966330781834,0.1611033472022755
850.4640836689985,34.41703228111389,1.2909397911146736,26619.789296895266,0.5845998716948588,11.355234202889829,200.41973191245998,208.38859201116816,43.70164649326102,0.8752370830859842,122.89455090227072,67.86229615078976,3.374738489307858,0.10493956621329248
1220.581478875472,25.842228423536305,2.122403252951664,23432.171307413773,0.29869896826695236,7.542324372635944,340.9779420018516,197.0709644512691,103.81183561056199,2.1688803340834952,143.15171143298838,141.69479171720013,23.225431832498156,0.23320267585344226
843.6578038185161,25.782678571053836,2.399751414282856,23290.558350683103,0.3800381074363437,7.0100658440634005,246.6708606117798,204.39003310095532,72.87638677316389,1.5896877234073472,113.8675453991053,92.0229490625231,14.560114824407192,0.16473113252420013
1293.1160355742138,25.105806563817588,4.129703248851151,16721.12937507288,0.20885378041179883,8.505144343009388,216.33805033467712,198.84207492415558,133.57853802143765,2.7127711472229663,125.38704462102811,216.20141774000484,26.447056152305784,0.339507263992299
1223.7453362938977,28.121114110213778,4.970058480647886,16892.06487024228,0.4562840898908886,8.191623300380629,186.29952565416824,203.10464969152687,134.60480322951088,2.649780661357924,121.96607623548556,178.16973556933107,24.965230095048163,0.2896308444156577
848.8092683851398,22.312175647677307,1.9626820590286123,22943.004225336863,0.36557042322103556,7.410996323520318,198.8904420513324,196.80634808596383,72.26417845302453,1.4559994796365752,113.10359863699624,98.83554370883294,11.389611038141268,0.15529587471274328
850.9026284511151,28.305672280370167,4.4972293365483225,19032.9231746851,0.30802338644062227,9.8561890908883,316.56980831828855,196.45118473266535,89.47885125464654,1.4048606880655938,103.82287382685358,123.64994586030608,20.70274472611848,0.1991373543356279
1391.9837471007054,28.12557218615006,4.322491041727165,15315.55353690703,0.2827348442466434,10.316932837397358,272.8820018634332,198.4886777771516,147.52508121146892,2.671161122387128,123.33490177081572,260.5754125142261,30.832724081572675,0.4107279210700839
1024.5624774536723,31.42852718907305,1.8986295905670665,25842.588058503185,0.46160923106350416,10.970887783210957,332.64912389766323,192.91135517305003,68.39001516238268,1.0584101104084644,132.2415481560322,99.90869078629925,12.417728482505236,0.14276632485966737
1022.3852882401345,32.504749429063786,2.5973303207968903,15487.298950352475,0.3664868124129258,11.8099962329724,196.39369043155716,206.62277928870765,105.8393557979737,1.6248037732048064,100.74727766299631,178.28740397082206,21.271018625208477,0.27312776821895757
1287.6797403545015,26.606620254686362,2.6386914771700765,23929.152616560816,0.2718637156119648,6.866593344927532,174.2277147697803,196.97395790723274,114.76130089452501,2.2849807574047634,147.06388834375574,149.12210577941673,21.27143133433368,0.2629105164285539
1368.3491464303152,24.534998740272407,4.912882674106234,23087.906911909715,0.4756436325947296,10.01265437742973,151.217506195118,198.0029910781169,113.20042866687102,1.8250862046854934,144.5246527506899,152.9405305411727,24.031909736922124,0.2501289399714767
1391.6006382937226,23.890023459756417,1.7235676055155933,29532.220358667066,0.42602891321467745,7.7598076484702165,251.57240752319876,207.8810922540429,97.30883204524511,1.82776882200775,163.8314711554398,130.66069153229242,21.81631078439332,0.2163923460565969
1252.026911155365,22.91935755057308,4.196631884419128,22263.197090214624,0.5434688219717985,9.739573803657755,349.66138607639766,199.93247628126343,105.86585596293818,1.7429867205481122,135.44030900597215,133.71413923952807,18.368407327752706,0.21517495216468685
1025.7557513185495,20.864713732985372,2.3367708566924397,15954.021545666961,0.24699035955059717,8.331871832444541,288.9930537637278,200.88507818701726,117.46151061753851,2.273860378823714,106.06188640059807,175.3708949611112,24.18311041092782,0.2852786919888123
850.1004300192012,25.1367196825207,3.9234813831046416,23275.319517096927,0.5142666407777825,11.95641171937552,211.67891839302922,209.12996249554197,55.812113642184116,0.8432457284761937,115.02362229522302,84.07910556861577,11.355108362072139,0.1302529964093718
1266.288149556462,24.053715381961748,2.6800440171826514,27616.44255924152,0.4694067147269036,10.102314950535249,325.3717166052343,207.73452766289978,79.02255510116886,1.4097796415025512,149.4901906743132,113.70057993549149,13.454632274044712,0.1899179516286734
1135.042549841483,34.49626078799611,3.31343905246616,29952.7392642216,0.24600437473123915,11.667439103040271,306.344453197592,193.3893341777688,63.990124658632276,0.9764661283776255,155.0083539866825,108.6292065472094,18.65465764565922,0.1737165596471841
1054.5332055481858,28.36563239375066,4.3304470933045245,21455.14760533609,0.4779282919486883,10.8447868463683,153.08303321530786,199.46430059836212,90.24160783388402,1.4050175564946548,122.01519415895851,123.18928641977749,19.79999066488543,0.18712142309302665
1343.8126310568416,25.209155585457612,4.216662259935537,19804.481137451137,0.37661891555193217,11.320307078143598,313.37209610820446,209.42592454857092,125.07985773959552,1.7789046013987877,133.54616256201345,178.54554567857215,24.668263972875483,0.28814460956288807
866.7184893836908,28.70701401490544,4.4656927341588,28599.799454279986,0.5779939142223371,10.700934380502725,210.1053514476992,197.44732596457206,40.85830270519883,0.8377593495730411,126.61459355859006,68.9852803223338,11.951238829200586,0.08726809474651559
1095.5750625745154,22.087950520185434,1.238469301378636,17868.63193614182,0.2566445402471597,8.21411391263138,179.93469291672022,197.431462170324,115.05255602557607,2.274960208572501,115.4075164684482,167.84289132209713,25.055849213249466,0.2786525310656486
806.8121868604514,26.66065623803304,3.7682022121589793,24231.433725493902,0.4571333563262952,6.76251917342819,195.2661679474149,193.90060463578308,61.16584883878617,1.5137044303028038,116.70226263077622,84.19999313216934,11.792990039839951,0.12734346543291683
1081.1963851964758,29.393514821315957,1.5599495068870515,21085.716362714214,0.35279201818517836,7.5922412281536555,243.7159608750278,192.2864622823825,106.25724536791148,2.0660090930530695,125.08891258842164,144.41516422623755,20.70571997818791,0.23632228640818626
833.7819654091024,27.33346747688677,2.663274272073644,15616.235474333329,0.5827258682363511,5.141653628479653,234.97358541360222,204.80609581511965,100.1071270389873,3.100501998741976,87.27787945448972,126.1733922592222,21.12669382861007,0.20831883234429116
871.2907497608431,26.026682009814863,3.194353660218754,20209.327114585467,0.3319899581161106,8.66795217225267,207.77745987484536,205.40060937403032,83.91339110782249,1.5228894382485574,105.35940608491244,117.73498314170398,14.239562777702758,0.1918596010903725
870.515748066263,34.907725833495476,2.610957938987323,18978.42783754012,0.58487436379672,8.53540460189286,184.44366444140655,209.38025927006,84.45608441035928,1.667635018174781,99.53075349894617,109.00378410892483,18.82417087618541,0.18596481153789732
1189.526181269638,33.2047214322339,3.07844670321203,25291.3673091523,0.5605943404402995,8.676753253813418,302.4461579284339,205.46836421810727,88.44137509385894,1.6209304964935527,137.89980239556687,106.46374044780144,15.142184121962599,0.1909331864891335
1247.626927559254,29.351089372391602,4.986105235194477,29231.857465378773,0.3081532941242625,11.818218574804447,348.0219567469834,194.86704988067197,73.84867981202669,1.057747366981227,158.82378220443718,112.99254398979227,17.99665138984065,0.1646527131043859
1150.0212590582958,28.54066041773424,1.540869254851419,19020.707810679567,0.521416710730571,11.380178024183875,305.55831608393805,190.80233156577032,103.26465645446802,1.6610018640579802,118.03214530876963,139.29694741185423,19.39447511438014,0.23531016931507254
1377.3035290847251,29.30990719736876,3.7018241813457022,27171.989087275226,0.5982416807214024,6.131989448310756,209.18739353430823,209.7087476873932,97.66246952292846,2.4471429730669754,153.67402537261387,113.05809245342779,17.532857403054447,0.19537009546458617
1024.9223477142225,23.0196816173365,2.584003865542461,15830.397254076142,0.30106520086851296,7.582177650891224,198.96179228242667,196.80901391087212,120.19755303754192,2.5931630898869624,106.67908074657541,173.88315274600367,23.457839749538728,0.2822496884896289
971.4272517691164,25.92706614896478,1.5320391956293151,23071.8151505972,0.3747108677293278,7.967693256242834,193.53317521318763,196.23943084864842,77.05516821118098,1.5823997212198784,122.16126927688833,115.53255294763278,14.343330447082646,0.19672139168424255
1321.1594769136761,20.59189299336349,1.6349470534972381,16058.250955648418,0.40807229462670386,7.523730424961535,177.33901489780726,208.11910419498764,146.13536615149144,3.188459411241411,122.19406836782714,207.17949263479247,27.725078906614087,0.3402945845537508
934.1575031116715,27.1331905623024,4.797092424982468,29010.49486695959,0.31797245432154575,10.589471745227392,260.26610993846026,201.70199797089973,48.23895602268816,0.9686756199655885,134.86137710449333,82.64626589212813,13.229040559522437,0.14083146020185489
1377.933523664367,28.14536875936495,4.518405986847048,26495.269208360853,0.20610593585841191,8.668263689073108,271.08007439066887,194.2974234769827,101.43492033629201,1.6620101917025105,154.2217002656738,158.98431994190005,16.205211256910427,0.24517388469859527
807.2926848138898,23.416246041548142,4.628167841660087,24869.248668068885,0.2880516976790107,9.004698718801375,291.10053213262745,207.78192485432479,57.96160281883408,0.9822783977682433,115.84944006496606,86.6589320985213,9.091710903778756,0.13348121180250147
1381.9272960245835,34.46043270748271,4.9661311033095465,27358.445724369965,0.3127747537367034,10.97109491291548,286.0426741867336,209.86721710109487,94.06066791369815,1.407593496219493,159.3382667773208,137.12758880330813,17.044117118644298,0.2292033186951031
825.8959471703457,33.64181916405863,1.8332615600340718,24712.796933552447,0.37743988052727484,10.64149707390751,208.4666622566765,191.7335712230166,59.578257531518304,0.9685076962913811,119.18326145819658,89.01754727529277,9.730974799672845,0.15806540311155717
1334.6858682188426,30.832148531838588,2.421757349456247,29534.165957614365,0.26844099136536076,5.925480659742098,216.06220107936932,207.24503256604976,99.4297157279556,2.2560999384255447,159.97254135467864,119.51863922885569,20.53582761737588,0.2014886392360105
1116.62066545178,28.000799431480438,3.676876119699467,25709.369217971573,0.5493017426766691,9.99740208858544,286.3029070884676,197.81031395368788,77.71347673253594,1.310702927751412,139.07152556961543,106.98920553762358,17.291568537319172,0.14571794833039167
1395.7788776715802,33.04953739471527,2.935210159442589,28869.879143733702,0.48196445309253444,8.048052902314248,219.88952815672565,200.4814489301341,99.90079954937576,1.6756247751271809,163.4680353486482,120.61411321581261,18.8252566400043,0.1956869247489062
844.2779388412393,21.959785157351945,2.673558133513334,22756.97838015957,0.2340801910238648,7.062542321437503,192.5246379238626,208.29631951529961,78.79943732650999,1.6112574101554222,118.13699859149493,112.61618005210211,14.037641255333899,0.18536110535793168
1132.3125706407925,31.857646914123276,2.431244997342372,16755.96619472794,0.4600369804559726,5.350131746315304,224.86723073934792,209.46758391550236,131.8956956137914,3.8017395209929994,109.53415795084351,163.10883214414974,26.270465954223564,0.2803529096592229
1381.5815213714595,21.872312209502724,3.375122527773809,22922.665821345257,0.46146259056224814,8.410746922418156,204.41683151559553,195.24327820817598,120.24176440134686,2.1475179744881228,145.74866975623462,148.8633534764168,18.352149578230005,0.24813359557616171
1113.8587065020893,31.91315993824108,3.302373714560328,16903.0924209464,0.582488469457451,7.48805676507172,167.66254424371556,194.25701541919827,114.66156573633002,2.6411158577273985,108.97386447104437,149.65180350455995,25.42903481956707,0.2461197645581407
1177.6391828811575,24.136513523770354,1.6458313362569603,23887.402187646076,0.2012083485424645,6.760591277734806,316.0277804553307,191.61033117183024,110.55092763755562,2.2123230784583323,140.9378049337798,143.20695381889473,18.93137092216093,0.2453223701197057
1217.4492133907702,33.15635871527283,2.8869593500737563,22237.395907914943,0.2991729799223229,9.862702107178702,320.62227783140725,201.23595705324277,100.7883743133149,1.6638540878852228,134.80396309315677,141.7134731554638,18.87607735381942,0.21754161788473747
1072.724638860664,34.16063140738097,3.2138871048393995,24338.630967491725,0.5711165917501262,10.38639771120911,193.9500600333759,190.27208790901338,79.36126860729655,1.1793558872957375,129.7590527758783,101.3189909009125,13.595733059667296,0.17614053229786752
1176.534848050438,22.231939541076734,3.281147754925562,15150.704715822474,0.5728535661593133,6.713526633205974,162.95443990504035,198.23796595219872,129.13644712772845,3.5799206825505174,109.65579217564643,170.18880646875544,21.799805459521355,0.3065832047682493
1150.58858715386,26.940134075980904,1.8404287716494072,17922.607374830463,0.48823456774825497,5.3461320567554305,297.76548747023594,191.46768033304016,127.86316618374917,3.662510626489474,114.17726624971561,157.0744384420904,26.645234617941004,0.2631061665474273
1340.6948062945935,34.71481067244028,3.969085569009147,22369.95647868196,0.506305328419016,10.941268903956644,192.30572517268274,198.10451565858668,113.81853800598583,1.5790584254218636,140.44146635241557,132.59091330208506,21.290545366214644,0.2055409559513156
827.2678282048747,27.251111539597197,1.1007963792842785,29257.553423837024,0.23659318317185885,5.069718188430123,228.68709788737203,190.79864378531218,56.84393664471246,1.6559343104486166,130.08410774178097,70.51960328514389,12.620024278548081,0.12644570116997728
968.5779137553382,32.953212837718176,2.4193274221726506,20754.135605327378,0.40555033391129347,11.559787457450305,162.82705044747667,206.70434521217538,80.5960338375347,1.1993577272442706,115.69883267075974,123.15132625979807,13.85245026366508,0.18484836256471093
1370.2468904459352,28.830972831969795,4.120850594142534,21365.58039080452,0.29263319651559977,9.393339117878941,195.25391695168702,194.19477987877133,125.65853729091782,2.1022038919972417,145.83138173836065,172.46453468822412,24.211721412339354,0.2747928122412854
1334.1582703345498,25.629948618794028,3.2555716842216094,25720.441335099335,0.2724872174454469,7.2529264464092424,308.58045566592716,196.56617420715824,108.99576593368784,2.0375780464205198,150.6346398681919,138.4346392422053,20.83648979273426,0.2390530088920733
1073.3940516714279,24.286753332888054,2.044649730043441,24056.89135929177,0.5241213196493331,6.7253453670371535,310.8792893830404,207.40095993212785,95.17427283039176,1.965385321556543,128.5297348625651,111.71775976485452,17.09287565471939,0.19460656050761685
1172.079558680922,23.04834636629131,3.779812477372191,19483.892251474997,0.25401525467221897,5.063039649851326,191.41696497754208,204.9253212266441,127.85874398076074,3.476408097572522,126.72718405702524,169.6894016113996,21.483104745236826,0.3091001468097205
966.4287097886796,31.42697287066546,3.2695637766242935,21162.245933511418,0.38746065479855407,6.64829991907614,217.1827690213379,194.38076723284118,93.6749787690738,2.046463949637296,115.72338551280981,122.18570062368755,19.419854393682183,0.20545103190790637
912.8726958342568,25.798107602345418,4.184974437825549,18265.496982858487,0.5754312958344132,5.964098110619988,176.84768381874872,191.43798837314992,98.07477786141388,2.490316642979356,101.26758236410112,113.08410217268306,17.135810568298062,0.1884209396660363
1078.2190429639893,27.66913193301127,3.9401007447592935,29490.321886953127,0.27433282222613703,9.28516354506202,164.8345260569845,204.3134755371068,62.93743382871867,1.1852819236959455,148.2671170222594,114.34772116627657,12.272884328313614,0.18388683610290454
1012.0113368156317,27.384882200017728,3.4404316881449386,16959.515723360397,0.5911973694952939,6.165819120156609,348.4343428896819,197.8140510137622,111.03828770931707,2.873126415528094,101.87496233041384,131.48355756190844,15.691246542592715,0.22445071710405726
1150.1936671105232,28.65918543849697,2.952710701243256,20577.55176849629,0.5977151943044237,8.700408862756335,281.11879024896785,205.32159998236443,102.09967231062866,1.8897911686545652,121.60515911038314,134.13285667949015,20.111935346189266,0.2187316256137495
846.6407821789909,32.98365718436828,1.5327285026700936,15387.584583300168,0.4222468618729611,9.130814956411296,258.4193018396637,198.9058954475042,97.34703273571967,1.8387414681783745,90.71084059682427,138.58853898163335,23.775757205651242,0.22603218607327646
1384.6368845997,34.71109015375144,2.045332071541535,18326.692379003194,0.26805709607086314,7.086291888428402,303.09970008105995,196.92004825944554,142.7160066888464,3.2212901163198886,131.674551248774,201.09306422782342,25.474217126641022,0.3245348304164717
1391.7264466877618,26.113763128607253,2.676397891668341,26707.067075702325,0.32644195517635827,5.245454643131031,318.0154319375448,199.02410816424793,122.45843255722632,3.007909848292368,158.59611472883526,141.95094295197413,21.49364414156197,0.2458276904605913
1218.897028411847,32.412783831594545,3.3971971480255547,18017.628484333192,0.369797133070614,5.260777164299372,311.3429536089455,204.97117971341353,131.3616592359546,3.8489641462640223,124.77681803906985,178.02761698568872,26.97213665591462,0.2914444342635874
1121.6578198064722,31.467916919820766,3.0548314208612193,16200.951037934485,0.3237296897432892,5.184431325357423,153.3078898579753,208.04440573080748,134.55740962284503,3.9776811582598106,110.20810936886463,180.43142341098329,22.659802110503662,0.30325568061999186
985.7165697717967,28.602934271833597,2.152738103838118,22116.797697667847,0.3122542319506063,10.173872669955824,187.3615796380997,190.99534393177152,85.25816086919333,1.308267378533249,118.335063834303,115.74187636346475,15.120089440442598,0.18550670069913144
1288.2770118241692,34.340707154179,1.0258574311588422,15149.538521017777,0.588891883686543,7.226067933700087,280.9810604235662,200.4822308245391,143.78105949202418,3.5554999980621798,113.6090258812325,191.87160337610456,25.131895470927493,0.3007668719182227
1210.8387035323276,23.00711773292604,2.9849568876032557,16271.492316394997,0.26134593096629827,10.574101301773645,225.1518695607926,190.65670858167755,126.76447030033519,2.0023965981161114,116.11538457238159,208.7590953881821,28.81123864473048,0.3408525244268834
897.5701636069348,21.638963154644323,2.1425039542489723,27114.388043444626,0.4933311634867449,8.022129766899944,346.4965302122214,199.36819090048718,57.66864226486897,1.2576472394865736,125.12072284380491,67.44732622146728,12.66032261761502,0.0932159166285916
1346.5563106963054,32.809429504331334,3.9384332028421403,26572.100172894097,0.20016411577566995,8.170986705809746,283.0809585276508,207.705656581938,107.74006731186698,1.876024233203393,157.78555434729083,151.19794094196914,21.03311318977036,0.2522530306539694
1293.5223457539014,26.587247249506223,1.095785061081934,28727.08230607344,0.43847306776095074,8.590178217567017,341.3097817458413,197.23180532840618,87.76825083557189,1.5756468078456771,155.794927572738,110.02734335878955,14.140179397560715,0.16786939021735947
1369.8799479751544,32.70453281310591,3.3393112452231635,27817.731538661243,0.5663772015816209,9.991220194625727,190.28929632915876,208.64900842161288,89.9401880433068,1.4711779748509493,155.90090513706213,106.29892035302575,14.813546795850908,0.17011097337101314
1235.431705033016,33.396353077931224,4.765896950024262,25247.63344859727,0.3151736376372876,6.914520060807949,322.7914056230046,202.61216943301218,98.46565100823948,1.9947296463629114,145.44805284398424,136.6139591891907,17.54537178730091,0.23005954171690943
1168.0491175614738,20.93686390428607,1.697637068445998,15784.992859509943,0.2742103901030877,5.851111446734688,214.27046116304507,208.68310687586012,137.54313583322732,3.7720272008723383,110.25842058994728,204.20834079595838,25.385580407088845,0.36601417839745576
1050.9458217743713,33.25197144479091,2.8865979630023815,26742.729269799864,0.4606719179513708,8.89240134634023,347.91296164756136,205.14333250825038,68.28391399132347,1.4152682246894268,132.89171904608904,102.86977812528063,13.4882189676914,0.1696218692118887
1359.637090012408,26.724785830541332,1.3656879672685527,27682.66216260841,0.48504056291935727,7.288843362699175,181.53773441462945,192.06870333297525,98.06786945399945,2.0221638809353215,158.69234783378317,121.24160847727883,18.694411203425986,0.18225778824327638
1319.6383337002449,27.65648733506348,3.5027276490454105,26986.232186579316,0.4752122075807925,8.097439195676262,253.26796376766532,194.62302735125354,97.12562926361099,1.796335278242817,149.14714626659256,119.29287122102463,18.293994927627885,0.20643961094032284
827.1312020637137,29.398887666398153,3.2021267223849024,22627.18552962039,0.3277267520085496,9.528626958361137,308.5689067674244,197.88340909167013,69.86885858398813,1.151737905887105,110.64017204194104,97.04360995249769,13.336532753779844,0.15476360993902738
815.8201846983512,33.8957391009513,2.6294620968513294,18493.527579742225,0.30088096086373234,8.458880187988894,236.52849612080718,193.40213764024153,93.3968047765186,1.5822656636020076,96.31690033739488,122.3409796929583,17.373130431208878,0.20003319272004577
1025.8780201268298,20.28674141644646,3.085508085894965,27679.9496353309,0.5823675199848177,9.3419517197059,243.61681203752934,199.89823209553322,60.32379857456559,1.2231248972155802,134.88474438013256,81.99712104986354,11.222571979774774,0.14080556084582727
1286.3319984690997,27.152652024767256,4.586298633876041,25907.442146102076,0.5693198033079718,8.809400014795395,347.2711591011482,199.42736311402982,96.6493920730905,1.6793996780181109,147.21856679213496,109.39280132155103,13.888952393238775,0.15862941919345053
1392.3656775889667,30.315830636458408,1.7851772092442681,29711.417615832775,0.3829266439571281,10.178574603552693,235.06163006023067,209.12518396054762,89.19086390318876,1.4024703301830703,167.15696974094416,124.2989571740532,17.399455480145104,0.20053850754026245
890.2501346621169,30.840604365473425,1.090258046821389,17335.388966338993,0.5384775464617493,9.94155632398134,270.8144201198127,198.67455765791956,94.07472936497491,1.633524339068489,102.12775856073233,119.3667553162431,15.90806760358814,0.1912884374655226
1156.478429211281,30.38798647305662,4.446659538796403,18384.968745780825,0.38092939105371837,8.739329242660334,160.90793213503014,205.71253608575995,118.43529425562348,2.209636453250607,121.00350235979155,163.12010739085315,19.829745693399254,0.278994874678841
1028.534513978613,22.01652694112183,3.308468329551626,18176.97224822254,0.36975560722900414,9.752321146017948,318.442016042052,208.8382108970296,100.1826974006921,1.857661530004191,108.83433777463614,153.04134791843143,20.99933475976105,0.25540977481107646
1381.948638688762,24.49093382557522,4.56263382184737,26888.096514320052,0.26270517903971785,11.114917215908289,279.6336097959087,207.5397766194797,93.05499810831544,1.3543863526504945,157.2465201690373,142.29545451043992,17.60457613666334,0.21071702606434933
1305.2713538814253,25.380732881255202,3.3877808936526903,17803.609446751772,0.3705624225967891,8.02589901451718,230.8040205725627,194.17335249023185,135.70482366583633,2.824249563763942,131.58204911614,191.2146752731015,26.6090677576327,0.32769076707078215
1302.9972228266827,32.06655811519258,4.24064435983881,15999.897447349591,0.4149667754399228,7.8893415092415555,153.23390799090396,199.9205978850709,139.71744723477877,3.0572209068553513,122.08016809151762,203.53246517872446,29.155268623219115,0.34036615771824236
1081.2158958769821,24.181398086218294,2.7186934534205918,29978.41209878443,0.2090017309714746,10.349719345966662,268.3337641187008,196.95479564591852,59.2256483386094,1.0631119653761025,152.85190329893925,105.50571399706283,11.278031544563314,0.15341727467482308
1048.8917014025992,23.160574458008046,3.999439725153075,15372.258171677237,0.37764520207016256,9.077876859293958,152.53156569683244,197.99717390274432,114.32195270664062,2.2915376403087375,103.53530219256646,178.86554916568656,23.639242713932116,0.29177123118654497
964.0442431584238,34.361720285571444,4.6521658675594235,27528.660902382984,0.5125424873580802,5.49704746155812,150.24072278180358,197.21613652491502,70.39027263565171,1.8856501856165897,133.28754312123323,87.84827702101461,9.038238209072583,0.16097717852624635
833.8252979905562,20.132949276702032,3.288491854888825,20480.502623259792,0.47201842254970794,11.24478410983757,273.2197124298709,206.5271842035001,74.47066864354412,1.0905851862436733,101.42660286000226,96.63860788509623,16.75380830350978,0.14372332496434714
1318.8334257530319,34.96731283522968,1.7231406022495181,27624.23189636723,0.454062795545574,5.215481715663481,187.80341346691085,199.04278110244894,102.24436263728388,2.791687640554858,155.5058376414935,115.80049198435569,14.725455375953603,0.2153933877405363
1287.7406054780465,30.152319482860932,2.0751904601207927,23319.307368167174,0.563822171374881,10.238774493468203,188.37750994361906,200.47388664489375,102.39746904567923,1.5825144082701446,138.90748865747912,130.85464503034567,17.630529801287242,0.19698082388694468
1399.8306039716783,32.42703949173676,1.7945783075896231,28524.4684422954,0.207212803930092,10.31155899893019,280.6543131665487,209.6489471409415,96.50114846222425,1.5112279801498703,164.64677182003257,142.0299428548214,21.75924711289157,0.22024492231726095
1397.9821022443432,24.4192909451929,1.9874281103829317,28892.8947962194,0.4228190344768936,11.671777596973513,160.73943758787485,191.19958544383033,82.90695026934469,1.1744105243143328,163.1382720990284,117.56789750311631,15.56894196963491,0.17866724314392088
1133.2590233615765,20.2147291650059,2.2256617974041455,15136.47271921164,0.5149395393638828,5.378940858816245,212.68111229491126,199.75915279581497,137.21624189250016,4.272681679406043,108.71121925575838,184.42976903558247,23.336885501646012,0.33314080766332077
1261.3924491083062,31.06804277842295,3.220535147012754,16131.182639891824,0.4165341530805069,9.177998025491437,179.8863804284038,205.48123413892233,129.85183659001373,2.6060454950784853,117.57873272937651,189.62062280402463,26.98394321609614,0.3055812277913298
1366.8594379294568,32.51216895501014,3.351966517855331,18755.38094356283,0.32955822103215165,7.994883994389371,266.0352739593068,193.02323916376454,137.48488912736934,2.730197121439009,137.4766783960399,198.70363526834882,28.27614687595982,0.31372925409030333
1309.7884344064469,31.10714197930279,2.7059989889674445,25039.731245452524,0.2545002260367911,7.314430684016794,282.3530309454792,202.2306318922955,109.664176296968,2.125286042196409,146.40763753721774,139.76083788038864,18.687628455458064,0.23534622603168767
948.4088610459186,22.14275430951258,3.4616831192833417,28324.082947672592,0.5550252287264765,5.6322299220935115,294.22717071980867,194.78929559068933,66.74250366632931,1.758179432019158,132.50714170242424,86.84302893970363,11.236989566921837,0.15445814763567423
1070.326481186056,31.301418833854534,1.3262997024454637,21899.12926940944,0.3883049569550412,8.938578837699165,201.0462433837131,207.34808226449135,90.9765775994969,1.6335816722649161,120.99784522257224,118.31232362475473,15.872294156703958,0.20047966310772258
877.495649090897,31.533841731614615,1.3511529482326399,24104.59674411398,0.5512460787942806,8.353285079722296,167.8499503273168,196.5419933080016,67.64405435007818,1.3049769296999814,114.27599308809789,90.14517560956516,12.209090475399403,0.14555414105908746
1372.4306163552333,29.878107735050826,1.6873178414306338,17827.497791933416,0.4343408489732673,5.73188120705717,165.73673138837955,196.5812563380182,143.80691148155438,4.092010064543381,127.65680621119662,192.44074765901448,23.113870577401897,0.33212656514432504
1163.704780670528,31.491738991933794,3.072309992161379,27074.50250822528,0.4696768466460003,9.287426549679584,235.23030969014474,201.96387757035788,77.64628800850129,1.4868122155822507,144.6312609187587,103.40810803125525,14.121503960944326,0.16347795334041254
937.1856833020777,32.68882159516598,1.8559787147932543,29509.921670302047,0.52170446175138,10.16567184177057,339.168881812543,193.67125816239817,34.470319373019194,0.9471916066034136,137.46899142492086,76.0440875357309,12.408980949066304,0.14028606414898778
1203.020410643514,29.204061713561877,2.1331376139703093,19028.98399371896,0.46366221784005374,10.370948107375538,193.54580684940493,195.69777277806122,118.04610801896644,1.7864932062333188,120.95466271291168,158.56417996479328,20.336883104227372,0.2671532535961024
1170.8769442747375,21.329070709545185,2.6012513446919763,22422.389274008194,0.35922193627157506,11.337612317836992,201.34832026830986,198.33263700238822,96.14376300822981,1.3544622513062596,127.67585631976203,132.565918459789,17.129787330501976,0.22322306849315288
1014.8976308197043,27.314417145008164,4.24746449604152,16291.741657595607,0.4054533535714604,7.86629519322144,170.1777604211718,197.0727572628022,112.16382503448295,2.3666228174996116,106.64266826446148,154.85327600940096,18.99413275711792,0.26388730153483303
868.1345553197774,21.164740020074078,1.0554485436514405,23387.049846944527,0.521218209870352,11.671509380354959,271.11405477878606,200.49754436011165,55.771051187530965,0.9026201203765496,113.85942027989222,91.07656739984432,12.97213333978073,0.15083838536348199
1202.9439173556798,26.11314546548646,3.5975152809464896,22541.751627700207,0.3494601185491937,11.058005835578802,285.974574789435,201.99280288137933,96.44777991485205,1.3888315540062157,132.3274078056012,132.3933739692637,20.71368702701401,0.20003475165245982
1112.184620542276,26.106597336884413,3.6755061241627414,17166.547262326163,0.35524858270739884,7.075510997167573,278.586241632152,201.3333490750033,125.24956075830785,2.851848243806798,113.45185184104425,167.57485030763033,25.786588563630303,0.28621377026206996
1263.3910350413835,20.990147662103624,4.194623121426546,21630.993196771124,0.23827604642320047,6.114981261446209,322.22604860895626,203.08336623983865,118.3945008770826,2.880545176671823,137.53119133749473,179.83729907242008,21.362522818172895,0.29970405267598155
1112.098100667196,25.23230800954219,4.731011756241253,20011.56978129845,0.5658337740886991,8.047725772896094,247.28516700521436,196.15499033215642,104.15794387650853,2.029963017102804,117.62773584259668,122.68084859325327,19.146686858574864,0.21695454391041713
1311.308900191124,21.664971481869724,1.0805513957971593,22827.463129577838,0.2364145259781767,7.813290955691766,176.8914081534129,192.52852454310056,123.851710729639,2.246470113840657,143.91176754181132,167.83186257401795,26.20218593272103,0.28228668682325775
1131.1441032646912,32.123528150138334,1.6151348220528647,23784.815031431986,0.45928367097942235,9.03003513731843,207.88102614088254,205.21615082862155,86.98609132864709,1.5210568090409746,130.02377654467006,114.306201151895,17.122709613863616,0.19217367451978246
1136.5627829212317,34.21532038946706,4.544685176223972,15127.433679108142,0.36527779152111906,9.083703626294236,282.4859946842704,207.01560765261365,127.46540415346416,2.4265405136187237,109.61672682613451,199.05860262416456,27.07873990889785,0.30601106109713255
1325.992161595007,21.08474712886908,2.8340742487480615,26415.08974424333,0.36224775610217697,10.249908890659826,272.62439474831194,195.14012464444863,102.29418321832756,1.429078990896123,151.37734839738403,134.81154055529487,18.02517274461948,0.21561809537581883
1042.0897197274383,34.32672810937552,3.258362555733854,25695.21437792611,0.47182073462907353,8.569229637439271,256.2006259485925,198.1418391231604,77.75956854793803,1.5025425590556478,131.32257598738167,104.80721160018904,15.045562059437493,0.16665732039180348
880.4091370703844,27.838648990051176,3.6521088148925895,20494.295793097834,0.2268374930519515,5.733758486585359,286.59288373773745,199.9713843392711,95.89938530460452,2.235030399942945,112.20247684004045,120.8752559937484,19.814607663281045,0.20618684723188277
817.2696057880033,24.49348516930811,3.7162664179825495,15794.039033532274,0.43748231318057385,11.008039348871742,277.4781700746599,200.66653685505872,90.12425344129151,1.2881234565308133,92.26397668018889,139.30950441030203,19.01111856498501,0.2176900084663347
1253.0823534041715,21.152931129142452,4.726961613266033,26323.988096775756,0.5088127143889418,7.168352082296309,326.2649778929904,203.18980342175303,94.59755287957553,2.0526891643652068,149.6962639148361,110.62762613666538,13.921464809239822,0.18370887308771708
1172.1857308120789,27.509364021056268,4.987797669646678,29327.62740717199,0.5312851031546377,11.799082222146144,267.20327549565934,190.83206466710644,66.06215127077827,1.000912138884898,152.45634599985425,95.09518918551234,11.980503887931306,0.15724224421618452
1222.447860859534,31.91773316736123,3.880629843723761,18602.27394033021,0.2682121557575101,5.825020760758391,305.7202717401113,204.42954165468035,131.5739162499112,3.2919794753485765,124.48236676859646,183.31340068482447,27.60954443255684,0.30356851464503476
927.7784969053464,30.606297159000473,2.1488848368206033,19852.86920605557,0.5589676200312694,11.707758205627522,199.74143119329358,191.23942013958822,71.908416053543,1.181646550032917,103.75873699381752,102.13953036344009,14.573322354060837,0.16624167644122942
881.8228853520618,20.753390171959605,4.519009609177374,17757.193342227223,0.46245843673897685,5.637082648177619,285.6365169178136,199.36577135345735,101.0009603216429,2.668908592944688,102.05418776792652,120.73763316239058,17.977211635208832,0.19260141676428968
808.7267994007292,21.093527530518553,1.1968836581630464,23654.041850172594,0.5527419203282731,6.617252965629416,330.43882367653515,206.5534227113839,64.36244365229143,1.5702320575880975,113.93599668744739,79.97789463729978,10.439195996673899,0.12734514776423006
1010.3525352839582,26.043099239489557,1.9243234114979848,17322.620919711822,0.3941122868440793,5.326059594605791,227.14646557996664,199.02430626556793,116.93723793941768,3.375217219815722,105.33337826680479,147.7024188510768,23.548370904308427,0.26186623614680204
1153.9506121127797,24.42935741071915,4.58954286985486,20342.909151920692,0.41681333803888077,9.935792026472964,305.82083746772935,192.98179497536495,103.563023465029,1.6701074596109073,125.85594218759478,155.89452801222538,24.081429313824867,0.2382409454474824
1035.3464270598395,23.485764845840716,2.02476605775742,25455.195209013946,0.5676153108114684,10.952091156002542,294.95786023908704,209.7006769001192,70.74408751450748,1.1164598325532584,129.3077860005987,89.02254832475914,15.307709113177395,0.15715567158870128
1062.4849532142375,24.215067483630705,1.8826042384869939,23401.73974514023,0.5599638173418686,8.038497572711863,161.9052393743645,207.78570924148528,88.78779592374065,1.6594413174267453,128.55741293517036,110.50587658350193,18.82867704347015,0.19209722160253356
1342.495216696249,32.052241149453266,1.552501172560989,20796.93846491903,0.3792643493476008,11.499654525297007,266.3016619248144,205.4262726645003,116.34236154286943,1.6069202683162176,136.22183383151045,171.6784655505516,22.324253685941354,0.27090460165559177
1008.9532802139802,33.93842080447781,4.436447030587666,21303.744027113127,0.3097650526542727,9.132093502289198,176.03786984016048,198.2302320579842,91.99040131685487,1.6001202868716409,123.7592556794611,128.01094356157876,16.59976939552688,0.2380049592661092
1108.3936934958865,26.076540417913495,3.000233036764347,23431.663239348443,0.35726817382570564,9.410049948125662,343.4638344461182,193.67691453778596,87.47669210977092,1.5312291535323084,133.01182981560942,120.00442688801608,16.28579917282459,0.20774996764583015
1270.191807644686,33.59166503198745,3.699572812216619,15087.97091830742,0.3551057314118999,10.917934411905389,312.2815005401312,208.82822362837004,127.56593543784088,2.3274161956422237,119.74392493179688,217.72131634998306,27.70012662697842,0.3403633414143395
1037.925669392762,24.82243551871823,1.9562655363001187,16177.648026804149,0.3147467499931176,7.0776014353628725,171.944760249424,200.64702253034278,121.51445886635938,2.7408204717149958,105.15968845478164,170.4061495420946,26.215688232926833,0.29047916956729236
1173.252020136724,27.146554795156874,4.0321616840448655,28218.871016445177,0.3074318417331866,7.47986004929338,174.35039952953568,207.0471092077497,86.51290437470153,1.633278638354484,151.25031584042955,103.66596173263959,17.546082767524126,0.1724903596457018
1317.418225248047,23.390434967239997,4.040022179848394,16168.18483636936,0.5444251745918878,11.341663434362511,268.8947709825238,196.8419001151885,128.65640548218775,2.1050111374002016,117.44471200842385,184.74802477532995,26.149293195110406,0.29040502762840287
1369.7123741945852,29.60714063263766,2.2503920996332005,25602.053943157578,0.22794476827386467,11.306744472271347,218.97783483463667,196.70576634158942,100.78220615423092,1.4213916885575792,157.25771126127827,144.27582081751842,16.742268626046172,0.21992855668019134
888.2440885574227,34.68471672762213,2.6427305320411314,28800.57246163579,0.47104447283983764,11.835379433406096,156.98117181462186,209.7108096134808,41.206156862252485,0.8398148628975792,134.42877867142946,82.17708136832415,6.494615369252381,0.14161270403034582
1355.9525750968967,29.052396440650682,1.8387611097208034,19060.254064525965,0.2691280205825809,11.312868215091697,258.3283015666106,200.436660969897,126.2235538418171,1.966936575127765,139.29504422705537,200.10797059555392,26.58744744459309,0.3138518669983672
1095.269775847723,25.367211261703233,4.906244093291617,20557.371555892714,0.3378023573576253,5.891604252233527,227.5690199371694,192.81390847721494,116.971166274793,2.752717987273881,123.28534545261643,145.6254046356788,22.768252084039176,0.24494652327588648
954.946632979375,29.717261689857928,3.5824103082336465,23533.821087670745,0.22461721365393475,10.766070002958912,170.21529847434851,194.39349355989415,78.71754336171018,1.1321673586450491,125.97719144197791,118.2094748294845,15.595027357323302,0.179425626548412
1075.4814537429568,21.843810176980814,4.738175522862062,28225.63454457877,0.3079894547421848,7.868869346767158,310.3840784511965,199.63888558785442,77.00291969447584,1.4661630898169369,143.64428828417337,103.98793226380938,18.309077166619627,0.16316194992089755
1388.0195451712862,33.329886203980976,2.2135421745165327,29128.583808906304,0.5073684284468969,11.935609491621566,333.01535305576124,190.84941820976823,84.72642912861761,1.1982929726412281,164.1391564555631,121.10511937666976,14.30164179286212,0.1923713167907022
1095.5708563957219,27.546259261697546,4.127563651987559,26093.44872166902,0.5540061298189034,8.305966750301607,301.318786802826,199.250679707566,74.35905709830163,1.4651945921936465,134.94472318409166,94.08558808420959,11.0588677156097,0.15966215097549238
997.250966172505,26.74024613059463,4.0634345755389685,16299.296412820411,0.28861086076094683,8.876852577515544,314.48446200325543,198.37881684160254,114.14160746263602,2.068981539693319,104.63550581508132,168.06789007566908,21.248197854115766,0.24690805887492237
1180.0405125900354,28.78797182680279,3.766622607466166,25037.31233302276,0.3854191357035687,8.70842440679759,193.29811345322346,205.58672530638975,93.34971873948771,1.5569029092827265,140.48211204200848,125.49090786508633,16.102655701983455,0.20397458888212427
944.0873712669159,29.371757941841036,4.862555901067202,21154.55582808993,0.38812961917488253,7.252159209007944,202.7145901837202,197.09883928978485,92.6498442763147,1.8399258089219346,113.58235572596317,108.48946200624061,17.143716239968384,0.17367224097272993
845.5179968651984,21.076637093397697,2.574221344425262,22060.514992365923,0.5494301223038937,5.525154622250427,191.70550805983754,209.65097523079197,81.76832189601417,2.1628625052032286,108.79706314753525,104.43701923206169,14.053003586559063,0.19230778043462707
877.3278331463896,30.239258318351034,1.5228692943590292,15737.225855177656,0.5051196211503222,11.26955861281343,303.01268627311276,193.61539838601806,93.45782106456191,1.5251914050453852,91.52396289763466,133.48273770592425,15.05956377908157,0.24490354706939457
876.8275033746635,23.628975204732946,3.686835436976243,17865.932090195372,0.4052308873472199,10.618730687684007,339.5834157868994,201.8197336993627,95.59253654159059,1.3403991431352404,99.36952091278994,125.9393425016157,19.505707236846735,0.1987202148342388
891.1416161073766,30.709289487598845,3.9172392019088247,26857.704113004715,0.46829888018870935,5.976687463917685,293.36744134678054,191.7939859401651,65.24733199226203,1.6618552004281861,129.17045540563066,87.59961237150108,8.70785169695679,0.13079568495440153
883.2963035896461,32.33802191576295,3.3002422938352587,21809.382495717895,0.5389420215637467,10.43737789945051,326.2933529759112,204.67727967987963,72.97717535305809,1.1223881569297962,110.69262266272906,99.25308216490045,11.635984155415263,0.1612722745158343
1184.5248468819286,32.05937761328781,1.827271572533585,19524.933624467234,0.20381558161021798,9.38092666235427,277.7398189766345,209.89507376123942,114.87544067144546,1.9370011471602762,127.28319050656472,174.5418210692179,19.90796779776533,0.27912844978049756
909.1280506394869,28.28751451111834,3.0178237666774215,20760.28610947437,0.36115601242001943,7.864006515423356,227.53198011175982,206.38277275503265,90.33716507664889,1.7226424521705583,108.49659164252097,115.4790484465501,16.879539635997666,0.21015850368154365
1007.4003699943179,27.802548384661268,2.2487589462765176,27815.992699885202,0.5628972669108314,6.7781480436689385,235.15232298606105,201.11407081440603,70.6276327014217,1.6355921700132883,136.295457959313,75.75439136784554,12.082657349843805,0.14665340218565664
1338.0730459436072,22.143139420091174,2.7098661126667563,26234.985261074355,0.49612521233758056,11.018101484515627,165.06428643348096,199.69482714799383,93.60310262173479,1.512923348316016,152.60830728272626,119.94199805479924,20.916516696155426,0.20369598027132468
1084.3769841577234,31.63019225604703,3.5808743033786556,19084.73095771624,0.41713654973362985,9.901317815058372,156.29143904920522,206.70059922533693,108.21606113061193,1.7811852165689224,115.26308643123018,146.4850202272777,22.20373982092227,0.23167244169447918
1200.5346431126163,24.071140706700717,3.980858970763338,16762.5276031856,0.41185781081405337,8.834179366283959,289.09512083781544,208.7194816942145,123.60548504317885,2.442349328178333,120.31185358662437,184.20822020540948,27.508388786571466,0.3075134892517056
903.3919227209778,27.450431342269198,1.9288987636053725,18779.973324661078,0.3391080390417751,9.266979737289248,237.6857784022361,209.78413051596186,90.14061692853578,1.591128776026972,100.87836022324714,133.93871593066882,18.503565931333355,0.219469425246956
915.3734112852025,24.26411139391275,2.6213014425878134,28811.346765821007,0.4082082134566058,5.637463274575267,260.4430136109259,197.9307845512897,62.69880611759674,1.6806000712840343,136.80205604426718,80.31471885933715,9.487218355973585,0.13969131103483998
824.5211697598874,22.0074254449954,2.0766462839665167,23723.83256774633,0.4621532797853813,8.317438326378344,261.5322495244833,209.81834949589023,67.75861499301456,1.1971948905876042,115.13607830196123,78.58008239167417,11.963310994762091,0.1142597740077086
901.3610378432987,29.443365453376046,1.7945264554474765,23002.203131171744,0.3673452153715172,6.355902049499914,205.47516266666028,193.11852504347664,83.23735898916463,1.91487004439394,118.66125929753923,107.64681468891628,16.455575909021086,0.1912368758618503
967.1542034191751,20.814980522343557,4.133548879983353,23945.90399538692,0.4856612585568696,6.458685753061777,245.17850216589812,195.07099551863817,86.02825700538705,1.9264873835969547,122.93447072423548,105.04096296579525,16.693152362197733,0.1779044015677748
906.2062905660481,31.229678511893,4.637010777747969,20490.42398619773,0.5444928909041543,9.629127736008067,244.15204433354046,191.78032249467793,77.83455956714717,1.365824237537513,108.77761467424384,107.48487095001914,13.880730153156621,0.1738771353249581
853.2215202542334,24.76380192891675,2.480928742738307,27106.60530479269,0.2618739392739445,11.378793062840018,227.6854442455714,195.43477032968963,45.56792216124563,0.8435699571299743,130.32134899963467,86.71807859369778,11.560453007960273,0.13251125251175816
872.3815226603605,20.00202039506728,4.005115697495068,22849.293739503748,0.38061880912696977,7.826296273348426,314.13507668021407,205.35875103236023,76.9502820884423,1.5255669125482154,113.72971527356434,104.14617677078823,12.621660767055914,0.16353876928513073
1076.4672608196354,27.66693708855845,4.587981157457644,16751.218541531933,0.36320803651403244,6.454244911085333,240.2328007375192,207.058487163569,123.01874301576173,3.0292832679210617,109.99196197042362,185.4382637612448,22.590005353939087,0.31162281413386766
923.8002310434755,20.702778627914046,4.384496842120926,16935.976872435946,0.4749859216198912,9.54122856065658,270.72890490119755,205.57785290205143,98.90330035087612,1.641926466696109,98.7445219715714,133.67073387297307,16.374353315136965,0.19943373745783988
1018.5619166288452,24.142543367313493,1.7312535541569036,23052.887197539276,0.2999469861031717,11.098309324452224,329.1040240761652,202.62131556335393,80.08294913841934,1.2065170438568777,123.58563499834995,113.62473591647276,15.54586678150496,0.19039726190977835
1102.050362512914,30.60464731183574,4.825167526053445,29048.55327106259,0.45610036598091047,10.238231607857436,323.2467245717845,200.27933025045292,62.13355802685102,1.1032816484362202,147.86151602347553,90.78505752381952,9.877816533901036,0.13666934840013462
1214.236897177619,20.940344324327988,2.50670576171785,19625.28182514298,0.5509956966925952,11.08130061375611,328.08444075583304,204.17408578427293,106.29156495512237,1.7306624940926028,122.3364030063291,146.5696606206671,19.379409266321144,0.21657430900987376
823.5872839046593,32.59007738534004,2.3569626446953453,28043.117532888275,0.36725263991744905,8.755882697075595,204.0009992930028,197.81667098534444,48.42423121467002,1.0577992801833322,125.04008268462374,68.69840202146757,11.175643761718925,0.13184454899329487
1279.6462393454256,20.057298839878747,1.2497253091111213,26461.43379868319,0.564406279991688,10.263133710584336,156.99649766161258,206.82616702999402,86.32995571522378,1.4795020196709583,146.61876023549647,111.92502386118827,13.802139009956354,0.17410168549503618
1176.7402336945447,23.702358038028535,2.944694616419532,18717.186643603603,0.5972654955733914,5.980451915512555,202.21335997906584,203.54380187953572,120.54181266111883,3.0978554271052645,116.19919372269636,143.00443848766824,20.075076024894333,0.23826362038733806
849.0554191693232,31.11356084228107,1.4360544625637148,15545.111224743638,0.24243681997918085,7.43792230754234,205.74146912414173,203.95609396988817,105.86125949309317,2.1637808511944905,95.99906454308281,161.26921337177654,21.513700382741916,0.27488701187969045
1324.1471744640662,24.744052245939603,1.994159283709704,16527.708977135742,0.2932212751939435,7.726844151370657,331.87206534499364,200.71871986258142,146.58744719484034,3.16629363158353,124.94002455245823,225.3376171490508,30.247778950575825,0.3882136710445779
1352.523440319088,21.528385820990202,2.2677704870691255,25927.409007711605,0.5801519005928373,8.579070223722242,279.8485465675941,207.70457968422346,101.25928792836541,1.794593608982538,152.9961204247674,122.83089121885892,16.928633150166824,0.1868622571320795
836.6467759129182,25.40350878200642,4.235305293966736,17995.0460706097,0.5833310745925546,11.503534521797766,166.34079192044575,195.04029467358106,83.91105790898575,1.136421053696221,94.10086618524977,94.57129665223715,15.852308502368146,0.14365947491281125
966.1265888883222,24.055899295767883,4.501954601583586,20569.063807580907,0.2390829101547034,11.12007592155522,177.07571920222023,197.622953067221,87.01536545570102,1.293794365109267,117.8368828475145,136.94138650542902,19.09744475845985,0.20952323518763025
1283.7207678758368,32.64067853240832,2.2098652698458787,22525.487490096373,0.2059994001508547,5.941678446024292,181.13522510839508,205.5528513935538,121.83532339636386,2.8500936673306354,147.18896337019234,167.110855673462,25.395407534309477,0.2885152368104559
1248.955814230195,24.700218763777148,4.434792484978296,25882.022526752444,0.2644400093025689,6.209527563177242,276.08434963378465,199.85497792258676,112.97257642271389,2.4208614446660346,149.32888122878475,135.2808565547599,19.697070789503783,0.24352122055809552
910.7126116138264,31.833987076640106,4.428923749479164,16698.46834888688,0.5984051133528994,7.5034838471223795,297.0828051014006,207.78428026848383,101.93258697441476,2.195343995819761,97.48538276784303,113.6547308846644,16.221347809813647,0.18163301066941342
925.6095940020261,33.37808217216102,4.058603801539494,21095.496079161923,0.27199984664427473,7.0352070612347175,321.92878211307925,196.92798639525705,95.34763538762346,1.8790503931276064,116.13010150639403,117.42760011610068,15.656754796273688,0.2090793574851093
1022.2832616748292,26.507261293647943,1.5867804560607262,22276.09363714043,0.4010190426888093,9.303396672093836,338.1273101612486,197.38660337639288,88.74685708172268,1.461368159887328,119.30584031672726,111.57329124031503,16.639666901621744,0.17488327734405879
1090.7137911146128,33.64914715781588,3.761291387602916,23112.405959573094,0.5393670905722043,11.319432334351815,190.34091147728836,207.7747157877325,82.83801163541649,1.3302679866041287,127.86117358194788,100.21256426665522,13.88973450654319,0.16698275529547982
1170.9528629181775,25.659770809447892,4.780096258322275,27275.40962092825,0.20816064427528255,11.736040791708108,211.95449694480982,199.28740640364083,78.5197460723504,1.1153348481285328,149.5739036150453,123.0653385033031,14.9884672106907,0.18303681924196177
1021.3481837418634,34.461176247351624,3.7301619150686283,17575.172925648254,0.44179559290338377,9.575220667746585,198.06457614896613,200.32249168404974,100.75281727853907,1.8003097587615862,106.85998114110919,140.8942880660764,18.43519389907859,0.2281252255509105
1077.5208296798887,21.339342867883595,2.326467396431336,27117.471777399332,0.31081017954784973,10.867114409807606,221.75231349322755,196.65527430671358,70.79202788389708,1.0572373793321796,139.57343967136381,120.51926608941653,13.937522547616584,0.19024014578671944
1248.482562880254,30.305288997548644,3.002317269723325,25393.176415449783,0.5449339665758925,8.67641540161558,332.9330214847499,195.53339884358164,89.88821554950837,1.696316357582758,144.3024400011803,113.61993425111285,16.678694209575163,0.1842414818893441
822.0099217343587,27.40721060685393,3.5829001734042145,23338.06221298439,0.31338445970563167,6.458288628020278,265.0225133878723,203.11897421676784,74.46300051674365,1.5872411139874714,112.68920756820897,101.51793965646375,11.25330884876847,0.17199903043776732
951.4621666064124,25.814732081834705,3.0422816349140143,25492.91805603858,0.47470228811276355,8.672818884654342,297.6383794648998,192.39681323082408,65.97056798451463,1.3424638166292084,130.71324105217283,83.2394446221912,12.542833593486392,0.12821349645105362
1228.0097515307316,29.490678181229015,1.4798117669238793,21180.266084274845,0.46968785297895876,8.885578210063557,248.0238472253564,207.5854528236582,110.82173216844281,1.86710180051517,130.40440371696027,139.310997271875,21.363715876031325,0.2188002809310958
1337.1241026123196,30.55785637451497,2.2482561786080826,17075.96378952187,0.288597419543856,10.197202949494896,155.77158266722492,205.58406273530215,136.67613557967417,2.2967283387073993,124.67976213657394,214.90121387615665,26.96442968011187,0.3496978256508025
1107.0064652693995,20.065449044754637,4.20958412221453,24986.47860398051,0.21391967994734007,6.539180927951444,162.83909719956287,193.81496527411605,97.23216874781833,2.0630649423726344,137.14303597223875,122.06866526386185,21.38814060014751,0.2171540006292764
1119.2680911591895,22.504296331207982,4.44567218438207,22870.084600284332,0.3636998295141589,7.5781726746071225,257.58460625357714,203.88039891649132,100.10716490733245,1.9545229861973539,129.75457315111237,126.01854924831744,18.125299754405695,0.20834491679397046
864.3032068038656,30.695690759514783,1.549200130862281,24590.622008141632,0.3156772607863479,7.548192284501964,293.7578069640051,202.0526584257127,68.6462024851893,1.3610667061573274,125.71965282870929,93.63029244038283,9.859433627845995,0.15909281345676923
1068.4474200940729,29.995781203673097,4.8095470095948984,20069.98171542735,0.5235910998454834,11.716077170188154,193.0661055057463,193.6907010147329,89.47727697122798,1.3961678354261327,114.6937459606252,124.58764731815968,16.56270813047767,0.20842394943447426
1119.5703598730138,34.49071257693016,2.3152904713944373,28602.99866009754,0.5201456753821381,8.107614722287032,294.3819147984608,195.46407012100465,74.38476855744068,1.404029537906218,144.9485979154386,101.95404569234087,14.232417429854118,0.1752764158039084
945.4823021808378,31.415566853761746,3.64925495492288,23810.548028633653,0.3828095808770502,10.285657771087026,312.1331546967025,198.17973007467668,74.5416201828219,1.1570531298374038,121.3427817638654,104.63718623939715,15.232239624917952,0.1589910633991034
961.5459385696286,34.26159061597007,4.007300583826725,16281.037264363107,0.44260489012928755,10.255679669621074,232.37949567242225,203.98485470490948,98.35549930648551,1.760198361337903,100.89531172649104,149.56330579013547,19.318643359507988,0.23417683999653321
1026.3704978627736,30.538107523022106,4.247784938551534,21747.05986056643,0.44170380639477,6.85880929362269,299.283846568821,202.77446817634012,91.38181845908248,2.0874614422165054,119.15408553013407,120.37040060907137,14.917036974043524,0.19452946939633678
812.0427186666358,24.47078312959165,4.78299880890372,26345.340821154517,0.5308632593710494,9.003087825602124,230.805990065692,200.64469695353395,47.89528458153764,0.9933293520744793,117.51752336061654,75.51627954885913,7.682963894207177,0.14249405085297315
993.247499349907,21.58047383376285,2.2516781921152904,26912.018425984086,0.370000965649279,11.260120253230536,285.670125891004,205.36821086228068,63.69944391097484,1.043182414393302,134.3903015946151,95.83951016552932,11.45591775575699,0.15927301878394604
926.8688041979268,31.72735795017403,4.4340258182062176,22418.95579145638,0.31017867191620363,8.326384036198647,302.79940986390864,205.15875479212332,86.20429575561698,1.4939279986581129,117.61752786083721,110.17615214709156,14.594885107179158,0.1848366654110686
996.4984113067487,29.66223832213874,1.5267476137448281,28421.213562469515,0.306013967256219,11.615822551397823,348.3853236616221,202.35718308124513,52.25812012720797,0.9426848486745899,139.27884710172216,95.86475232401558,9.57988146629937,0.15688633450460668
871.8572790915507,20.722790185899445,3.820163625414371,19015.02655791446,0.41447691171288165,6.501207605269132,219.07933241271922,205.7398016676965,95.5358158977257,2.1922602567255254,102.06174202574897,122.10043646735976,15.945273866999436,0.1918653232320999
1334.3163684439369,25.400756988514676,3.9679109180559435,21158.980458574,0.37965928109288505,5.519113740418215,232.2081561149223,196.68526749558418,136.80531848196625,3.483680069986058,140.21042586172695,169.1208938928081,25.79301403886066,0.30790004624684314
1156.1554721324292,34.351997232264296,3.7108929648052817,28478.95365853455,0.37604830839397446,11.240177112013246,183.12401188203427,207.6249905664521,70.14261478558218,1.139534898851628,148.52598424910477,104.28169398115769,17.250769916728164,0.1726097652681224
1207.4613914866936,27.50601718565302,2.009258944540612,28443.850747073684,0.2364549356358829,10.933768385735515,190.8146116803614,202.29820171603882,81.63022823128276,1.1743934577833588,151.96415637092755,123.62117605997499,17.931035771042545,0.2044072997943456
1273.502743164403,26.49093704029557,4.492172588060813,25285.691532370212,0.48744149627607825,11.948129131536913,288.6790005196756,206.44727027624862,90.87544314543241,1.304277010388199,144.03138481523393,120.91402772812148,19.554879842257936,0.1767585988069062
1099.0653193574344,26.86549407738941,1.67543385348158,27884.708206833304,0.2854946751927643,9.755754416786981,333.40911803089523,200.92558209580568,69.66929304193593,1.2227221801420347,145.4242949729853,108.29188805920161,16.1851314245584,0.18246149241383794
852.1521728524542,23.133240860077457,1.2145391660833234,16331.59900434349,0.27878145208348853,11.556815486670047,228.9209903322481,194.3687648997736,90.55127976717579,1.2940104277889215,93.26966632982267,141.32830657611203,20.216627564259714,0.22137043964078099
1122.2639250911286,25.53060756297193,3.8698599624476486,27974.924643116647,0.36510332811095736,10.788643175588776,185.96888936710826,200.84820257356617,69.54032203162504,1.1306652593574487,149.03601543316606,104.03064106672471,13.210084521753323,0.1541247844463992
1152.1046708125275,25.54719883980765,2.9019028609309347,19809.2985982534,0.2911113366471206,10.91098433184061,207.0198998765988,197.42223327553177,106.20944641571364,1.6119347592121627,125.9226649488176,165.72842297091609,22.03685130770427,0.2551743453897778
1247.263684510598,20.785325302812087,4.396392079834705,17674.972686423243,0.43354330692320614,8.983990993179878,241.01034096162772,203.9499807207419,128.67998860257282,2.3855998102428,124.21793501329509,177.3254780356774,23.639198646147975,0.27719527307141045
1058.9957277378076,31.513514427768776,2.533588564233036,18590.547545130696,0.3485853357337886,7.676552185416976,208.13006587307368,199.51587583469473,112.1721163317794,2.219763739220564,114.86686251462908,151.19084531552167,20.630822607116833,0.23616606341434207
876.5481816773382,26.247566478558184,1.6731143540308513,21269.527620208304,0.37956468903711604,11.541906507802974,196.71581662437325,206.72225609855374,62.78560973464163,1.0331052385301058,106.52060852544827,99.61270629750643,13.128199483345018,0.1603555900352028
970.2655434792347,32.33269830224635,4.345768769879479,18767.880069067007,0.41486772864161153,8.024820229311262,297.1968977514159,203.56145024643834,95.94204255681888,1.9655114423427207,111.36722431960796,129.57134678012773,19.468203450113784,0.2101445067063023
1017.849377839181,32.75522001679843,3.1956385265602867,19808.513790247485,0.28141420899272196,8.771735570747683,151.56898424812465,203.69088866062648,93.86675520751074,1.6917231327151188,114.5481541867827,140.0871335636057,19.56295786471956,0.23038862529417364
1187.5503447989609,23.179910820479872,1.7567831695614196,17024.67729107463,0.26230064914621193,8.122800149876314,257.84610546729664,194.3431066698213,129.69250415702078,2.649194654891913,116.82816933596416,189.79444864878505,25.235297698435755,0.32794337823277675
1142.466982801347,29.86030223255193,3.881535994345783,19442.65148338498,0.5521687611494419,8.953728197721379,308.7533614059508,209.6849953298258,107.86832565083162,1.9572468398167404,118.90609228890501,136.22962828895297,19.6389137969661,0.22262187369532346
1013.6580355387077,27.084227062444725,3.044454553958002,23584.25721813002,0.3734894811325684,8.29353555294629,203.24565726349363,206.83350418542977,85.39147292030553,1.5669914802478493,128.72637126306427,109.70669884490438,16.474781089603844,0.1577810701302508
1391.909149275788,33.202351068822274,3.4172519289612793,21627.80562136596,0.36483744385301564,5.335772910056331,270.6583021224035,205.78009769121388,132.5797485389839,3.6463760153030043,145.0319784307547,168.77565361320046,25.443221048290418,0.2872076584573526
1163.4648916141323,23.236110187646812,2.8435933528263275,20200.781418538667,0.2142448601091366,11.17433730205389,283.7800211237236,196.60430450320055,108.1232374781328,1.575801772564006,129.00912709117895,165.16854799018986,18.82535251095141,0.2754447840749036
942.3360750415967,30.167198004650665,4.314835935272026,26196.78193285671,0.3991905210349573,8.110756732410389,281.004939281018,200.71263305694464,69.85582589379214,1.260059585201366,128.51899837979246,87.35471392916423,10.422065258038637,0.14277327202079174
861.0694835722422,29.116281833790836,4.318250862732199,28402.649570899768,0.4216678886444,9.12260553955144,239.16992683974354,192.74206376148658,44.319033644744934,1.038173435371274,129.89188434518363,74.56574941384308,11.725403712565727,0.13752366501139437
891.7154835105993,24.42952216357749,3.837555287297545,26351.838343535957,0.4235363483818666,5.974314619305909,219.31559757515583,200.7695195332541,64.05525471190843,1.714373559557518,126.89728615147597,85.73997833641872,11.861879504004056,0.15028311903158142
947.5746370307049,22.04901355476759,1.421605509585849,19980.010531765187,0.4828124677291537,5.023714935878474,317.1848146055627,192.91778492966574,100.63388598480337,2.8003721304701226,109.29218111863348,121.04843748754493,16.88643269105391,0.19119368019204475
896.4088239557334,29.774596407159148,4.355415447616275,26166.632517563303,0.2709927339964047,6.717030655505501,301.68919139997286,201.06075687979202,75.81466426015827,1.4925546347416614,129.99817179474655,96.05451414023115,13.222535326179075,0.16010314006214693
911.9402144307835,31.07896187198496,3.6840519221316392,17279.70273711077,0.3008892536922475,9.932102224933452,214.25103468278252,202.97443760309812,102.24094482827806,1.5773775712098186,103.70241760078606,140.16384948709978,18.86497293407712,0.22898956288539515
971.0571012163083,24.73441015645025,3.788096664017198,16954.769821369362,0.524292186092165,5.69436171079015,170.6038388884412,197.80391934499804,113.69734405112071,2.95243643523606,102.44603538804952,137.22508043403786,21.189669521861433,0.24616554301615384
904.0241571768529,29.672489060334705,2.4519313616154865,20184.405555542384,0.5788682467373576,11.362212082705275,164.36150908909383,199.97089756662587,72.77056072614401,1.2686713287005398,101.0597198326392,110.37774618024427,12.43583176454953,0.19644969827348752
1338.0592547758552,25.92696361417255,4.517118224628026,27115.535535660856,0.2543730989469283,6.505157985493292,168.85519557978722,207.51306775349173,110.02078283023086,2.3500366840291265,158.07054213668448,142.40871245679386,20.243915115955502,0.24619069072256908
848.1402473969853,30.698103249239267,3.90148640093943,18695.223708634527,0.39905982180208727,6.432155300042431,266.57387223840857,192.17126289405618,92.91679230059442,2.1385171696342167,100.77048088122598,118.94458004933013,17.44114524689477,0.20420683974420953
1114.7068337421529,22.988229123410797,1.4503618661167779,15948.801133480194,0.28567050109583475,6.270555731350468,160.33243516579793,205.83465785999306,129.70081217688343,3.332688209405916,110.7798071120513,195.33889308260686,26.79571225389023,0.33309710443375296
1046.238096193797,33.353225039542615,2.6311121376246507,16975.64302809533,0.224029267341993,5.097871990799553,217.38537499280767,193.41509101992392,120.0527547309559,3.6170533099975,108.8321265686911,182.32958274213203,24.63631499026762,0.30798483914867736
1389.427170145164,24.311143946983698,4.545521447840567,27881.174527943702,0.33020133525045414,10.402638279347642,300.6399403828459,190.73415965609257,96.01895225328091,1.4750545436844582,159.40656194298566,138.51821420020158,19.794785776906657,0.20789908836907267
867.2233413008314,25.516789816342293,1.188786806789516,24506.749271209315,0.2574750500736851,11.12524171871681,208.8696333030756,193.71149205490096,59.60827542720131,1.0421300979158408,122.61779950052264,101.49451239976916,11.742830724041013,0.16307803044104077
1038.713359427445,20.871379281205247,4.845666478568198,18798.01745054965,0.4839732293736985,9.299138918313393,302.66161543602595,205.3008637994098,101.00454234244279,1.7541141732669805,110.74465284122606,139.37583568012553,17.346824777155554,0.23025779852744716
1381.6822599652214,21.672683184819146,3.716650273278251,23329.437379922718,0.41349016546857775,6.3173998717590365,299.0934076414111,198.1025214667372,116.91357786381923,2.756583606934169,147.836281243068,144.92901723963453,25.861416494777327,0.23292278566967425
1319.304275536388,27.737928540684923,3.5255039105735064,22913.694336380257,0.25753378839612434,6.996945978586158,199.16542652664327,207.45041033692365,121.450573766824,2.54604947466927,142.69450396001267,153.01054082434376,21.354359798144948,0.2682425223782078
1290.2432425695679,24.013890150919572,2.0822370259519656,24831.53967660992,0.20369663536220575,8.331486881554742,295.7644360185491,200.49415082364533,100.4339762809982,1.7816124694260256,151.68558533455612,150.12255784205874,19.67561378853542,0.2530540716121727
954.7416962269639,32.53220338613291,1.9951671549567083,18497.813316324246,0.5232628196096851,11.680421661363106,299.5553276544201,190.44500703852663,89.6927987786524,1.2752214914677045,106.93112911358682,122.29533690401121,18.31473105004886,0.18247760611781516
902.5325524340395,20.220400829824307,4.768232877954382,27966.044807915965,0.270477762465699,6.7314596027241995,229.49078513340538,204.33427219203853,65.32549013231836,1.4259384144228315,134.58657534989655,86.58589883713812,15.345089701945001,0.15779655528783423
1201.1859319546586,25.686410730079043,2.193089816936491,19640.528431200193,0.44248665688830635,10.121521327439217,192.08409674830364,192.20465817442465,109.49432871676096,1.7347058504550605,123.92886453078361,156.5376365255306,20.193500985513932,0.24907036960074805
1357.6255934765513,25.06018320153639,4.102021186875998,25411.97480964355,0.3347687652306982,8.076137563050443,254.25416137837382,205.78759266923848,111.30277576079637,2.0401442107521417,154.37674631465964,133.0286875406711,17.548886527738343,0.21215955776734458
1134.0577358083578,20.289914463764017,2.5724871928283166,15241.869695583224,0.43419437532601424,7.084931438520153,334.2795176000393,193.3620509961036,128.2248128303479,3.1933673152160846,108.04125323583574,183.72993477875605,22.472073107145093,0.3183213522477602
1142.9676136819398,21.865525985007654,1.557016283138816,20589.85694841221,0.3262614507929296,8.191411559154796,277.9233464864124,196.90892771611027,109.62532029124746,2.004287137790029,125.93087428012028,146.2331919007735,23.65489341836753,0.23888211510145999
967.9874561961706,26.20464012377953,1.0428611907814358,20275.647269382123,0.2347758242769017,5.4984470227886275,184.58449952545223,205.2254285925072,107.20974654160396,2.6687916739925783,117.4702826348823,126.65728259792655,16.63314835824037,0.23566569384518432
1261.6957599151622,27.3929687667117,3.1770293480610032,23152.266428745217,0.28918000342310146,10.590811596512538,286.551384946704,209.08462714952844,94.10465007210993,1.6161299309632586,143.6739171386121,156.64500928297306,20.004860875375506,0.24259993279522468
912.226249134514,26.064346208823036,4.903115274195731,16091.043926657947,0.27522342659163024,6.703113495880769,235.4406054563669,197.42867901293465,110.780704616967,2.5315900952593067,96.37353296019914,149.65241018720081,18.880079520247488,0.23247794099366775
994.2075418425462,27.964065176181407,2.476544775236818,26851.970605891627,0.3712077409758575,10.077884862350793,268.30575947107457,206.58800440397872,64.34505454528399,1.079647165826756,132.5394799988902,93.54924687165665,9.734832277438642,0.1483159591540911
1055.2618631698501,28.926975123585223,2.4287693359721794,18266.712026513527,0.46331351337046295,5.478438600137363,296.8128070046216,193.81584530951676,115.61625265817376,3.2764544481985487,109.60562371821706,146.5780843265134,20.390796252587602,0.26052389596236025
1104.5662272106729,20.148857316917535,2.3763664713977684,25155.56722323015,0.305522429978543,11.685689893159802,252.98947030288895,206.14359540404982,81.99247875567191,1.163319250589719,134.15298965736557,122.275855384713,14.465893398548472,0.18577554572761126
945.4458394490482,26.96142739180256,3.0821753492194337,27048.1818486614,0.2048279741202472,6.351104897839891,312.79679491466175,203.14988118512503,70.37582060507548,1.6639054695548585,134.6733792499851,94.8570272687398,11.835370979058597,0.1456235917706595
868.9020948435221,34.452488613313825,2.762659533697174,23428.154343622697,0.40757494570590275,11.179194533449564,294.43111586332554,193.85487014424737,60.93601091662376,1.063453245335997,117.5051974463799,97.90808204140018,16.719737631476722,0.1597859295424878
1166.3720254649795,27.78548420194323,4.519658506908058,26113.248100829784,0.4423037957435888,10.66631246730804,273.0146680037021,196.05007920702823,73.92786949280779,1.2713670052139843,141.6446723043296,112.770395374505,15.785653397729828,0.16723239101222218
973.1783319441535,30.163134011884296,3.022083166893961,24927.904683225082,0.5851481976007238,11.775019468569912,180.1585631664703,192.63541777194072,65.3772687381687,0.969359784957631,123.32894771908781,100.04183903447006,15.096467660919078,0.16282328339741553
1148.7429328535673,24.677957868753246,3.031031352754275,20332.946957280114,0.4357883212372987,8.345234626620247,317.18982218231366,197.65934022128627,107.56473539526749,2.0349860308407512,125.63950753875322,143.4159976780973,21.727777771567688,0.2320676263132717
892.6176291645214,31.609870672291436,1.5534863788822264,27132.87808550348,0.3884690237512567,10.091781056921661,337.1811170639632,194.07297282246554,52.444123972892775,1.0298970817051916,129.40976945652636,84.11964415276134,10.72337960389428,0.14142310192971766
1088.6840611128905,31.593822228141725,4.930958163641543,19420.52054828292,0.42936065035908155,7.594974599264488,177.39302476185895,202.87995907260947,108.76989845512124,2.1146880043023546,117.8281614909686,136.59363379332208,18.749645861120218,0.21219904269376064
1119.5536595309516,27.819440714812085,1.9998915634753187,23568.193766272758,0.5711602519448108,6.290577666137857,247.6482258866861,209.89010208441118,98.1008237406758,2.251021642480501,131.6188667013027,104.87685629258523,16.736083626383117,0.19280713237812191
831.0941220934561,34.6402073491882,1.2934562698384107,26180.96608712309,0.5313512582406585,8.101531530534142,201.7777483941009,190.24018326168527,56.185077094051465,1.2446421442392601,120.19179283566449,70.46490832895435,10.468900373705456,0.11631343908588725
1001.9625669163523,21.8832532214398,3.652584995900835,20684.338647187615,0.3291914933455232,6.160243107719184,300.9046614851129,200.81839626574597,110.3183698843245,2.3334354748069766,121.35332570161049,136.35154293691403,18.595982191368467,0.23549689583248906
880.6488061633845,20.254214973343714,3.3814654806274906,19541.514114261376,0.2949017454628549,11.874312359504687,294.32592720094,201.4733319509802,80.93317177509928,1.2158691077859825,106.14431452290084,123.03571618250531,16.57720669754209,0.20631101996446669
838.0249822836606,31.55237317635644,2.660582615970983,21890.190152592342,0.30505344494642944,5.673725437985015,178.17702411407976,208.28417579361624,83.34350629476921,2.0949695840662805,115.37216412962603,106.6468088990735,13.786565802114833,0.1693454596656135
1393.976139433967,32.10733306047324,2.6887689355227122,27269.452415237305,0.4017684158860852,9.124482064168344,325.40545425232744,200.12010669533876,99.28715816530925,1.6774303386755247,157.47092900963383,138.29020717434494,18.663273365890657,0.23303218924435343
993.4123069848338,21.803108436808643,4.140255684185725,28948.82644718497,0.49761978049143113,9.385246986778391,186.19461279560045,200.87402839289834,54.32538841248092,1.0684909305420411,140.02189085903436,70.69713025462805,9.331234544334043,0.10247993693591922
1285.9246675127808,23.98374249437909,1.7828505603985962,23176.25119289835,0.40128768287318484,8.76655680011838,309.4518051296215,199.43305602656778,104.19728047284853,1.88436786865609,139.37985404875167,148.32059064352296,17.66368450409816,0.2276231872242464
952.7843928582583,20.263285450499435,4.281013275779559,24921.99307985478,0.22711855833124506,9.635301199982834,241.39607192560098,195.37808609122962,72.73394089372547,1.3235619404434253,130.76539667005335,108.72248569344352,9.81419770074918,0.19595934030448386
1208.9016333343575,24.39962916170847,3.5949884555800726,28549.104333583713,0.48943228017599233,5.8132654250832365,215.65445871163024,191.1205826649783,89.72669210561453,2.278963422019147,149.88346158245585,104.51836337514511,13.661477938581372,0.19068571297087542
1256.136715933812,31.597128108780073,2.6758790951180975,16478.202771194137,0.5223880514683815,8.885129669437038,181.6478525348427,198.17315364419673,128.19625250971805,2.5801273616306246,117.54873287887357,176.07983417194322,27.950296263705503,0.3106576666285586
1157.3832443647066,27.769407915688685,2.8321144663354745,18481.178667992477,0.31579914604788784,7.010487997891531,183.52285122932588,191.05182942481358,120.47019023736901,2.649504299668823,118.84845948305836,164.9812205037253,22.21674929521409,0.27026473344619706
1082.945713130095,25.22143389752432,2.026588828744383,25633.500093773735,0.46565029571334016,11.581232443107396,282.37811094018,201.00984938931836,75.42224600190731,1.1002247563019099,136.76693898076005,106.15959745552875,16.078483798387694,0.1712659303870923
1047.1045484883612,25.576089423594954,4.008457330787899,27356.166928684495,0.3706367604217573,10.334501574078079,260.0860775894241,196.14587286484587,62.11905224868164,1.1233255586872848,138.02371976775052,111.70969749776042,9.657409693528649,0.1840713493010371
1009.3209599257972,20.02030438573202,3.051498969221071,27855.43542495867,0.5556477422909771,11.8076013751182,174.41708433024655,200.67204803050856,46.677930592881026,0.8584488978237479,139.1576774255445,88.75261218571434,8.817871286358974,0.14159145159087003
1357.7174865486954,24.497007913478537,2.2834181709993744,21226.60765282399,0.5380902232642959,5.262892488181327,172.53957208766505,192.68593928790372,127.27895541731458,3.650076874624001,135.07952458850647,155.94062862002178,19.948587488262206,0.26295035146931367
1298.3716446726376,29.696881124568957,3.384200463043801,16340.098534378003,0.41017279932385686,6.99593222626496,164.4621149545583,208.65259931478718,137.68050306638045,3.4734958416864186,118.07874645697811,201.1623055007864,26.702824665199124,0.3275175696892433
1379.0161463999075,34.61291665724536,4.982937808205293,21566.722159494297,0.47660221832543775,6.367958106468443,298.7534694747088,207.8904248709987,130.36732404441415,2.922387954013451,142.19520614375395,152.85317853024958,27.501551167043587,0.2606422696637984
874.5783340913268,32.70591240475849,2.7410491186262154,18461.01885310581,0.5533398804088416,5.078082111182813,292.3764170458578,193.79993018404568,97.4848172127222,2.840082276570306,98.37437111813738,105.75125331365435,17.179363528565958,0.17635910431956153
1238.5204851221865,20.353924469682937,4.682765603114478,19367.946824949362,0.3982868040313102,6.69628011172425,161.68619817091502,196.86888566588019,125.28141881032886,2.9336252877305213,126.42629289481056,161.43802426640787,26.32878051269511,0.2605446543532485
1363.0042740926228,33.47840907012259,2.3800673596982644,26584.013352562586,0.3253002961955288,9.751431884643003,262.0540151193946,202.26985543703958,104.03283221117044,1.5493274514114337,156.00830975264077,127.11927817998632,17.983295375921216,0.21010791189563974
908.739839699396,31.74797619947939,1.2189308276999435,16132.906290388302,0.5014664551638325,6.61762245494198,166.935231048538,191.9137241461181,105.29875935980151,2.638269720429169,92.7758958913658,131.43125584496917,21.6681399640918,0.2225779874568893
839.8977604200664,31.705641853564707,1.8169684254737155,27413.718262210532,0.2880265019138767,8.563024118378328,330.74915412178837,197.09135642232303,56.81159123078825,1.0388608400653712,128.16063555485073,81.12017100698559,15.181054392387688,0.14144092761694896
1244.6723895740354,26.86993638505357,2.674780573310737,21415.036287362534,0.3554124592024168,11.21472680475499,331.4234838360265,195.0222457363801,110.14190871150933,1.576833603070926,136.1240971384381,152.0604389734817,20.757449681978365,0.2396098803901034
1144.6838679079472,25.970079394317544,1.878539714378276,23940.958966508926,0.5462908948427174,9.856305442443528,289.646597962626,208.31033457433392,85.39599052745362,1.4399566469343292,134.31581955797398,111.86815455847662,14.70260218441969,0.17638923880730287
1305.0972660549633,24.54373593249789,1.0009081528730221,16344.783468535185,0.48976893610772604,7.762403489342224,335.23778428789,207.0502127257841,141.2080994472937,3.0705992182541193,120.4572378525393,194.75439384752866,24.241377589605484,0.3270731169141889
883.8634259757737,20.985422884315486,4.6600061509901085,20060.386175359195,0.3615244020989997,7.607282572384758,312.2906060827381,201.59665482533728,88.52837413966164,1.7066861251843484,110.01463463920922,115.43171625034908,15.69868671404692,0.18209418688182885
1277.160387115934,23.423530452405487,4.3755176449237165,16345.513785222687,0.28589780096334294,8.190150698059393,315.7077151854099,200.4069267374315,142.04626597262066,2.896972242637681,119.25866039878561,211.38360044287387,28.438182663641147,0.3394638458351208
920.9763920286467,23.69905452467037,3.9691689259477885,29423.155843216642,0.34238735633289463,6.239290087419345,263.94157011398664,208.61451589090794,54.9151669580669,1.5474708465217883,137.74133204856528,73.19929765198364,14.31106440350234,0.11908911103939919
898.1935657194227,27.261156045653024,1.6712583825841145,27108.92473989376,0.3136416596909732,9.438005371911917,211.21183964323518,208.64855565957632,52.878335910241745,1.0499493816517675,131.30537314894246,86.5213936328509,8.56203041525524,0.1381845632028385
898.5594787585958,31.21166609895041,1.4814543048399442,21894.491315346902,0.27043571517754156,7.549069733732239,193.5598230232843,209.38660250703322,84.06266117741582,1.5629483628969305,115.27967729025912,108.7090637142927,15.541061778730636,0.19641744463336736
1288.7448321388292,27.1071474259692,1.2704189978895326,18354.038224855067,0.49733316542626266,10.966557444834304,215.44000440778584,192.50757768216374,117.0577719228669,1.9409766185601498,124.4331604605479,171.1480375084764,19.427848511728232,0.2623639341987445
1199.11833241772,20.86766674170741,3.896116755091685,29001.826578747783,0.3008279547400686,10.295868620404715,275.6990860178124,193.2111562152634,73.4590513182985,1.2258452224580096,152.03887289556332,116.95361072450221,14.379487305746922,0.20064394413250802
1113.8392548614715,34.36684701482306,4.715231842751541,20168.948935904577,0.38166698806710553,9.27359214864512,184.5313071664798,203.53473397359772,103.45704123929524,1.7757033106124038,117.44951450111002,147.68992211215294,20.714547782939892,0.24666978383725263
1015.2982904741015,34.14086478641168,2.722143283652148,17414.766475310622,0.3543437787344436,7.549415558546612,201.7280473274643,200.8286895321969,114.14269858660667,2.4101369088194184,109.48277302326056,157.2942075680685,22.74011879775113,0.2757124689139968
1326.320324487865,31.777843147226125,1.4765626879841927,23447.465826809323,0.5928309514542522,6.46952282171439,243.61217255909287,190.36931809786472,113.09079666674455,2.544823033729471,141.51559582439052,126.68818352774096,20.360364574842684,0.2468473661121289
1035.4670644535813,34.86991852346331,3.0495712829284263,29156.611805172244,0.3564368976592882,10.43306304873936,196.6100197049231,191.23950071979039,55.66607754886023,0.9103307630095021,146.0553025742625,90.7813457885988,12.510601932770413,0.15958985652087176
1289.9596636829463,28.167234992003944,2.3953276298345205,15057.45435750484,0.23199299311870192,8.404863692937607,267.7287339432123,207.7616076451761,144.95756122998225,3.021301054928076,118.215576112394,238.60640351321166,31.84596105964799,0.3973792852981769
1063.480945142131,34.44152525379809,2.499299697399991,18571.872648809982,0.2359303010288336,6.5732502672415025,334.635205691266,207.37741591078773,114.68000180583084,2.648976685966152,114.5599643698701,154.08795234820627,21.592914590328295,0.24449673186572077
1026.1666576549446,21.134075609251262,3.485322496622829,29076.714606156114,0.4363014885412259,6.3662223052800435,299.6178731406253,197.1454184399209,65.42142757146779,1.6102834777523547,142.2687168829199,93.25619182792398,10.598476939973398,0.1441248999042991
1077.607871401764,25.48521122392057,3.8748724530488095,17566.28950285743,0.4397454206953062,6.157806331509513,283.2853228297826,207.8210123386107,114.61217256556347,2.939607579480184,112.46755877947419,152.26909825696575,17.647187738442224,0.2614016250239027
980.8267244984852,23.380719020101488,1.4424143954926434,16698.651774597296,0.36750359619306194,10.440128373439165,266.54429519675574,201.87350148795804,103.01777541095898,1.7353717249448966,102.97010042082975,147.18869410537044,18.92314191783192,0.221155996928309
1248.5656281057506,22.93749626201405,1.1423609232259055,23552.808236997065,0.37273747692481185,6.6029102971021825,247.58958185141296,206.11811294037804,109.19007603193536,2.4316711287669306,141.58487061212102,133.88889726467698,19.177086997602526,0.23130444969759698
1101.6322340554875,22.11204423339014,4.9773212107428595,27927.65734942245,0.2215730331363485,8.686495844676383,187.31277192693193,198.54862142320428,79.84415968825196,1.3811718962363213,144.5446945833652,107.90784312339412,17.528023819282648,0.15432426473984429
939.3276170880904,29.336204623489948,1.9309133956622073,22156.647265408894,0.4066186041557049,8.160824526811396,328.94209108537314,192.26796654689818,78.95586253656745,1.597547961462801,116.4074254928368,108.29697302221622,14.77902349439032,0.1899432730035985
1339.7447439647412,31.719827836209575,1.2153220996338363,29918.46385026787,0.40189579015214066,9.057276294597987,199.70720040256725,198.67454125292033,84.06717620377482,1.461963208711616,163.97141104824993,119.83796207699876,15.919272994028502,0.19115957208327833
1030.334732823927,28.67447599130541,1.75950131638368,25187.575493069893,0.2598197274227778,11.14008430259836,168.26177551563217,199.14599595993795,78.80189818759946,1.0826528893604621,135.93829442514746,112.15545606837671,16.047642594161655,0.18032568245087158
1126.1317166683932,22.204440643823144,1.1558313853938569,16111.123608156717,0.24153575444437103,11.074231730572114,300.0030358457391,201.01888387681205,116.03512123563121,1.934013810464613,112.69349230393999,185.39771765656806,23.57460313647354,0.2899529916252934
1343.8832665787281,32.16685654900206,2.5672435784686867,29892.48197522963,0.2494289962397962,8.157532502774018,185.1231068662333,192.11165425808855,91.20878890176064,1.5860950487887122,170.06116201340404,124.97542293609754,18.915820944922533,0.18433882078980773
1174.5427975483954,29.539320607455927,4.209607137805297,21118.413551702855,0.24041129859650343,5.1075637551430635,224.3791999082352,209.82803726099223,117.45674838670881,3.159607346118885,127.52626942916977,155.799900995015,25.81919918730566,0.277642877745654
870.1388244250185,25.822485591904933,2.3649777990308825,19311.038007682237,0.4438832782147039,7.985106640000122,155.65698565819594,194.88273641613813,84.19007414488532,1.6712052206870807,103.74303212414982,111.06305644704952,20.00182147577619,0.19666365082699222
1363.899274168085,30.111954433040943,2.776733627513466,23368.187753668284,0.2785930609611674,9.243354761968984,177.41358850808962,193.97104807074186,120.61819110458723,1.9408442693830634,148.1184198750333,157.61632723166,22.452842721388755,0.2523180558892837
1176.6248318428507,23.898574688642494,3.702347094269755,19564.613877312964,0.3005720608749854,8.904353313686432,184.64072615198242,200.53605837711874,115.42639667595715,2.03899332614007,126.0229370245589,164.614193739802,23.07703196265163,0.2739305195184438
1000.9433687942517,25.177883127413157,3.0355762802795208,16296.862606802284,0.2694288576605759,9.559352740601438,160.8820255500356,200.7441635878978,111.23185390397055,1.9703818096641215,103.27903721025552,170.39570529448307,25.687916976623256,0.2713884618362618
883.5632435980324,33.76228764697986,4.445782744085297,15021.42514618765,0.5831341217794013,6.078530127311584,281.33139132456904,198.7964147566649,104.44776981620087,2.802199643929092,92.69995090657554,133.22038520087963,18.713528355573903,0.23073747268327285
1276.4151135621776,24.357567585071305,4.464142700183026,21743.750293803932,0.5418469852607342,9.525745691465128,317.40155916062344,205.43784292650508,109.56440643009509,1.864531526508963,133.71438079917496,139.01905081760665,21.2450608636645,0.23476528348070072
1172.043653557108,27.049824022369048,1.0396427819646146,27552.951333398883,0.29219793494060836,6.278561331206406,224.6630812731882,200.33308801457204,94.06474663209427,2.0652223442377102,146.42436916364417,114.08483478561426,14.38164625404503,0.19733032486653723
1120.0766551857928,33.352117060940216,4.112185225932796,23584.72778445115,0.3310265175688504,10.253667864877244,324.91529534364014,202.19390910289968,92.53488506539361,1.3219612025695642,132.961334920141,124.38664763338808,16.732044319352543,0.2132092796098712
1336.3355498305746,30.61582025401291,2.8429344009666955,29988.109484151613,0.28395713692199887,7.37361329283876,192.6693149120253,204.47492770815572,94.52277862000747,1.8561426526372895,165.2587813426991,129.25359554058292,20.214339166137847,0.21763062659430066
1273.1583267347185,20.933048392470543,4.955362165214652,19302.699684708,0.3967503837843295,9.969268033670176,215.07808471224791,190.50050203127734,116.14218215780932,1.9792496105683068,133.91281318593684,171.99098362570555,21.61426199510594,0.27805981771462734
891.0049278396507,22.209545664184557,2.9329283035017406,19206.82597140083,0.20784421298970146,5.33505919234275,180.14739860623368,201.41288365090088,104.14044803472194,2.762160991496899,110.06299758878605,137.15574190217043,19.047592837492033,0.2257410330894504
987.0332406773289,20.117623861578753,4.94758378155319,17396.241903509163,0.46854720355871826,7.855020179136394,274.11183908379974,207.68388942456738,108.31477431976923,2.058095180925716,104.48183480920288,145.1577749044325,17.129384646731904,0.2335325603626667
949.0934838886794,29.463826853437453,4.018277444822946,17460.953823980028,0.40926325992705664,9.93524165584333,233.97391817406137,190.34777485850867,92.2002773327232,1.7097401409661444,102.96568823595658,140.9734003886854,22.665430806731962,0.23665801595993974
1246.367775543606,26.715101381156273,1.9944195384532253,19277.79894015072,0.5594555713204412,6.588093614320459,272.65666936837977,198.1036420760192,120.74467299450612,2.9243765118053116,126.12574350822483,153.65880248580183,24.478334178058443,0.2447137036576147
820.1194608414676,22.014122763534132,3.1535799171478307,26892.600679102907,0.26575707373136565,10.567009313580558,302.3349810788367,208.5245490041166,51.888651309181796,0.7849342353882252,127.89633790248271,76.72350951049721,10.665171997879817,0.13399267965375602
1141.93381092279,34.36901181585156,4.968542557914331,28586.351859546718,0.5216436984244526,9.415458131734525,259.1406032065897,197.06308804565074,72.37752451118739,1.2464576017589704,140.62732891899947,95.5097788651842,14.446010014274384,0.1529178070552207
1257.4752114444143,27.9448958591843,4.430122431007694,29626.307545615222,0.5167844057866863,9.11293240504859,275.5260709803576,199.17457648400483,72.34730441579272,1.411159009181308,157.8616555461769,99.8134707623886,14.564658228141244,0.1556457371913171
1326.0593820570498,23.628399411693337,1.3894675751648844,18484.34481144679,0.25087247568675475,7.47484197943036,337.0500628788666,209.63082786088626,140.35105406512864,2.931115208524504,131.30944331041925,209.15913644706694,30.72943874703722,0.3320626149880308
1005.2490492295444,27.509053567320613,3.8254879872399843,28219.463184211374,0.35942368965765104,8.377160292667824,209.81286192176862,193.98647717901147,65.56051722011786,1.361800554715849,136.9596895179681,98.144628706808,12.058811589411324,0.16757862646385438
1292.7543828032076,30.194304991026616,2.382318343483252,19923.826339160056,0.26806105645780676,9.181445106844972,221.83278772679063,191.3051037825001,126.09005950977887,2.1911806820832957,135.07625441805388,176.65031774607058,25.68376542032442,0.2867408699019056
866.3790421731244,21.143588269603466,1.0279290475213925,16692.608167753267,0.30188820018301954,8.307234797404233,293.5406723418674,207.18845181722608,98.34064875839321,1.8260714797255535,102.0246200580185,142.8804935402792,21.45252438159814,0.24846910733997252
1307.871375040711,24.12055722571838,2.6139238761079984,28050.373882802487,0.30529846993221776,9.88819326758392,272.26110341107733,207.36930682424736,91.67192951050063,1.4710985770050753,159.1575189955224,127.26533443221209,19.945633056369932,0.19297823091310967
876.4931973991895,32.104482363259905,1.9390176868998852,24541.58451965428,0.4224945576103091,8.035878531748716,185.70658090794296,199.44155669360026,70.69200926331449,1.352882553379494,122.0777839232733,92.41565177262551,8.529871115211805,0.14637066696211457
1038.3723743362204,26.89497305603992,4.275477082081887,17470.963441215925,0.3645643727041862,6.415912272194213,225.22946200209805,200.28414348954573,115.97663084836265,2.7463374303550068,112.85500537718701,150.427026637164,20.113743642311846,0.2521817026780219
1278.3772194677322,28.198657130484424,2.349322435383062,21447.468862695037,0.5790931216025221,6.497536479607331,243.567602624943,206.71612739235673,118.24286006896314,2.7414493070855204,130.6981186306711,137.30921832407626,18.405825028839345,0.22585975311727025
889.9504564092642,26.49224003314204,4.310094775815268,19308.865423156014,0.25054805677880204,5.040626381900587,233.87796759367785,204.7711899623159,100.78167421441798,2.7076342746840623,103.85025991200803,127.87153030123987,18.591432932393996,0.21894482484011846
937.5508371395849,20.658499139645077,1.0023917553391812,26051.918530652954,0.5894768539400794,7.106704008910707,185.65496166440815,195.30298004434022,72.01716896047476,1.5210307949585127,126.88038513785176,82.63081426833106,8.339778219275921,0.14235153701623693
1233.3515410358398,22.486246697302338,2.2312766001044766,21801.24345936402,0.2922554560857056,10.242423483349636,334.88601835685245,190.33786710143036,106.86346946602919,1.6205233405127586,134.52576792607394,150.95636647102023,16.534341093072747,0.24748462550295533
1232.0219219276446,26.683124581128364,1.9646608572310478,29839.199176595772,0.5091495745527412,10.559138961863267,302.4637523387952,199.5940032506709,66.89869491492875,1.1216705479217963,153.05332232241182,95.56313998103198,17.33713677542938,0.16962308675961055
1184.6885797311784,23.137781981118916,1.934269444274444,15821.174733893928,0.3355879704691286,6.41727279467025,246.27116642157046,207.17824652191283,135.22621770521275,3.5245054972499053,113.35467955624395,205.27892084885457,28.475789860852068,0.3301287119579651
1216.36906668026,20.74968542989518,1.2727464790618508,20325.2289920437,0.2572325581669256,11.713307978099854,286.0122056613673,207.91669353380325,108.26803673883687,1.5641875420021103,131.55443735202405,161.6165174498459,21.832782821492245,0.26144425479414307
1125.6346660085578,32.65474496077736,1.748497081642007,22228.50250664966,0.543155674098496,8.516819554360886,329.4565344271044,209.12452394152308,98.23953128445362,1.774358140944338,125.7783090394563,113.14883134459946,17.63841430600221,0.1809974002304609
951.0794353441717,34.71788793746174,3.2221982795424795,22547.003321224794,0.3235443596945853,11.418851243129518,177.23482847231423,207.59126475225563,70.67421443734445,1.1766046532862882,118.2789554274358,112.88830377441631,14.977683304439221,0.1853986359947232
1007.4175961023517,31.89714310995109,2.165444291350978,19739.037335784553,0.46354216169073686,9.947356973031418,200.07461014139554,201.60087110596197,98.1415001619918,1.5261857727899963,112.26202122754069,121.60601115765434,19.57450221867474,0.20198419632791195
908.9586300808554,32.806773825570005,2.669579129316592,25938.60373646352,0.4265774740346506,10.057033961156892,258.54024945132903,198.89211198472202,60.275236279426046,1.0301803127351297,125.91571397311944,83.79400684508886,10.260651065833237,0.12612361956266127
1345.0703368001768,23.62965695475568,2.507467521388754,28121.20610233462,0.3887025237563497,5.595305349142498,309.80207427047173,205.49699693068197,105.4109072990312,2.5975587638764908,155.37833613341706,123.837782953938,18.713124872384675,0.20272073864333104
1150.0350768596722,34.409404632698,4.503619699999579,29080.789529667945,0.3983277890594156,6.539937888278515,157.25097908830548,204.79643268731192,79.30206072120454,1.807442385489808,149.98400645835156,93.81878160126807,14.304509921673239,0.16391902689149593
1040.510850058184,22.953885566801425,4.621195996042061,27076.400651992895,0.492895165636915,5.061703833061308,346.8036300392721,200.7628686016291,80.35513598739612,2.281854317000162,133.5777445306262,87.62591363783291,11.344768053101648,0.1544914587341923
1077.2034821864795,34.27144715542748,2.97182788662344,27758.70295959899,0.23510916564937623,10.012893483337162,240.98132057647945,191.7465474511694,70.72778838160596,1.0366581718198526,145.69973222928732,119.8517680899403,17.800330635849804,0.18794801544579293
1368.3700037670892,34.92228940948927,2.3206238012624176,23258.17950929993,0.46727226478316203,7.41106801899957,221.8462281243446,208.52162693573837,121.59532085628423,2.382432413912284,141.74556963100414,146.57959865451616,20.562640081061215,0.25027359041864683
892.0108418696482,30.67584208619073,1.4272028160094545,27388.32339640222,0.5583248405594314,10.506567612534427,208.5448875679544,199.11205075003323,48.01769677150744,0.838601941753488,129.33613250209595,71.39349770850637,11.587738898018905,0.12279345073891576
1151.7378992100785,34.71715597687733,4.81361151752838,19552.558637219285,0.22311527880794568,7.372553539559184,184.87134153017433,197.2666756383253,121.16736084067159,2.3358715964737966,123.59689054371549,169.55809708565562,23.487862086849137,0.2723995604662044
1103.5332073306795,28.543096693506556,1.2409077796011898,20977.181431638215,0.2562613356934667,10.735336266092027,308.3147817860056,202.59134790337544,96.77648485100516,1.4033237064651751,124.21366528580937,149.60744919495457,22.977884388494896,0.22992387948065862
1166.8725412607887,23.893126747641354,2.1906011102731218,19753.695207278164,0.4866527746808125,5.914887776238191,341.0828329492193,203.47675922333954,119.11295064696446,2.9439260882932228,122.56255567187355,148.0042130007548,19.286614914774496,0.23882639061568803
810.8661102925043,26.554938284984313,2.1922648046800166,22010.81003171888,0.374912659297847,6.2136120973025575,232.72895096907962,194.21375834060603,76.383859288867,1.7512062605878436,107.32863793279242,95.1519349939089,11.553345939601172,0.1605745062987566
1323.274345366491,28.903414030681787,2.2816051445608596,19283.694243579546,0.36141944832547535,7.3861357770875555,340.48413895069126,206.7387768961991,136.22270250854245,2.7628464283729386,132.3837432361061,184.789228743936,23.86956331818966,0.2905807046281477
1359.2709694901673,21.096223430405225,1.657147373089637,29424.171633816703,0.25478665381769433,7.859411722175913,314.75952308700687,195.79874187324756,93.46249075380929,1.7965413830499093,164.542755714218,118.80200335570022,17.247750629789508,0.19716270344633977
1139.0799101535254,29.33514896925869,4.132645723694789,19692.66942008502,0.4027080162871152,7.440919675900849,246.21022549526367,193.73367851828633,112.39465654724837,2.34320366358348,120.26871360051032,142.54550466964756,23.478149688908086,0.24941866155455053
1217.9904943261354,34.71766755143442,1.4899914478639569,16470.6680716641,0.2506181244785509,10.345529227662539,284.80523582522653,198.12799705708994,126.74264079277293,2.049323703705072,119.54287034604042,207.80360183088038,29.949886646222765,0.3286640420805084
1353.4996287063773,22.851614746755914,3.539626636612651,22902.2574907562,0.3906481825242162,5.678659748387003,236.9968358340926,204.6112016179493,124.29513956188252,3.126325447617034,141.7798659893192,153.82580086307843,17.629738033119995,0.25663991296538635
1224.343180588039,31.88892674432575,1.4953841068232698,15856.486176677645,0.5054461195846627,7.458519137469416,261.7446816425105,209.30916356879607,136.44794905044023,3.121651075560472,110.91968296802062,180.08193078803322,25.821804709522954,0.321317854673926
891.5234257485567,33.61848190669429,1.2821425503718262,16658.14749462871,0.3033057431548654,10.860679996608216,161.60926740370076,206.18562528742865,94.00639019172337,1.4618979399618655,99.41271289629724,146.58506087016565,12.821408863921079,0.24959358889674357
1145.773016100088,34.155523892303314,4.6377180147435055,18290.840837943695,0.3923144672718909,5.467579540835204,289.2526950601066,208.80696755340384,129.88895372091292,3.434046968253666,117.68038676577923,158.0143600264741,24.62232868736103,0.26371603101669366
1164.0290278297134,34.40203406608171,1.7605150652748227,21965.253748232124,0.5968063877587342,11.596404553699502,160.56492889682735,192.81211608153055,87.72083083708202,1.3804777131495511,127.12279258771696,117.59279450152,18.661428856878572,0.19158410069436527
1054.4784027814317,27.82189458082208,4.285000618238817,21498.763984635418,0.47466016934161487,11.90421789590409,313.4169893839299,191.42353597727353,84.21027564707074,1.2743043010643214,121.30037205411077,124.82845551674956,16.642609943721254,0.20327250870924837
1241.8665413748336,34.65961861987255,3.1785234844285433,26995.37793004187,0.5365427085220794,5.619977216775561,314.9893858921115,201.15409523813344,93.86833321486147,2.3769384946932055,147.56473675239837,112.26201004105435,16.658390615462775,0.19419900423577538
1360.6202088614089,31.359653107016584,1.3114260784350784,26092.1198082617,0.3659390426242183,7.038907655790158,197.41545751124292,195.80594966088069,110.91475409221952,2.210293208521505,155.6406715650405,131.35234374915478,19.528645613190424,0.2372781821860751
1355.3411077440658,22.425071543554427,4.82179276575227,21394.774409860518,0.5071443692503421,7.606804662247493,214.73255620716006,206.56109945938545,123.39045150484421,2.5738048315921747,138.0924967294277,146.02759647652778,19.984560001027265,0.24565174195490763
1070.5036228424792,27.15350159701955,1.98784466796757,20005.56311363445,0.21620366917652875,10.434739580569083,246.26207571165867,203.43975742804653,100.22959534195208,1.6092604464481666,116.98924387445358,150.66648719646562,20.935098173716376,0.24446468401549026
867.9428275044531,30.774967630580058,4.438581381410426,19747.03176092248,0.249164473016898,9.171487684817137,269.3325813864963,209.41456327971588,90.19439981643207,1.4802550848895573,104.08442864845745,122.99364530159325,16.59222760613551,0.2061796417527496
1390.9047193774009,23.71010473728625,1.6752400231382567,26609.926309410133,0.28122823716802486,9.510559903447971,207.47073234839934,195.09584711462608,102.62244943945582,1.6756446488110934,162.92153689383824,140.45522769850896,21.30679758961642,0.23933848519635104
1303.3388518675606,29.609227753233313,4.4157715285674115,15781.086093319045,0.3607807698460878,10.302568759729542,268.497280926385,199.71568228710464,137.8123760915479,2.4876271030569788,120.13202157843719,221.81269997720116,28.542752216461462,0.3669643129394126
874.7976087219602,29.999007185699288,1.052915251621176,15192.324742659088,0.5382979513303052,5.82585299605918,209.55741464585978,200.02480954850705,107.41208806153202,3.0610315908427523,91.8908447847745,136.4042608675411,17.78326170134933,0.24059755507285557
1352.5051295704234,22.44049615712849,3.0471218262779227,26933.165878899723,0.3385064203151722,10.832466198371836,161.09814421421214,194.78353589714752,95.06332674480139,1.384284339713793,156.18080129494282,135.52701332526755,15.375497863874493,0.20154636533110015
1321.937817237277,28.476279686791344,4.077770317686227,22157.19563983574,0.4618484774061851,9.939338629261009,150.5055099663818,201.80186798976015,107.70390957143489,1.752305655481509,138.74409860386316,140.4974877544452,16.127982135958984,0.2233879109458986
1111.3028342756434,31.574403664679117,4.739182069971133,16963.217078303638,0.48372571792139335,9.041392076374592,170.23021158368573,198.86571972158478,113.37814474512147,2.160238183249981,109.40520621408693,164.77233462268575,24.877057037333447,0.2769550958385812
1154.7652614469575,27.483434968039127,4.636808544825948,18533.48901891752,0.43447294163533656,11.228147343481396,308.45014003280363,198.93443111979747,107.17458745468659,1.8195872811303895,123.3011432819627,141.96831359650983,19.015853378377678,0.2336523301788617
1039.401622322078,20.181546751641612,4.27849947819058,28987.55929646074,0.3428967872680545,9.90214447718665,342.2862624766674,197.25473295944968,66.47548714819227,1.0078670937478225,144.68980826441435,99.2397931189838,13.934370801537382,0.16719964695418343
832.8569832932188,20.13557703618938,4.552765398645216,27892.54463437347,0.43082133668541767,6.411899738417178,235.39323985624384,190.3385870485107,55.83723562131525,1.3735387319529075,126.11701703941988,79.63934236862544,14.404586022684292,0.1520660614891797
1001.1183449875406,25.355440159550184,1.796878743348306,25646.775753359587,0.3369062371158985,8.008217667529667,252.53679068998855,200.4419047382958,81.71477523813344,1.3916706644486936,128.65075497573233,101.70781015085278,13.548198168523115,0.15470878982017286
1281.7120691588068,33.89291102647673,2.136737182846915,22233.378455059898,0.23354949542080483,8.458300068550134,179.36963381468522,196.7049567140066,117.03565216505926,2.0509079804799435,144.04708396886772,169.29658129421887,21.651623707979944,0.2858330534941736
802.7792138027617,23.430151694054132,2.155874099684234,22804.854392870788,0.5971215912744057,5.38652338725284,260.2062705360314,190.02639737968659,71.76745695009394,1.9004316889913266,107.29793536720537,78.69938207765433,11.773023617509216,0.13374975538145845
1000.0995030146865,29.51545533307531,2.5082157240067953,29628.66802925938,0.25087298145300435,11.682462593520391,178.93098040139537,196.15887415323863,56.047505312465084,0.8613605256506905,146.61733778598747,94.7774816411685,12.124864357130674,0.16013332591100699
1038.901216154566,23.33113806039981,2.573282681540755,29486.556658264308,0.22893935353442296,5.90004082557815,272.24286623976604,195.57256666179515,74.58702613965104,1.6939936747002222,149.07164722166362,101.53742276617851,17.865058612978057,0.16883386346258883
1122.4373617627537,24.82504984489323,3.178221298618702,18229.035686787516,0.5514122996828623,9.882228870587088,336.6517335161708,197.86896306447272,105.5001224244311,1.9001197423619764,112.8365032240241,158.64576268440464,24.263311996895084,0.2782398868391567
1351.9133698476562,32.72063134402226,1.6395190534657655,27166.56849457977,0.32073386435715806,8.54361725263616,189.13970786060793,192.63703979286794,102.37211464111923,1.8085221623752068,159.14840526001362,140.42899913935636,20.66583993425154,0.230029589695404
1007.8075966195768,30.9329216340492,3.7649866551439573,17958.639992505254,0.46011878962940306,5.179425749190958,302.9127436114204,200.1536764927017,113.24968643585713,3.2312553372366133,106.23431735674609,141.77037826323664,23.300432713921236,0.2385629785236613
1008.1719211377366,21.43098915969816,1.670266157218026,18203.062168259272,0.33160229186489315,11.473232331050532,154.70048456366482,203.8488070503626,90.90437881039587,1.4414337253204286,108.1446146709898,143.28202299250103,18.37847411909604,0.23353611796987353
1242.500748865849,26.430530314796506,2.24123392841819,25141.39551246865,0.35658170831778846,10.962857661732532,225.0994482643242,202.60371138109144,94.04719767429528,1.3442283809240234,146.9544352296145,130.6676781057938,18.575519196784082,0.21268322877511364
1071.3307645338843,20.437546454678966,3.013380522424616,21075.016478813224,0.3048451888067186,8.669805495326848,172.1497015661018,206.0750989513838,103.29818479760755,1.7680524777140472,122.61583871672757,133.80921358973586,18.365564581910085,0.22977531610284876
934.7628937639892,27.213352199045133,4.185762246093909,28973.166106597804,0.3372176023172041,6.602596352976117,220.49508831913988,199.04016575974163,67.1976809970722,1.4640174108508945,138.98403357808002,89.94486202530818,9.99066667663115,0.15403799513252048
1071.463709679616,29.93651017551602,3.957876932954909,16335.146023440133,0.36428016023461723,5.8513602347606595,184.7073839277767,200.38183460679457,127.51789694501636,3.4013438723357057,108.65090023534164,172.36796382344392,26.398618345064012,0.317316030850216
884.5142122278799,21.777539353972273,3.582137425642089,22672.884612142396,0.48816642763693713,7.543747356024886,224.66099802457748,206.20803881717967,75.77399975887862,1.6130818567389356,115.04287407565651,88.74479507292757,14.224901054524215,0.148133969822758
905.8321919037339,24.333274083637484,1.6230930423206806,28777.822956646818,0.4046144776939167,6.787997967322633,233.50456122150607,198.55402341638478,60.46229027103829,1.3504317212700885,131.50110935035246,80.75369187444726,11.333425518486171,0.133638655526567
1099.0206636436878,25.967549382532354,3.188181382462311,28561.70490719258,0.5774260868627907,8.546838407044092,210.1182245561837,204.03198699799194,70.02546423673022,1.3351669964201502,141.7943821746244,83.33525445788617,12.26392179694496,0.1323156911505002
1051.3552697027287,33.79296536984074,1.3497860071995418,17347.938201236117,0.21675215753551022,11.764865072864003,281.3243898946258,198.69204737435984,110.51542664840818,1.5904632712535909,111.22489810784657,173.67134004875365,19.72251159395993,0.27726832616920816
1348.9075406408601,34.89882523134446,2.509452707186603,20499.565501446847,0.4012273290528112,9.02467445260749,333.7704102517819,198.35472389023124,124.17096384381198,2.116311655977859,134.751781661197,164.02790877457377,21.10095914316543,0.2695155709324688
1017.4363394699799,20.673669484934237,2.6540661211598366,24286.821000700445,0.4336899155326872,11.229517391230686,230.11907482105448,205.2041124905832,71.56289914744784,1.0206356771242244,128.25930833334257,105.12414177988718,14.807269614414851,0.17070467474063178
1148.3530101668262,31.41511885243088,1.1592457577830153,17390.92327157103,0.5680787944297095,9.55615186247044,188.4686312950043,193.49673830932423,111.61141309344913,2.0842761036828614,114.9265546634688,155.03595867860432,20.273564407215265,0.2540685758096751
1179.3585727517182,25.575860996035146,2.0959523978798873,29520.33258068608,0.21966340944857105,8.326725686110404,204.14455163919666,196.77171943883147,80.2998822377833,1.4641845787125556,158.71793027612537,113.5359088970755,15.071437208353725,0.1788474969654658
807.8566739530002,25.8868727934422,4.822597869065957,28721.239930914904,0.42939983397408643,10.982252939133598,320.8001646992738,194.48344553493803,31.642600430535364,0.7322382623533541,127.51571318989366,68.72884834314638,7.820403772336338,0.10159900385742957
1198.1224232100262,31.31397460020534,4.814530431318758,17504.252685517036,0.5414519714111827,8.299576771210983,264.3279446540296,197.18219885935196,124.41449972356531,2.4451998116301445,116.86225560290076,160.75073867218256,21.448281533625607,0.2618263688762198
906.8215801218508,33.77639648218113,2.409308217010157,16817.33191891478,0.29677109124769463,11.080397193572527,241.00220646139144,194.60749644732047,96.93150649523334,1.4219158257852673,101.30101120432018,150.431907894667,17.853236511143926,0.2512823967022043
1376.642190481673,34.26392891753822,1.1724004357932962,16281.12724212398,0.550516939409575,7.041037387030357,179.92734430178535,201.5881126217331,148.39504783294723,3.5592965802773593,124.42667125253575,190.5605338211475,23.891731270476832,0.3350017633894096
889.1976366518678,28.65683879057481,1.7163797573127262,28641.654960549466,0.20761736370971673,5.901691516340917,239.9454616647564,205.9634160523569,64.01842134275867,1.6128126584473166,134.40629247896942,90.33625914634216,12.055337881104984,0.15086286993958203
1048.7744742362142,25.35681738950754,2.5688711737341605,17904.35714693191,0.4929818516534919,10.987201250540569,205.69840067147732,205.73226122435804,104.54996805143335,1.5403767692361647,112.88597265669614,147.82904804067562,21.427538382589287,0.22773151008870082
851.2098008471863,31.813236287881686,4.791118791876919,21244.27392816532,0.5732452884674613,9.111906146548668,338.6326255706698,197.29001929097586,75.44714255087085,1.3059120014920866,108.0597708770081,94.33519758302988,10.29531892627216,0.1537501802862978
1398.1245511075685,23.765020748934504,1.5647962541487397,21732.770484780045,0.46287906465602485,11.223646787742721,326.81402188314627,209.77520811788523,114.15037443008524,1.6742959563089166,144.04789723833875,158.50782664106927,21.764560435492708,0.27542135387739386
1101.3170061987455,28.461110432502764,4.0540633746728485,23985.165663203516,0.37561169759217916,11.564790448946683,166.7805083656396,201.87708729411602,79.20372545729646,1.1183489496890873,134.8072620114534,122.53688096404875,16.701535019090738,0.20497848929613022
1157.2310103920263,25.378676922873098,1.4347301574987683,16076.030156211375,0.2179524065890872,5.375398732600145,253.3306978522486,197.9880060355659,136.7224045406108,4.06097130936613,115.46093687785135,207.51123755660788,25.559530560319207,0.35738399634389856
840.2458864330565,29.84946610561814,4.925030309565107,18401.37926100774,0.5680455253290515,8.506785113012079,195.0116691029344,206.7107855848285,86.78919688765362,1.5843273448576323,95.04358124296888,108.38571619328067,18.45827666957092,0.18804869690902304
1249.9762822395066,23.605983693402603,2.52646599643654,28972.35580378389,0.38811848907662994,7.624751843521705,232.15541790485813,204.59748025285282,82.97140011060246,1.70693654668158,155.81592154646242,101.14854102865178,13.958164553063524,0.1841978431232066
925.9433558573514,22.873894186022387,4.100938155596224,28626.151609028544,0.21159869773437923,9.38100877949082,325.3695996502913,204.98550673648208,59.70547172863748,0.9590072888601815,134.95896892238719,84.78911048373531,11.357047200076801,0.12524507659873357
1338.8325736644283,33.773586300131555,2.3703643312445273,26719.35971108538,0.47592842853150474,10.555138380416265,255.50290397770897,193.92278699467744,96.40242899861477,1.387058971138246,154.17925214454746,127.21130511299926,17.566559727733164,0.20076714869391013
923.0837842892043,21.527055244243055,3.510675508635235,15291.018684273231,0.39273490143050327,6.964131511820582,216.84305867415196,199.3664861473711,110.5293244780123,2.6383171820631026,95.0286322723833,147.71666596379438,17.11813039016242,0.24267095443795444
914.4126323982,27.589368616023975,1.768064338960147,19905.101527441533,0.2497381269769643,8.897588690612201,191.5776708209994,207.23656261649205,90.43255659091743,1.67827558923181,110.75294585450825,130.65504035164292,19.704511898772914,0.2186364603904923
821.9298007088569,23.312791744445136,1.5840840771878502,24419.381030143617,0.28570872372410383,9.961100059334296,310.0649718812979,200.08076015257515,60.74854623482493,0.9148998896865042,120.696302537272,90.56163885216556,10.193777270120766,0.14659256608150936
1083.2401670659997,20.58394944988501,4.752256558272525,19127.853176602133,0.22579627218233853,5.941017579850138,274.90360307286943,203.669054868421,121.29317362774327,2.8496345213552083,118.07703739391837,155.78053388469638,21.692855570183703,0.26973025894749075
1138.90467995757,20.540282274371396,4.670589111617733,28643.800425806658,0.4297174158834294,10.698468341658868,243.61309208524625,201.7586746606853,72.0644962771391,1.1355665853493722,147.31567451907858,101.64572927760484,15.092140046935505,0.1587553862712288
839.4251836570114,22.62832658158741,4.5498757608515294,24508.34192748663,0.44881179170080365,9.242767198970812,193.4968707725956,206.84713575436763,55.75388420965026,1.080894219906187,117.20230651829495,86.01174694305567,14.263057344505542,0.15354608312043694
1265.3165700170064,33.001555317590004,3.501733800666374,16078.600759746683,0.4022969193421777,11.646762059795563,216.84927483142627,195.69121679523207,125.62332154373355,2.0695379276450776,114.44035819130049,211.72346566666926,24.827878413038544,0.33758724069496165
1071.9733008488165,24.2371811596554,4.233072844865113,28635.083832535543,0.526840853201046,7.376702433914852,341.96868534770374,201.5095055577273,68.47228729380478,1.4791184882712443,141.78890943899592,85.11384305274264,11.39392325653494,0.14940740498140825
1114.634161596548,34.25688755862944,1.2761477476454997,29366.49987264334,0.5444035285232054,5.75702159636039,254.01798752116687,192.46469336019607,70.48993012891101,1.9855888666483794,141.83990656130246,95.59828595968149,16.051894547101707,0.17520738259523544
1064.457648162937,28.724334394837904,2.3391561675627166,16165.686275875882,0.4462497586732507,8.545508407258477,230.13985624865057,203.80421553398935,115.12159277800818,2.285522505098141,104.49972821351362,165.45712134026553,23.37372488801279,0.28219215021632943
1040.4578365251955,26.54921284653149,2.254812499028625,22985.403522919725,0.20510259188297222,5.600675401966072,254.28440846966478,204.63935676705424,102.07881998508287,2.485644712815438,130.017519988812,126.69148236302092,19.643966905951523,0.21850195475670375
1135.7841987849306,28.701332520041817,3.542581287810453,19550.46423321256,0.47809186229909423,11.786685663268049,305.7977011799218,190.85674642377998,98.2607900134888,1.4448416948689715,120.52159980874922,145.46063490705077,17.395450522090833,0.24083283837309133
893.1441475584274,27.750475778394016,2.423831093882562,20892.586147221034,0.36719968676814063,5.2707947078003405,218.02178730057375,203.5158192725597,89.02238732678825,2.415587826763809,109.56877137273848,114.51049456388651,15.524211491400864,0.21333822675319072
909.1568782971626,31.381643806359875,1.5940271265747232,17694.76826933013,0.4262229932905548,10.274527307751157,185.74122418652178,198.29380308331574,100.31925227438929,1.5474989329196585,101.32196904290944,129.55623176175664,18.054367858130814,0.2149453493115785
1317.0713726081103,24.237440989592784,3.385868301654175,23671.081530186188,0.45963224080755377,8.675716786995707,266.98722366780953,192.48193752219365,109.43083583245952,1.8726070586149883,140.99306420067109,138.4624668526795,18.115674700125172,0.21912330684455336
1367.6692772801796,25.295755874004534,4.257535682676326,29369.69029873336,0.3400946457308307,7.580344567488021,283.0408206962135,198.39815095396935,96.40362953352206,1.8463895359877216,165.06312104074934,120.69095155031098,14.018427235358828,0.20533082999498256
1023.9855897678517,33.41141453799876,2.5284939778398927,22546.089004074136,0.5668394020687177,5.460895151560583,292.54360059170995,193.88465859391164,90.96109447755285,2.40392782837106,126.43545193824778,100.01583554637908,14.257157284387363,0.17369021942308333
962.4468038861323,34.19684769725608,1.5290748603939268,16243.718720917217,0.25358994669991247,9.355168469215254,326.3975181532259,198.31119064246633,109.29015161035286,1.8456353302091408,106.36571783616478,169.35799683951856,25.000428275158573,0.24901333721732583
1186.3997259434095,33.38837341229711,1.7867527892512922,24300.020002161124,0.46860472291241495,9.096542305736687,224.2348241378226,197.68678055917056,92.42153259867952,1.629267617102939,137.16021697943626,118.50798627202168,16.99270844077709,0.19867463581609285
1045.2405026588578,26.291719909359703,1.949933220677536,20103.344916768856,0.20174383198263218,6.966182911473198,165.07097924577835,204.76783273872115,103.05926996000333,2.1895692353505316,120.3185957599293,149.1954011278937,22.92895551417851,0.24685530054550195
815.2318133962069,31.705482545103223,2.199590371978145,27838.877843869468,0.5698604421620723,11.371551909872185,341.6697167261884,205.48431116332716,33.2927209372795,0.7453290264666002,121.92350507368066,68.40728390891664,8.494042216154732,0.12162839384301534
893.6915584197142,27.14503599951648,3.5711802820252365,21520.172224747053,0.2450016532952366,7.128770051399858,237.00238548749502,202.14057308769094,90.44998619170357,1.7722805793219816,112.90340716409335,117.93719677629684,15.141559178264107,0.18712766438278203
1229.5833373084386,27.463097782191532,3.403781938150876,17892.594134133684,0.23795369205902986,8.148077874144743,274.65150193462625,190.45373684364895,135.72086930761122,2.5012167523343973,124.6078459042313,186.59455585455837,28.34047203943701,0.28984690468138846
1195.354365146091,23.07020163585926,3.7843194462681566,17866.584340367175,0.3332030532208977,8.80633719143059,283.2610646256585,208.6204455814199,124.13397907809887,2.320334998189248,119.27318400028054,184.85712791209104,25.143940840550993,0.30217585044413414
816.2575955020901,28.866954548877747,2.4500079381260527,26531.462710817406,0.3494265144156322,5.701623147234002,259.3027417402407,203.72466560192896,66.55318285678395,1.6295667082168008,125.13674533604629,81.8554466318415,13.796368023944831,0.14288061090598472
933.1832971597696,22.79203846630022,4.295990607519913,18983.8139746104,0.28572002892915144,11.525132034495426,191.05150594725401,190.6839089984238,87.29417823811876,1.3013387855142171,111.79601068143562,133.81632590995065,15.552183989604412,0.21467620617392383
938.6448779528429,24.973470486007905,1.816350644623041,26508.500912388343,0.4340486643708499,7.621753067157288,301.0286100232283,206.37665798428236,66.6381643952718,1.4557907260242884,129.99870701833493,90.87277085437474,14.67838739920073,0.151074150378659
1203.135646159237,32.82545302429902,2.8761629900726158,18088.30966149899,0.3771656392167854,5.565454497120405,310.7503948608163,194.00532309435994,134.96223031549684,3.6013879673057216,120.99905757747926,173.8900477007004,26.845960792384176,0.28616168168204453
811.8263226526185,23.10613713816283,4.203754886165721,19825.29553051964,0.21367023561643497,7.71103821572731,260.595117203488,201.58442379142213,91.34499942468489,1.670074720380232,101.61885316664821,120.87282415144492,17.556960174803454,0.19662081206122048
862.4651491907443,21.06737427760149,1.720634590930477,21982.304586595492,0.32786082490212026,9.201417829648065,247.71223211696832,199.33268739900373,79.43446517419528,1.324752468256495,114.27213082824343,107.65884060909013,13.353620291043269,0.17125172730115604
1279.9496512239136,21.035113889192246,1.4394524549631318,29147.93774540176,0.5241731654292682,8.595568702749308,172.78763662559706,198.39677564710152,79.13445898555744,1.5064375089382043,154.09085222512294,107.28008206831694,14.821145626884727,0.18671158559953185
907.1267972326002,34.11176780754662,4.534735870751959,28975.97137130737,0.4758806139447474,9.861793818260917,166.79033229995676,207.79427440248796,46.4336558610811,1.017004646877464,133.38129448144008,83.09792387826637,11.585108673624287,0.13861018592648033
1191.647664711125,27.60380656942752,2.3717186510367836,18103.078131334318,0.48994834143195215,5.3883875944753745,217.91296911270575,198.7472258312523,129.7044217400277,3.678057339687596,120.37802093996143,163.45843794173953,23.922168814414448,0.2791882590920333
942.9096686280359,26.141181077255276,3.735480499636128,20373.285618646092,0.4792467696334094,6.991784271904393,212.16923110347864,191.50688235146302,92.02940560303492,1.966096850562564,112.56525175773736,111.81036597789033,17.509347202689547,0.2046153662366888
859.6648356556071,32.163178715118775,1.101394417055754,17240.990826806585,0.3243892085532133,10.734614037880716,340.7312901926542,208.93277454429904,90.8778182473187,1.407402565425849,97.50400943675776,128.06353535977644,19.53980010387342,0.20348025193177305
945.9033145996725,32.53738891865774,3.7601875536377984,22649.776189702457,0.23986556883071036,5.559255814539526,306.72454848868597,208.41070462479254,95.51884516993475,2.3092713158777762,120.2877128427871,125.95018219175364,16.420628882191227,0.21759585368526985
1233.3601591133954,24.98286549673407,2.264405246187882,21908.73826042,0.3089868736132384,10.988401682871704,281.984859051812,203.68865379163196,107.23094801351114,1.5597006167493424,133.6943834773518,151.12527314973013,18.358346451139024,0.24061570255619583
1313.4178808637714,30.404270862106927,1.222963414349767,28511.40243676099,0.5327141200740637,5.643272644539744,253.529617803521,199.3578505626405,101.63550965225954,2.54003946129739,153.95286087034646,105.78260557518189,16.51837161545083,0.2003858281260268
1298.131918740195,31.5668422377783,3.439251046192468,28950.080666866088,0.5921883191132284,10.841179504241873,183.47350614533028,191.85718945887044,75.67592180998848,1.2951607698852743,154.5857413741031,92.31920867705881,12.780124121224047,0.15229901847257707
1038.3101177710728,29.819760302989316,1.963215264292693,20753.510865109383,0.3975388058966245,7.525518807551087,345.6913344368568,205.8149623715495,95.81443510385533,2.0205949837676522,115.36979753531378,129.9676578941996,19.634260266156694,0.21632157895788265
1200.8510819423877,22.27392612200149,2.54722896820752,22376.06914528484,0.2038801419692169,9.285463442800511,225.008139648042,191.50955828848058,107.71303140793303,1.6825925312131613,137.48719538587608,154.97151988191163,18.865767323869957,0.24788450154727193
922.9905772494926,33.138246252755856,1.3223232491460544,28443.543737191998,0.2560179248536916,6.070209809535987,171.38512048944895,191.3720196979029,71.61542217155895,1.5947428684376732,137.65884418406392,82.97173754538137,14.407736525710586,0.14237015426246094
975.888638156608,28.086418291040133,1.5886530043797813,27100.61711617592,0.3288322301265063,5.463181052076266,248.75977914314922,200.74767684878736,75.03039363076995,1.9809932819260154,136.04374475576768,98.55192014227198,16.593809320936888,0.17963319141914724
1337.801491112672,24.237086395550055,2.191908941983375,15054.84467016974,0.4314341394371799,6.511567428140946,324.79960232261664,193.2025648036928,154.07991137748624,4.128862410033145,117.05230328456156,220.52612685794622,29.96909298735918,0.3805362528340977
807.8011541064416,26.37842278156541,1.3590380022406285,19800.89346275374,0.2300374583221256,5.894976725360869,327.4582003554659,190.154605346807,93.30008805345761,2.1080171994020813,102.03004663278571,128.98396040739865,17.90419612803111,0.21483687441628052
851.3051185126808,20.56356635598361,4.643305058745261,21326.613629041887,0.5773429194839526,7.186841283757422,152.19318321128947,198.46226861991573,78.77795005105624,1.6747515066318548,106.50503275425434,88.01545848324419,11.808379680283728,0.1657839538557514
924.7317530876164,21.918002018336264,1.0241881727359137,18445.744255248475,0.3460334693137603,8.60068272557714,327.25914895027995,192.74434463220132,96.7409373570161,1.7546877204158633,105.75884104119646,130.49206544919613,17.093318426548848,0.22201483179137851
815.9193223242918,31.48320125773791,2.9354408754572456,17993.57423843908,0.5650336871699292,9.121316244955066,204.29684349997171,193.21030830561384,80.02353196000197,1.527420717626866,94.16583709219991,99.7358839321946,13.56407991008436,0.16049622188258705
908.8612610538784,20.000174521330493,1.4929898325302058,15566.767598935196,0.5122087211028087,10.5290767516582,157.7944727936846,191.5382127747067,90.85405220481577,1.6205986846088103,92.96988110512045,145.37220989592703,21.783981103735286,0.22046081815263927
1149.8249365818153,26.248487427234384,2.230716357911794,24650.54587604641,0.5021749090062324,9.59367925273851,319.55805407257486,194.1018750744722,82.72197272984548,1.5433926948440801,138.83006174334344,109.92182501477399,15.267762247948008,0.17616652645263609
1052.8547303554988,27.837652716283827,4.704238239273062,18937.654357247484,0.4426878319128928,9.26130827590687,322.77335119764166,204.3096835954878,101.19771438969138,1.69854822036217,114.19597943796494,134.90354485775862,16.243754826515985,0.22347428727576216
1335.6030266461848,20.819516300014584,1.6467782130959474,15785.207676469696,0.45071352682073784,7.882474192400423,269.24621596847,206.17854614435583,147.69401664092993,3.2929923185896492,124.6724585088021,213.27358826062962,29.38811707634877,0.3588123092831552
1290.4661370430645,34.596172444584994,4.86332927887333,18464.689657920953,0.45520129408649923,8.316659044720971,264.8867514592717,199.050672880586,127.91980649924494,2.518764592312584,128.53194783591252,165.83965306339613,25.15333701425584,0.28753850235124023
1005.0904110187256,23.39187996874508,1.8231775079576868,27028.7092925419,0.4514885548102328,7.901645805731268,312.6240545242839,200.13107631762836,68.05151415136481,1.461962608210379,138.02576606863042,95.25834312489887,13.013965843457905,0.1465616810182621
955.6540600587755,24.562980794544213,3.9662644338673183,27772.337724698198,0.4214912925593445,10.895162210429682,307.26191054205594,190.65310069188405,51.13124569816078,0.965684619075979,132.18496185651895,95.8140941286421,14.694054065598209,0.14898643404425482
1027.81544490036,24.559137683825412,3.186709059589247,22245.99367789954,0.5945656073931556,6.610003167838799,328.0210946885408,191.38632522742634,93.7685111635832,2.1142268154767807,120.67476559881894,106.72785790274577,17.594726859838115,0.16945762831014133
1154.1769655088847,23.456249931760247,4.537914910387037,21241.060056130293,0.4929162269702784,5.040046520793752,260.5494895193407,195.15135451299034,118.00829406878344,3.26203227018854,124.71652371638305,134.21431774922806,18.079551485665213,0.22055380720993306
960.8381844937257,20.02210733129467,3.2159730220125238,29667.805402526727,0.5107785553570084,9.559239280583675,343.5294185465617,200.87796841426294,52.101233211039585,1.0568482627980085,135.66525552412952,81.51951854518745,9.586794515705359,0.1265695729862281
1174.4893447094805,30.940171911319943,3.1382368766252347,18008.46989382105,0.5489851260334697,6.41723528547182,349.2293661866677,204.79102297469987,125.2572021707596,3.0324751568495416,119.25199981264099,159.9618711847578,23.26997843129061,0.27393368078857233
1045.6469913147444,34.50268249698928,1.7818320014735995,18230.38924281913,0.28625590509033966,11.230805954168666,173.30892199972652,202.10006122676066,97.34229804358884,1.5838835932360542,112.54876357957568,163.3228078825763,17.520829998039996,0.26853699210512816
1131.228308511188,23.364402249275678,1.664917448206635,19378.007655545996,0.23352166363802432,11.013324307946593,319.90875191082444,197.84255709973576,105.53308821869136,1.535947978588584,120.39469326220554,167.19283811596623,22.490787581713835,0.25666519589361847
1061.67591748119,29.945707877051337,4.665956604462057,17591.35977421631,0.39315777463943946,5.537091603497442,249.9644515497178,192.36648146006277,126.55287585982975,3.2696156304236386,109.74814002543135,159.68160166991333,19.37559334787015,0.26412579961523397
976.6794557251505,31.12844490438073,2.3113527954001363,20690.4839730628,0.40563227824770925,5.744718837898541,227.5132676599664,205.6154646977438,103.15826452010822,2.5068947393854324,112.99528684343416,115.98790096803282,19.5785601501803,0.1812525670926692
1369.0719841772939,32.72638068635787,2.4883290198515837,28662.513404846308,0.5316727119799671,8.466201145726664,272.614461976543,197.27572103198113,87.92185762508771,1.742313263027117,158.7693726502437,116.09748894183909,18.13609509493756,0.1937128881257998
1258.1634764958565,26.339437955204136,4.039294633713554,24230.217609428615,0.3775134317129343,9.264558639385482,161.1931114524014,204.7210802896558,100.80312632489967,1.704459715715148,142.07455316197792,129.7694142413917,19.455365967133453,0.20437732949953166
884.0679054598716,24.543963584606438,2.3552939296912294,21179.198229183956,0.4283412102177251,6.924358362375685,251.29222375341598,200.25957683828685,86.59871458115417,1.7888275246319258,113.61818124796777,103.13226801971585,13.826721879364978,0.18921699105801149
1321.0807855387477,24.879427010345466,4.808249786556011,29016.16191856822,0.4108283754053833,10.017584016895594,324.1781140053333,204.7732410712365,82.27682807634129,1.4083119329236111,158.81827282385953,100.3529670554783,14.950789259772646,0.1687106579089495
1092.4587189497083,30.689319996477693,3.951711075995201,15726.963487137335,0.21528111350295642,9.1644121464321,192.69230322779376,208.14579122905144,116.68695998334242,2.240460157798197,112.81773822428853,200.36525703385257,24.337422386346304,0.3212380296941931
1336.731336136455,32.251691997584544,3.38971697029368,18154.142668527922,0.44608595863876555,7.273768768239883,235.27797895388503,208.42059032107605,137.2426962357236,3.1244680571884125,129.6726923861486,179.84987152880464,23.305774866262126,0.29460836358964654
1279.9131535683891,22.724209516349042,4.5235806421790095,23488.329076526385,0.5312173143097009,5.177600416296209,337.8961775429751,200.70213560001207,112.7184452071055,3.153104652169001,140.08405985620914,133.61348773449674,19.02906861178536,0.21700457592149283
1055.12810268154,25.564115122366477,1.198423633397931,24233.289347897688,0.2630002192303215,10.251051969089623,235.71276756113946,200.23016729531278,79.6636863406185,1.197242308106783,133.5587909806344,122.95854113161809,17.60630927076312,0.18273151700904067
813.4815849920705,33.52910295123725,2.028250768756835,15593.362598439197,0.43773269357063826,6.503275660775579,221.67352646647967,195.31356931005675,101.51137032199777,2.3468277430807722,89.05030381895716,136.02218613222783,19.09031290200157,0.22128014708342814
961.2064156309676,32.10040279542109,2.86014533688364,21045.58136860698,0.43744421777856574,10.8413162042384,238.10732962467563,208.71599663058583,80.6523912201082,1.2660305638181037,116.81956598472738,108.76759315379708,18.05501859818127,0.16882266654863362
1124.98052879652,34.77287604143714,1.907914157886084,24737.309472463094,0.2656739856225435,7.942031820379786,253.89055330351127,199.15838334399243,93.13218614595715,1.72482914465745,138.8596108873765,131.38725463249628,19.493116341236824,0.20433745496685898
1180.0869318956884,31.313723895231213,3.9756207492086078,25471.058196051024,0.24938542949229442,9.03954209842236,276.39826882629376,192.55182478574756,89.56528650452887,1.6360774020721385,140.14827708945893,140.30024680956416,19.70662429293868,0.23058209150949108
954.7326112599214,25.897928015418834,4.676832124214901,24572.098537744037,0.5920207771905939,11.110641112863014,310.1385601833462,198.654098292531,61.804573391113635,0.9971865246183402,122.71244449474841,91.35055151117562,9.034556893291933,0.15214034843709542
883.6136444436945,28.859567509919565,2.6950804797236936,19808.448365413868,0.357487667861215,11.045361006439673,240.42044115286285,192.54106500476007,74.73332805052544,1.213556457360247,108.64779503093028,121.18223426271454,15.102927924748641,0.189322591994657
1300.9581420795794,29.915213813709805,2.36853040044758,16402.80185396864,0.29096869148941173,7.600637026705012,313.4961870180281,200.0506336851415,143.78685765748853,3.077549389845035,122.32336127713707,217.72588187067257,26.79227434138449,0.3767158393871124
1390.6413084221313,21.17683724475686,4.846202928550265,21406.68669629001,0.26852981778175,6.462222249003902,256.7441322704161,201.22551029712423,126.2048816301616,2.99118462151102,143.88310307289953,177.34688643543086,23.918135685999587,0.27846488220309557
1115.4141093816115,28.167454386557978,2.7794097313101633,16931.31656052083,0.467040685433294,10.426022544100164,217.6961020735955,196.7551152298717,111.17465201999448,1.9798042719107414,109.48746997361096,165.38909144128866,20.738547229056337,0.268463318870763
903.0075715089821,30.639812427089144,2.956193601797133,29214.35487781001,0.4437781189309115,8.031561425214917,281.59016562388285,191.43301228462968,54.20057373133623,1.0977427997297848,132.41159582787816,69.43340121217639,9.135508089365132,0.11294172777468318
963.3843959116214,22.509819560015906,2.4065994893676215,22127.562990339422,0.457420849194967,6.344293954913029,293.5444509486983,208.87007071266478,86.83502276022531,2.0881038621347896,114.22368624592856,105.36791512750287,17.498560495765954,0.17342590249292966
811.03440592848,31.70947576138336,4.6381938920485535,19758.887615353015,0.23520241100458092,11.330977396220051,261.6097951258975,205.4670622696686,77.40985627437156,1.1063979202754826,101.3365550625614,107.04691388838279,15.707041471032017,0.16465772157519842
1348.5792839362994,28.756591707711674,3.275821933127403,26494.5610667835,0.5574138333993748,6.386729359687612,161.32299462694468,206.77762161010241,108.55262467644529,2.3896973996557724,153.37532222047892,113.96646917108691,19.815756365765846,0.1947770789240645
870.6506497340847,34.28332678546392,4.048698348726578,22469.22888873396,0.35570655872361934,5.1806501773386175,183.976575032165,197.33736788572457,75.90186135715136,2.2698162822608223,109.33056385264001,105.15267556062493,11.282996735390132,0.17817189789032833
1145.909885308552,20.636334473103375,4.247226873403545,19650.510360186752,0.32534776257214315,5.14195981637194,207.05954417804566,205.216620600389,122.14292482573674,3.344272367210656,121.49294790656425,158.7774066425602,22.589575910695082,0.2676900683648213
964.4331324123236,23.979892063332006,2.3673961676690327,27179.516135862024,0.38494457889909567,9.35620749517985,206.52512119029862,199.7074579033839,53.68608302725474,1.2205791371708719,132.0990610983483,91.94791289224736,13.58412963635337,0.137140464360186
1132.506801509476,29.02330818949736,2.73477732528152,28007.28226501683,0.3560264262990513,9.631725425022712,284.6841600493741,194.02166976812092,73.5261529380235,1.3557099098953271,146.06753941915838,107.21355686104552,17.471768613699833,0.15819631621241656
1190.8522330111186,24.44839868308896,4.393887097625059,25095.122494330157,0.5454308012556583,7.1772919353988875,153.66973233472652,192.48846753814428,94.33420552942624,1.9858415055800167,134.8421763449503,101.00979375724549,12.531343163548751,0.16848794093971273
1297.845082224321,30.716362461068634,2.453021406703241,15704.466336115009,0.5717043900791567,7.240076924729443,301.136355409904,196.90101738644114,133.38624152222488,3.545502151980061,117.21631428009816,186.99621951223745,24.927629610434646,0.3119283897431915
923.8527630563619,31.385079237828965,4.175740533807405,23494.84320249798,0.3213812865798425,7.3764574054195995,203.06849496138665,192.7510422295028,86.38489300346458,1.5792517173838891,118.54865330385822,102.20256385316068,17.155449896539547,0.16712599435081163
806.5974971950883,21.537739460997116,4.763969290297748,26449.423679959225,0.5455743229839819,9.76110982731215,212.00436924322048,209.96537952408136,47.459311509008835,0.9572872741706974,121.82531710824178,67.67100312782985,8.825868545324205,0.10999315945455665
882.1313780412844,27.707816963101514,3.492841492272028,17047.545181253732,0.5126092518132268,5.4069365371878,255.58196558878484,190.98377980464045,102.18157835462664,2.9426487306652036,95.13784807386217,126.14280686674587,16.445115469370354,0.21341567418794266
1340.0111851088632,27.63335833386584,3.9665091498075555,18430.06127076905,0.5723230689379046,11.50381446883928,193.1851201877915,198.82287198738152,125.31899507394112,1.8731488689839775,126.91478283794653,161.78290633922313,19.86815375606113,0.2592817739604924
1324.334046537509,25.539211553233116,4.2203892481645395,28237.426576022044,0.29830012487435514,6.557647309242125,326.89426271510547,199.0418704478077,95.21457379714721,2.0765070762786046,159.70536836031178,124.6720328983667,15.693525466314778,0.19923783702930117
1158.447861302185,33.99387293854508,4.38015859558657,15301.82582779611,0.43078366004839164,11.997712436694645,167.07375586531305,196.01263857163352,114.75668059440547,1.8124378154015153,109.43907636651468,179.64448695164276,20.174290066556402,0.30283056667311214
1160.310116260192,32.41259479809832,2.580213351427184,26290.907067389642,0.30981783389617784,6.200658856510309,238.876472460213,201.4270313141389,87.56758237539452,2.238307034512754,143.91808942433008,117.87926947870265,16.552669061995825,0.19120457308168184
1199.0220047277533,30.45814072864455,1.2050538367039927,22106.599387716342,0.5296377961937497,10.400825201186642,319.88445389097797,192.9995404830309,103.09348693681552,1.5379878954120005,129.46233040644273,122.16047470527619,19.812937302924656,0.1949107839173809
905.2227671740698,30.714899536024966,2.607505084946958,21701.582382594104,0.2021296762284257,6.563887814507375,273.16877888424716,205.67824761174467,91.92650166161522,1.8971576826111318,117.0722650961882,120.38528516300042,14.462993428152043,0.19231161667947314
1348.647167554976,26.925742157196787,3.695024919136359,15106.447987423307,0.42592766515455843,5.565927611502778,208.4659031685267,196.64895436495277,157.7143223622006,4.756296060772506,120.78155329924002,220.08812363044117,30.73965516183345,0.3702893306513378
1051.262314935244,33.81491781644864,2.801401543123171,27290.973464497394,0.3356813725087672,11.124533270454542,234.15204155529216,201.82685179597283,66.26549092639883,1.0862159682820587,138.38316936775607,103.0993645905801,15.239730500250047,0.1657576222350702
1029.8831169496984,30.41893140879928,3.995852603441594,20397.373509548495,0.3290734828311281,11.011258814336244,291.33887606850294,204.3127847213392,93.20604367108133,1.3365404006360442,118.90174094110759,134.26328476626486,18.192129621290995,0.21373798905692762
1111.3506231697024,30.93471592483725,2.4279297178746555,23111.484469508145,0.4579625295459668,7.82499274714721,344.65214867277984,207.78084235380322,95.17562251656763,1.8190108159957412,131.52949346032048,127.00212862600442,14.552831501571273,0.20409869719521195
828.1795800650331,32.92536355681018,3.538976564416118,25159.510295034892,0.5405937797255975,9.916772997782989,328.6277436758867,206.715748729044,54.148690465974816,1.0107785320937033,118.4721873853318,79.34929854045147,11.452262229839109,0.12629697321607114
899.7700212536477,24.111073840132864,1.7456792194158983,25539.44364656874,0.44367815655733045,8.89946152878742,218.48656167647536,202.1661805620712,63.57238991771331,1.134418001339859,125.8141103498595,78.53006392449538,11.258902417847755,0.12194114039020895
1242.8201698558223,32.10606355800054,3.9974777465798277,29339.700882391084,0.5412691914586889,10.970692795716243,349.6395758575715,197.76786360767773,68.93177412442932,1.149420909627584,154.81311666445717,92.54173460046073,12.604871400789493,0.15432406737422852
849.6792007550758,22.928609044347382,3.1827838752521034,22970.099298549136,0.30583884475241196,7.2053917852305815,150.70093270621166,200.0640934014993,76.71790432737629,1.6102347657762122,113.431166377516,100.54507084933365,13.087363522615867,0.18747188135766973
1161.891265679833,25.180129283673317,1.8162575541864023,20995.79326461641,0.40780074190599247,8.665706799992897,155.52595116168303,205.37469586757607,107.25468933440582,1.937214017443147,124.96455568664203,136.3285180696665,19.66023144487387,0.21511650450659905
947.2094658087926,25.03415681404764,2.167644693991229,29305.55439737562,0.3802146156268304,8.397606598431853,314.7681030342388,207.55091085118946,55.561169584113074,1.1612075758971836,139.68578784196077,68.92527054575835,10.978551027283636,0.11893961381495542
1033.577368425186,34.67788202583711,3.9944348343273295,24631.65352538282,0.2046579598012385,7.477340783798011,189.8925373666104,192.07563856353343,83.53685118605672,1.694283488260078,134.72526073494566,127.28368499475756,21.646939163136842,0.20831785194494423
973.21624206242,32.8480583562189,2.9304049426460828,19472.255344148332,0.42272485725629605,11.240185451894606,162.1538536792482,197.69712524986107,83.4904269023895,1.3144972965208213,116.04069152533387,129.73174111344989,17.282437578041563,0.21442888221670897
1013.4036298789695,30.517547923853897,1.8641257615722888,16896.963681053567,0.46460972965846997,6.161145472637749,197.42961464730044,205.52233196827,119.09136525555951,3.0201486882789212,106.489606779899,149.9421317087341,24.54496207716884,0.2620826140508511
1231.4275431105473,30.905851424230853,4.86908476148119,27638.31752197772,0.43676576176762805,6.046560476644873,235.22003079617204,198.63303525187922,92.47922998910099,2.1699918854613194,147.90824721105656,108.4034358256535,16.786123432034113,0.18635919956528005
978.273029373905,28.431091916038568,3.8605000792675517,20432.724041912275,0.49451195951336857,9.03836674725926,296.11325408668097,196.64455528132567,91.06251308506502,1.599697089861778,111.04232935075062,117.46541263746983,16.48317740250728,0.19179688409367154
1139.8427841781383,34.20636000662779,4.828539330159185,24907.04582046647,0.42853581138123087,9.602459609894595,274.8671053102411,198.2264539364654,82.30321250769099,1.4355058706536465,141.24070197328126,111.54424861401966,15.804891945159437,0.17732692963108151
1085.6302413194599,27.44388129323542,2.708420181441373,22062.246290488474,0.22670010194030277,6.362334780271956,197.52424351208407,202.05689493572703,101.41729254723599,2.370699664555058,127.49527395757491,140.64002433045331,16.921112610830125,0.22701742961014423
1198.2026992175888,25.70776564804842,2.900401362766882,17983.946696925574,0.24657820963388458,7.735022095782369,250.65408962011688,209.99610288267604,125.23503582426075,2.6392329149278027,122.24035816884636,182.31531778153385,25.215748829967644,0.298896849212061
1362.0978435948548,22.445530053973865,4.591820864740077,24025.299129306975,0.438589831017581,11.625946900851206,335.24282107971374,199.85984858209065,102.17027687108954,1.4613589571798409,145.30208669753003,149.21836674251097,16.126961359445296,0.22559525137138806
1239.5432583261502,31.79308478391587,3.1001973609815385,15910.246034260235,0.30999167678945605,6.726321958834718,313.00155539675154,194.1698894990852,139.54368880216606,3.489321985097906,120.58366526165635,202.8144136325981,25.66331547900407,0.3331762803987015
928.9642271544541,31.016658981133872,3.8291156476226687,21200.13689806788,0.23185805161390635,9.678524914821757,214.63795696635867,193.2569315055819,89.01529764420306,1.3746538873813448,116.86105996390354,130.1259483563484,17.75098586631174,0.22000399765306172
818.7098810367708,25.765325577862022,2.00869150998212,23199.224094955065,0.37184109737941873,10.181045755883137,346.45291227113927,190.8469949495283,63.44560360286371,0.9262782133380288,111.59344599060955,92.12798353447441,14.833851517344739,0.1484398796458888
957.3584265798951,20.37790120938844,2.786905874810562,21540.704611778685,0.42172903923346217,8.136900896256117,291.7240800870262,201.17634469836642,92.70097232732378,1.559165373023324,113.75003326391328,109.78453717031178,19.060089553807636,0.1891951036750564
1157.0467584201529,32.58495991577016,1.4937994632414204,26230.082628764863,0.3314983953398426,11.562681907317081,162.48987113335636,200.89144182977668,79.10908857622047,1.1142418893923298,143.75498535320185,118.59503239652878,15.34323651853807,0.20373140635530068
830.8554880905502,20.171269751811103,1.8239201435078467,27418.87431817969,0.48817348089031115,10.156597146531533,157.03214265772775,194.10467853560618,37.63058314427051,0.8669733698449419,124.8737623763783,76.96570021152573,9.479137307524582,0.12234798945658984
1097.8197483207418,30.555496694435764,1.0037736610705243,26568.64611049767,0.4575082432404978,8.205472059026285,183.681589802006,203.90658812905133,81.93073668436294,1.4507395985131248,140.3767200165723,108.81125441372595,17.228084227011166,0.1797975359476566
1158.1057093501336,34.55385664589085,1.157060206594641,15582.194217177032,0.3331273444366688,8.985346412432659,295.57117361002935,204.82214083259362,123.75349597936267,2.518931930101842,112.32995199224347,199.78321514292517,23.223949745397192,0.3218456830738786
1000.5463344901765,26.56491992222305,4.909135292707717,17911.931556689582,0.5019490115634242,9.848294103975704,186.74778516848556,195.18196410764222,99.50918233579598,1.7016963310003286,105.71037886849072,129.4344295953026,19.124983965118894,0.2030425500982011
1262.5473222474932,23.52460107493929,1.9694147805470492,23049.112638956612,0.45947801701321417,9.145331263004527,252.29735384176672,196.88199528059474,102.48320214417853,1.7861295237951809,136.92040380559848,135.29293821258926,17.366305493809808,0.21127101996351166
863.958951880263,30.573065150650727,3.653242838016008,29022.33060665702,0.4549781514871608,11.150883086782532,168.65202403616635,209.80943344694512,45.54290405589734,0.7380821350946171,131.75997236388173,82.67339495604207,9.913653831601716,0.13982241751097418
845.0826690414852,32.256922130233775,4.356398795198446,27524.351625781754,0.4213710803148272,7.498220635962808,334.17723156603904,197.4852893570147,59.356743978712096,1.2261878311774213,125.85608712179842,84.28844989557322,10.573569008954195,0.14078082595999056
1236.913253722162,28.19645474116771,3.202641836946257,27638.017625277025,0.20455586723542113,7.099200180390635,218.7921227167135,205.21603343512203,93.15594252290086,1.7598950550141996,153.80011902501994,133.10925499874347,18.97193205582784,0.2357288637690677
1097.294789723719,34.50552912884219,1.6125780003358248,19548.122906395125,0.47860287339075563,6.49687222646685,331.62641131212615,199.0545085325988,111.11929229797524,2.5838533066271747,117.33589485898595,140.61937177758065,21.23970047406265,0.24648811086188166
1213.0414378566416,20.775030824869418,3.9124657493446655,21441.71845618054,0.35041671644366257,5.2644807764521655,338.9751283821089,205.86689655721952,121.3388731330935,3.2270606376643647,130.05552910652509,152.8146016523846,23.714435337633045,0.2541803789598569
1060.8964031622477,27.571933974567923,3.401005640398332,22060.58920973906,0.5770438840634622,5.301097750660388,151.22572946273615,205.38046477565297,102.38439072708046,2.7336143782575233,122.44125328219586,115.28198491088087,18.109707707965804,0.20866254295116426
947.8412199434641,30.77680920983825,3.9250023573895003,17360.573750248655,0.5271939084308821,11.09038635176498,242.8270374397464,203.3551205039707,92.1358333069796,1.3986779283388717,100.30343039195124,126.3749377828241,17.82416922712209,0.2004984305666023
1291.4613906045197,32.93960706723769,4.078986491428349,15466.021953666845,0.4350777878125249,9.748752024841352,154.93121114137858,207.09556692591158,133.34494081082227,2.5808971192973034,115.67581377951316,202.30603844381037,30.560125941247815,0.34143662594997864
1279.6495273813875,22.68883417861685,4.90164147073898,29203.543491907752,0.3008727927277078,9.623726908055403,331.73855326058117,208.7843698975537,81.31297100037334,1.3138741946897206,159.17329537112715,119.46959310044255,13.013886987670917,0.18747979282513083
1216.817882512656,32.000052226455225,3.29425312010684,18610.688784952603,0.28148695731106665,9.302499732544202,253.6815089469152,201.59966640904167,121.52017055334431,2.0679304964693075,125.10335125919174,175.6898467392967,27.168021103669762,0.2736898154712114
963.2870823379776,28.290606135778177,2.3665644507624073,18599.23355585447,0.33615393507101965,10.944534012858734,164.98880253969935,194.7493781444549,96.4455933832976,1.4555576216883883,108.71869298140338,132.6025279250258,17.74420588692908,0.2055018173338085
1154.1384001214524,25.94830522984945,3.5938582276009483,16250.685806531394,0.39062717743200737,8.361868479659393,172.05534565531337,197.97257923288151,127.25507737879494,2.648733237287725,112.98518999521015,179.27718804597467,25.664364406718178,0.2879564654176901
1016.5843381640161,21.975725428686403,1.2737628369705045,28927.61627915668,0.31842620401557886,11.092875799908102,226.7018048985478,205.16611427026587,53.81472905825381,0.9529710961016842,144.7982083172284,106.97769021100393,12.212074180353419,0.16159372863133611
854.9492439959805,32.97943638363368,4.589589273286345,23696.05672409658,0.40597179815699314,7.516115183275675,338.0468385745779,203.01766970247738,73.4385418834144,1.3992433342325474,118.90542824770974,92.70020073582978,11.886016150436282,0.14731665169001906
1350.3881452773458,22.35909812269573,1.4775240453527871,25005.552856880306,0.26614817020527437,11.486952530373634,288.58183031361614,193.55596677130498,100.56794613557902,1.4198214572046073,152.6186970595787,151.62413244582874,21.144520672101077,0.25020133194404154
882.0911785513769,24.64681788813649,2.311371351543273,28673.653308945788,0.5910851251302,9.89059886056868,323.5237732378265,191.02479082292848,45.871317765091256,0.9800534474521678,127.94134898849597,63.236384832388964,10.812872825027304,0.12261555380576697
1370.1424122924814,24.350682979436552,4.262981522504484,20184.302533511844,0.24316982198599757,6.80023995217099,223.29132926799593,203.6592318708413,144.89252193102882,3.025719935689908,138.57568340323382,181.59149751524137,27.064737465636426,0.2893425504742261
1067.6034637747734,33.07121051286281,3.3892495133228473,24322.60966707126,0.5727776558617488,8.948594451820377,158.64273990999968,195.02158048058692,79.4160574859178,1.6086758574080329,126.42373522100793,96.1378968957796,12.960084777170028,0.17292873434608122
911.0797573031718,30.09054491313347,2.5745420811097683,15581.991820933312,0.5654312045610779,8.73121393041779,344.8635274408828,199.99340487458107,104.57176047025641,1.9732336489504438,96.32300097999864,141.39786033267674,26.90026978986599,0.22705208982877526
1125.1405684270148,31.950220957870584,2.8937426375000856,17801.58792346694,0.41014419272779923,5.965291752112337,153.43459813247392,204.93493545025188,121.72136035755737,3.191224213465288,118.73583675015905,162.44905845876187,25.130780847038046,0.279064655134818
1323.767501525845,23.757018481887485,4.418189572808721,27468.68707634914,0.48996410873443375,9.1387003402543,339.53033061621784,201.25333561312667,91.71215233490405,1.65946102094579,155.7832720845743,119.42731006893068,18.757841600721285,0.17919411500712096
1239.3349318457367,29.373111494104982,2.3600175442395686,26501.525345075035,0.37441931918903515,7.203499366018706,223.73548476982893,191.66605166223593,96.52384486459565,2.021889064847391,149.96529984341183,125.324405497739,17.041931567502363,0.21344584906853095
1283.9366887168699,28.576189747156228,4.478598739248685,20259.640371857204,0.4520138310169753,5.366441367667217,152.0180810043763,193.7116047356711,128.79508879361518,3.445296977423191,131.53680135980252,154.00684767651347,21.373823341032214,0.2454101173208415
1195.2700200264303,32.492455651824066,1.352537723906766,20652.159416613187,0.3362303749684475,11.640593103945953,287.8314463449017,194.3865636806184,110.70831839104424,1.4914126421827172,129.36133565782026,161.00828442663584,21.17765007372853,0.2595659037848826
1215.3659387107114,33.59130590721891,4.107193748834523,23003.316503303693,0.32046360791417816,9.490432583450016,346.1080608062708,195.1572850728969,101.56931933808048,1.7443620950644194,133.93004327718285,138.8155812277884,21.393605134054475,0.2282395532626202
1309.5173909391915,20.1823515721608,4.390190532218945,15003.615070277017,0.43129191446780546,11.13843252309593,343.12514456751853,201.30806783901008,137.56152366112988,2.495315106530729,116.96464521965164,226.09842095370522,27.111586895035153,0.36601085883881973
949.8008053155115,30.110298785881888,1.727270611349355,18618.665040570417,0.39925186967359216,9.732392035092772,182.1874022404837,200.07931559650788,88.03493820939391,1.6076716924759518,105.09295927084554,132.8667954622248,15.535731030820862,0.2080278086117674
1093.6549781858844,20.777536986795937,2.7213861294888018,18123.477129123217,0.4318145476599924,7.498885844980791,186.249561213231,194.06320076728417,116.09808072220333,2.395751673760788,114.07522493869956,142.46535085939564,21.764169593249957,0.24315080977099776
932.7256650917614,28.23287997616034,1.6619990986546225,18757.244201246453,0.3146642325148092,8.58881650630168,263.107782923932,191.35109686911375,100.28276266112825,1.6864318821530027,107.39608933074582,130.34838541054685,19.088884735018247,0.2162977120315175
1392.600804797988,24.314490935655172,3.826416515976871,27088.58763800162,0.3467831327267981,9.730227322430238,277.4609652856649,193.42864408949436,99.27058523024861,1.6959710412300655,163.51370813567442,127.06002064069168,16.565821393893433,0.20545021353692697
1366.4356038119681,24.601648992832118,3.141391072246627,19195.107848196647,0.23355918425156375,11.721766276410062,297.8835827331731,209.68762625237207,118.83162401290784,1.8583466196683576,137.90132738698026,207.0116436788946,23.885054258513744,0.33581943478677734
823.6560868211035,25.29437755178535,3.541293386833284,17872.81983075222,0.2209105489088823,6.775686213851875,186.2100720944295,199.37093899582945,97.77654356467518,1.9980224436295444,100.29319043293293,131.05722164765334,21.182495203723146,0.21561001544212038
1223.345103509413,29.319386735744153,1.7859478678248446,22563.951911895474,0.3013828518692065,11.124839410368825,341.8014173528869,207.34691009404224,100.49462795093126,1.4518891571771302,136.03793979393384,136.20800590046971,19.650219558711203,0.2241186720115635
1355.1489904493997,25.01074948503154,1.846983448209678,27984.67554559098,0.22969874373221832,11.468544637059885,277.74785125784757,206.97504933337686,93.19732332449094,1.28222666491723,165.1695278252735,139.04077261421511,15.85197594764042,0.22012463229655407
908.3452070764001,30.990485758854206,1.1659893020396255,18620.2455575625,0.2415098834538963,9.692908602612697,319.409383774111,200.23039114925749,99.3938720359503,1.5370363648637422,106.67889155321001,134.5683143861461,16.129723841603127,0.219389855138952
1140.7671383315776,26.067910783608045,2.288270140782919,16178.04364189198,0.5251713621575749,11.518866391809365,258.01314305683434,204.13375416921087,111.75668051189355,1.7914834645182474,109.76593671647751,158.97300990706472,20.935351288615728,0.26212157891653215
1349.2929785528252,21.02529800464938,3.2389786453347,20346.071037744972,0.21554947880667574,7.785150112341579,232.8553695179765,193.85504020825425,129.81677963463528,2.524814500644672,138.84704885315796,197.73324035090934,27.66968521283884,0.31786887979663037
820.3675871514793,31.756397637261607,4.431739655989315,26214.777368474664,0.4635771175738971,11.6711132322831,345.4365813189992,203.76793409853818,41.18833791729291,0.7217518446485403,120.10442275948965,77.46595744715445,10.68236123337235,0.11107808875467512
1218.452160348104,24.28637486889059,3.667709789834723,23260.358170421918,0.3090230995261602,9.919480140161824,266.4242741639672,195.4476915852658,101.2745951897278,1.6362407085642188,138.32587008403064,140.25891220097594,21.586037665258736,0.22951156544258766
978.4094044235304,26.49150319398894,2.7415852935990057,27251.90054361521,0.5486182722832506,5.2940403719316835,323.37471655983575,206.64124193508303,73.63282043865235,2.0174197082380374,128.30705811065206,81.37588148433191,9.419996538917147,0.15413193309500756
1354.637717225918,30.281658248328522,4.812480457576552,29393.88221413851,0.3939969138309998,11.34810982273337,340.65847927325797,191.6744826621782,80.78063176587074,1.2416432778331121,160.45454316602323,110.85565190413617,15.778596073159866,0.18169142036410985
1382.6349470992207,24.986842357230678,3.8769808023033274,26889.93715127426,0.3222305837311303,8.391309663232349,285.07092540173187,205.46277345770554,107.59490420669054,1.9093827118909308,159.49371060714833,131.50614653637012,21.979904724087575,0.21953447007042823
1366.5598934680602,20.848784842200736,4.7206608114502,24057.0461826563,0.40705557427577377,8.22228889344483,259.787735703735,191.9987381313724,115.35037974610776,2.083590633338869,151.19529792297092,151.20405174034502,23.98995797986842,0.24722022287893983
1084.5285299944783,25.608815705192203,3.1103518930886627,22400.12382078571,0.35278320761810755,8.96526624185744,150.70217018213012,207.62378473788618,94.18530460736038,1.614476856585929,127.67677735604255,125.23370932783982,18.271341077641384,0.21138651908535103
1317.225590593588,34.166728740414555,2.0356170991725584,15601.036295224,0.4257204258679321,6.045691827398596,158.0039281478012,196.08409036270007,146.78742981074012,4.199386758970803,118.01010022347499,212.78147676032532,33.46154954299299,0.3593067285688166
1306.7296391210423,29.626015959478373,1.211306745458888,29764.82968221062,0.2458131473305393,8.28416233997179,190.17024321022328,203.0878672966115,87.33200587907099,1.593005443275639,161.12536267580165,112.99748792186753,17.2449297369068,0.18088729850428906
991.4602839459534,30.072187230008105,3.904339405935402,20752.216838625638,0.5987962011250204,10.817890517024221,187.20168637119906,199.7500455724056,74.50369673401255,1.387227768312942,114.33137905671009,100.52005641608645,16.087393517690607,0.17570534483600775
1297.3492844904065,29.4842323045646,1.4852119920221365,17283.423208753004,0.370222351078687,5.108377213962608,200.95175903996906,197.32606290524677,145.6055252982571,4.423784121828546,123.0035011274729,198.7872185115162,27.640315342332876,0.3371132858026329
822.2045808292955,22.98488208439155,2.2111005130878687,25000.63283094685,0.3392922558829475,6.910420122270599,210.98692753953216,202.90883666366992,66.55779933262075,1.4005086615714555,120.53126034145919,89.2746037132579,10.904641657981717,0.1568117016501189
1157.761927089232,26.2750079615342,3.1298836315355896,19264.32433643189,0.48408393932650595,5.01718210510691,222.01309871014564,208.95045961102477,122.97348796372093,3.6459687694342278,120.77715986088343,154.5343470191583,20.450208397072846,0.2793205628426568
938.0053023726218,31.264096975449775,3.2576663511189907,23786.674063965715,0.345559762598133,7.909979164048938,234.1075380137753,190.82539494749244,80.1456052602573,1.557131209997266,123.41354467979184,111.10087353251325,15.662948733010486,0.18789079171936315
872.3401314663673,21.520593463297388,3.402332787948544,23801.518617668866,0.5333097220115031,10.098208573456143,169.77326769120293,208.37705711766208,63.50118165999577,1.0219085167237,115.8125213255232,84.85459011172972,11.445457728037626,0.12500861513910524
846.1719209775255,24.167791641345683,1.6650213213988025,21685.947313543038,0.3817082897441701,10.5914028038024,158.4723863905564,202.18163310042027,69.67215988557645,1.1818572749408878,110.86982162305738,103.39631496296269,10.308306648056169,0.1671845942860779
1217.7732655268837,24.144786626987802,2.518949619286595,27541.77923317564,0.48782336530617393,11.616328327889047,284.78888981460466,206.14628601538104,74.97302880441462,1.1601322912424572,148.13547434903464,105.39559228745183,12.377902517497835,0.16767471137301618
1003.9249782608397,26.48028391391759,3.468776908467867,18974.505923331646,0.24298128657675463,9.259532290795505,257.46696496861557,197.67749906868556,97.60405249613888,1.7283694069267397,112.24368409825759,159.01383548274913,19.892623890202856,0.25084445474003797
1234.860062917257,34.705531114132775,4.8792754585351386,21729.48887426601,0.5384476742220448,6.7823880665702685,238.8288404440239,199.43685949675228,111.35217054426911,2.563993081843423,129.27635716347066,138.63822029362845,21.453790018906123,0.23502477713234118
839.2138044793654,21.012538200257328,3.9105245507987547,23065.38192886457,0.49428719471124394,11.469035643956893,276.88798823367046,207.3770150360233,59.126277022639435,0.923364880447228,107.36464853874503,88.5029009397942,11.778186464670542,0.14968006368913905
989.1742026983662,27.780514915708928,4.690415028375831,24954.370811509492,0.2846867113847863,10.427210277162633,315.53588144070807,198.29695939619646,70.02526920989429,1.188166184686066,129.5810448008496,109.79212807958356,14.2412633621572,0.17198432736492403
1123.6947754252024,22.690470230183156,4.048848233256708,26759.577757583844,0.25811440389831464,9.020999381022012,235.53858182324092,200.6931913349817,84.44938492451813,1.3776443993545338,146.86746010569286,124.25735331613137,14.722713805245329,0.19844864722500566
1274.4338989033781,34.56014818114616,3.3668678755696018,20922.10924317384,0.32651693949024974,9.869481510032552,278.22389301039584,190.40389846168665,112.89593436584093,1.7778166288695836,135.79476775644562,165.9975856775072,22.35781376359205,0.26436395546663677
991.2515017592419,21.699552570911962,1.7680934765453782,24690.704161448943,0.5904282344127617,11.470214485052004,340.71444476703175,193.17196011676086,64.87952660286972,1.0001382954469236,125.14619731066185,98.33669820111253,15.695500039210556,0.16914514071158115
1175.5348258622055,26.05401503542387,3.666742607570052,17259.164296027786,0.3027326298268235,9.98675819931045,317.92489917231217,202.83373015949599,121.09624691946554,2.0743832565360054,116.30058300383503,173.99523769279136,23.91846899449767,0.2791656829264412
1331.5866489417122,31.068274772519093,3.4935182638396283,28989.72150813718,0.3824508835786533,7.578621553093138,235.2001621004819,204.33953802127755,95.73786282218413,1.7709884172534638,163.1222786587526,121.18451310997132,14.339162911608714,0.18714259725987417
1169.5179129093826,30.56831642041168,3.409876681829066,20745.882096315054,0.21200809028693454,9.991197416023677,278.9433675629486,201.65201873568998,110.76170324485939,1.7731987117470456,128.98998108559806,158.69539489979607,19.053522262963376,0.24004073107725946
939.7756848521802,26.340929553408984,2.959143471952963,25942.821329646576,0.358891011826493,5.281947139147715,185.41418438318794,192.86620072551221,79.86696249704073,2.1169374521326008,131.98150853025126,103.90026144789508,15.87895567004117,0.18064706235882833
814.6404689339228,25.197862519290773,3.1146264159571024,15305.116228232664,0.42852800617324105,7.704908932814069,262.104436979018,198.90810857155668,94.09387176506597,2.1391173386366455,86.4036822015454,141.5627635263907,18.403899872871296,0.2261285012770935
1322.0593243405579,25.96418567829306,2.3377701084724163,18077.807143572107,0.581249845003186,7.844261222919055,346.26565822768856,197.1018953272638,135.0987744915803,2.8031225879772217,123.33829416015669,166.17297481829064,23.95257948458265,0.28397793315993297
812.7616465102323,23.96414394737959,3.0772507705692127,22306.23816485367,0.4066944179760258,6.167867640945843,253.66302304050447,199.91322688070176,81.86802891673199,1.7851352901394542,107.8894571270953,100.56536670766538,13.369203299922276,0.15538720307782128
1324.8210036105197,23.079994080602,1.790223622713913,28173.7870159852,0.527642930471075,5.1615983638623915,335.5276598380294,207.4065806910819,99.0547157070329,2.673373515138169,153.13174056665264,119.69142644848465,18.506515796841228,0.20088175315800258
1117.3622804163272,27.24559546338335,4.220697589441507,22908.827249260157,0.4188510570275602,5.933668656464199,231.46698410065216,205.51722877317303,103.45920986850354,2.515766693015991,127.61136334696315,123.76315552400825,17.575953804910245,0.19749671172097083
1363.4406191077378,24.02800634101411,1.7431078187948312,28948.057234408185,0.21631400537420725,9.582350470579385,349.76896543692624,191.67979002778318,91.17160022244902,1.4935637621173357,165.61233128860752,146.7769759505663,18.66265965038402,0.23944720870251204
1279.2699414641993,24.31192497345875,1.3398651595578657,22256.953448741944,0.3260033100759096,10.616021714545813,265.84400704551155,207.8061839554913,101.89321407145808,1.6526267225863227,137.21260513323787,153.79023238969862,18.752228933566286,0.25370009121665765
1398.7604663200025,29.851340952118356,2.7449841054286295,22356.73645103925,0.4302198031324413,11.91742444908882,158.4537988471869,199.43534302299648,109.88868095810078,1.6593910431037822,136.82978962685007,156.0699359764098,23.120071951046388,0.2540850659720185
1010.427089271026,34.52805997549838,3.6332297580242474,16796.20182750798,0.5802375863724497,7.42454452175946,267.3509593382776,204.87724289771998,108.25482831324221,2.400480064672949,104.45921363803899,140.9856301433914,19.496971093297848,0.22462388265777816
1260.3129733586761,29.05455800839063,2.7508672997341654,27039.843662283296,0.5436521439004933,9.195654555827712,204.9145391359193,192.80078462528704,85.74423421359921,1.5142853978306812,145.21533977116823,106.83842556966454,16.622373448900618,0.16794285489169694
1041.1585481655452,21.154692005974493,2.1070165278052344,18704.48118700594,0.29134224567153905,11.560014767705853,156.49626440717896,203.41439051414096,95.502713100309,1.460888501584056,115.39127933565071,152.60273490134,17.461252712063885,0.2458561272539661
1087.9253721823452,21.133754207811005,3.232684735561763,28494.187340584725,0.2880439320076654,6.169292469367068,314.17066093893266,194.72652035218917,77.46750258536593,1.809872600896047,146.49985455191901,111.62880739448465,18.595471075145266,0.16866452301944385
1176.503277931022,34.271348312683486,2.3880093416487997,28662.363304955943,0.2804691868455603,10.023519104399199,205.1459273961512,198.76761794281862,75.52288177897417,1.2191399066946176,156.60499442088644,113.02655245982369,17.638702816130273,0.1793198783128027
1324.2062685118033,24.459361854610005,4.731470760506532,29149.65167811225,0.5689995585210013,10.284851132044142,309.3097108092997,190.3372574016421,78.0347319377304,1.3497379121015909,160.36025273027514,95.53656926142119,10.066108756614273,0.17197128654650654
1390.450081519577,21.38100479123713,4.690580558414288,22803.45733654635,0.5410664612406882,5.622828751085368,207.6435165911734,193.03221275860952,127.86743551015675,3.237006382811686,142.7121707912334,144.1711019547395,20.159208047064272,0.24682716126842236
1260.9640483187109,28.985668807255724,3.009487279888382,25156.406771754664,0.5099533729011795,11.028745696281455,188.86527077475486,191.84160986247238,91.62081466898967,1.4289309019640728,142.07363549615835,116.02019188548363,17.56654930637763,0.17343415045754665
1050.6600693004002,29.354731674353992,2.311535976073034,26677.738200924952,0.35709404568969105,10.691735329775907,344.78711482088545,194.79488345876516,75.77252976870813,1.029514833102147,140.72186343705206,107.8515149770588,12.050466267363346,0.16599832831984832
1052.814201366242,29.72757230178032,3.9485296558265564,16965.219279756984,0.4017522817195067,5.233821046042041,222.3290655510039,192.00036180048644,126.532932027788,3.613226833260768,105.08648350125004,162.17342332854093,22.83332026417966,0.27308548006864336
1242.549380953335,24.011030417863118,1.1468517739322666,24014.35792496246,0.3857326979180611,5.63759090416036,270.27524228863206,203.83820053239123,111.87389509009324,2.7864660374268007,141.19180603515397,140.99750751909463,21.082975780688624,0.26076400945127554
943.2662874609814,20.226660263217127,2.899076024174605,15514.468519549675,0.30135924302374906,5.343888257242966,271.9962985628943,190.58079804418438,118.91644927108271,3.3847551116950685,98.35675323445233,169.77908718800947,22.726191092768406,0.3051729727041038
866.2844678788368,34.475230541817076,2.345293577081334,22463.491250830888,0.40201121845950677,7.3432047225955355,262.0946964347004,202.35481001249997,78.92304062381703,1.5292813276510775,112.65092141092093,104.05123658677513,15.715619583921566,0.17867902249768927
1012.7732945844659,23.763395685366536,4.682143540410219,17322.64022430341,0.2121986191411018,8.565022934759483,332.93914870424294,192.8141566165115,112.89978230803686,1.9438016244373493,110.25836702975852,163.89345632483122,20.756799281425685,0.26184744142420635
972.343394992449,30.14039432078821,1.0480121090907302,17743.84388943127,0.2527241493989837,8.726434095682402,284.8882142733737,208.90322914355795,103.76180544955147,1.8441349856115743,108.16039284787335,157.21804609213186,16.390025038998424,0.26627471560411076
977.784872273594,30.599448048180644,3.2112595028733963,20475.71350038902,0.5546358384675785,6.873667318386099,230.74660082098603,208.66188146219707,96.73525996881614,2.136547430636282,112.68949674615251,120.2759338506943,19.325126129890958,0.19044477869189969
940.164650629946,29.150111256192286,3.962654324266504,21486.557500747545,0.5006719068125693,11.38117820592192,322.47607690485484,194.51006205041926,70.31732175564218,1.1505722424671132,113.63742424257742,101.52398108831636,15.698933534721744,0.17455744720958827
825.2559137818171,24.693610913204722,2.940071950096165,24347.58636798281,0.3691473636236348,7.577839529103392,186.21257982319287,202.2884259644606,66.0330214020369,1.4000132877897664,117.85626628653742,97.44249938835056,18.08531494780766,0.16944361733462393
810.7243608400482,24.06644380646099,1.3416121206508866,16116.426276577735,0.4068601449135509,5.318851091757468,258.8473515220835,190.56010638944917,106.07330657370221,2.8063237066207156,91.07656869229602,125.47991901310442,14.109885011075903,0.21476965823937097
1392.633433841619,28.965024240540547,4.889845560111609,22555.376418561667,0.347999554383991,7.101589780789705,340.1100743887513,208.63577086102347,125.98799049867382,2.6436244952360006,144.68528819598967,158.93891363560383,24.29581654943584,0.27623647853927347
1056.6638802415173,32.99143450417537,3.0720417255043917,17739.376953796516,0.496311946864269,8.717765957809089,275.07952597608255,200.45974616383418,107.44244138555005,2.0139395140297918,109.18128699338973,144.79091503164705,16.241304237208993,0.23285355639313
1030.595988295809,34.20100593385094,3.4567449772760455,23609.62762547613,0.5136748716928319,7.857552758117624,313.3936900949752,190.86446302835557,84.05561515293195,1.6183284709126924,123.5307459793764,107.38809926052224,18.828483716426973,0.16461457761892795
1207.788369615842,21.588587066056363,1.9464391308300293,24561.069183917753,0.5053140760812636,6.9168976336948145,280.7121451090386,196.84999986016274,97.0928983849818,2.1274600863145365,137.0100453780231,122.16042417043272,18.515999471825182,0.21429488724879364
930.9523327190385,22.3224291889658,2.9339923404272152,23350.63884829281,0.4890446899337798,5.919262748350222,317.87417270757805,191.53698923722467,86.3661753025386,1.9873608191695813,117.90108615357855,91.57415229751822,12.33136851265204,0.15638240734657857
1369.9767103701352,34.17104388174619,2.7165979678332874,26074.432657174613,0.28180173547711834,10.734151500673608,338.8975759690487,197.8588887874672,98.10757107728205,1.391284166422071,155.95602824010348,146.61406262172952,21.1381756451238,0.2398517416298017
1271.8070086493312,31.04802842502189,1.299583368007935,20034.13866361352,0.3351879916961915,11.973016694869344,204.58434550654735,203.39852684322645,112.65774418768353,1.5815107344737152,131.4534672470532,165.66915640282593,21.160062031806888,0.2825277078645701
853.6466013873558,33.2449073724466,1.424641414189869,26476.598874496965,0.38793817399346997,7.306794934667174,183.9322162513438,199.39779816082878,62.48359403785034,1.3290848236822237,126.66227775155686,75.71598532164036,11.656798547861793,0.1196422854953198
1050.5484654709571,23.039489512030148,4.349890078475099,21491.506225622907,0.33231719657106223,7.671347309236228,246.798150066508,197.6744434943891,96.07708542713769,1.9750259696819095,121.52574049147853,125.78787341094284,18.161118139464612,0.20699827476483362
1327.4709845372988,28.813788066641028,1.959279808826361,22262.76747483895,0.5019760800633315,9.3262626727387,290.37248536484316,192.3831409108093,112.62232185266059,1.9648884034464351,139.30062414875445,139.16273719587002,23.631140996177038,0.24408933487404652
1366.8392133748462,30.517093916262105,1.7798330859945222,24721.53190891607,0.3317414096999819,10.02909032314879,195.43825063644323,194.89878091387314,104.67840588639176,1.7148686581831765,151.4348828116269,150.18726127147016,24.01910519280198,0.24911689579758986
1080.4409067499219,30.201678281704588,3.019645805000557,15275.37575998836,0.2552928347141349,7.7442067436251385,150.82029008603342,192.00286575476702,131.97282906754927,2.776035980248301,105.60593258931623,203.2085703649801,25.61998120805534,0.32557538790790713
1168.0468335264245,26.122275363000472,4.074988525450052,24809.913321303724,0.3596161808193216,11.334506618872707,218.58702316734107,206.1499746331332,81.27236944823011,1.2627327833684217,139.2657888356199,116.20038812412058,17.91403184178013,0.17737773298447032
900.2203676552451,20.230923375369628,1.2477860743159517,24278.777236081733,0.5919657731129522,8.92002792460243,343.7718670935577,192.70479655969444,63.3436336258829,1.1855832244465978,119.97551000122026,85.29225526827346,12.600551422673103,0.13451340874584272
1394.701175682186,28.74389085206395,3.3072316785530234,19647.7067512992,0.29035256517343033,8.152730534841517,288.9934921211693,201.90746733097788,132.99436087314,2.619579576831566,138.64291475099412,188.2926390418947,22.87759585918895,0.3012506072831289
939.003020830066,23.796523087694133,1.4768417713622934,16286.914273492343,0.4448634635772916,9.526709272119337,230.26508878824478,196.8548082717769,97.81212151223006,1.845382614941821,98.98113997467622,146.60075624817577,18.16057346008811,0.24072844171657717
1365.6390644810754,26.753813692143353,1.1458442033024738,16364.031748695617,0.3731892199358825,11.669626937744212,188.51521946936808,194.51956769310368,139.75236946921092,2.218279919736478,124.02194415402779,214.10776400664938,32.98110287726807,0.3441287902793148
1189.787989395421,34.363715226257256,1.2109758086488696,28848.35620477843,0.22840982705973067,10.561866060951939,221.21793475094938,202.7893687898421,77.06202352416142,1.205778860603811,158.44391827457432,111.64799626597731,15.81251038542041,0.18232216054775763
1164.6420769273154,25.98552976463652,4.336656432833765,25339.189818387556,0.3951506423992238,5.280091913745871,183.96788666024958,199.14004618753881,100.1386193377877,2.6734559952271955,138.67212169416825,122.01788688879518,19.772079657161676,0.20135326226986688
1107.6131066099051,32.597024099966404,1.4718899345122463,16906.539206561105,0.480865731459325,7.326169375179718,171.26116426259028,198.0029093456912,118.49346912388062,2.631134454864318,106.6278511232928,156.30441333794928,21.559741972212407,0.2600596254803146
938.4018870306552,22.82810908623877,1.1806054576491678,20350.847539633596,0.4052879903311275,8.293812794658558,331.34847451451077,201.85704009784442,92.78841691676665,1.6515921354676986,112.99770422620935,116.07470101770929,15.629165605319391,0.17007097514167874
905.916819203305,30.086907470375433,2.751599548571649,23887.244908523946,0.5488424254986324,7.201623005463737,349.5300676750947,199.8253525698,70.92914924973546,1.6013076331503489,117.55447341599378,76.95562122731806,11.885310653433232,0.13289657134609423
932.2917254421052,34.65510431658415,4.375973887768099,27533.57557635973,0.31557480666303306,9.901312925813196,182.82288791915806,196.0696841710312,60.13743595664061,1.0839775279466517,133.19852451376585,95.98865144494096,11.957878881634091,0.16657715889643662
911.8629572865527,21.52839651309405,2.0496335059572077,15654.913930695127,0.234499668521586,10.783884049038068,160.90451177565595,201.18122575530504,99.78883108564641,1.6131486419463337,97.06791664063171,168.64271744136173,18.488018020097453,0.2548481034880441
1267.750684140052,20.12479913340788,2.6868504701036655,18549.496972050132,0.5746262446632024,10.119415666296902,215.94622142924248,203.38997153101388,116.11527868662237,2.0220087706283465,126.83756754323714,155.89295446990494,19.75400773761412,0.25889380171761545
1010.075155500038,26.503741889489216,1.159690130255005,28346.234854430702,0.3512785398112876,11.925333007797928,242.33183615228307,190.5338631717371,56.995101916014846,0.9307718756104136,141.08321635333445,86.36160352158464,12.88430546383242,0.13273998052087546
834.7056059380378,21.38938224577051,2.7963140565395035,15137.483252757247,0.4305622205814533,6.9078335352512035,190.9642494151709,199.3174345781535,107.83030853847902,2.3384501944499436,90.13585524912239,144.51303510187725,19.426086113023683,0.248179066134249
1381.4615780844867,31.22576524514347,3.3104523225485347,18020.98654190831,0.5168012504520784,11.124926465170951,210.2849823597117,191.15366569167088,130.32921025710638,2.14757906977922,129.5238668011775,178.58832041088593,24.7648122174952,0.2909447458262439
1330.2715309780556,33.71822995772838,3.283628215008579,29385.36263959449,0.32972546555023224,10.366358656221404,190.17414713833153,193.7281082813622,81.3403796027078,1.2661426517617358,163.56659702110372,118.71420899117402,16.474213188504965,0.1947797811309828
1356.6513699171278,26.51031459063138,2.3297067686974606,24201.027697832567,0.48646581527104443,7.535251302907023,304.85211368649027,201.21017468155947,111.6192616899008,2.1358843511030696,149.5024272805785,147.31235449800445,21.34062939266986,0.24297561424559178
1396.9446935878611,23.880674632331615,2.262132722652542,18925.070499562597,0.2541675399271312,10.13887180559878,292.5155886494522,207.3237783053116,134.99547043291372,2.1846074251528522,136.2776706925971,202.67022937230706,29.306414107048404,0.3391347363738326
904.3371495316924,26.516049785099145,1.4264944757463915,16004.866415937715,0.3165174988822021,5.728531694927729,276.99030315219636,207.6561135837697,111.30708984594395,3.0439998404195094,94.6131906454402,155.90833549082387,19.17984239680436,0.26777660641738193
1037.7452113415952,30.851717267750015,2.4671932825850735,15422.870106708333,0.25788425445460794,10.525334376383867,227.44357141584095,191.39888020277263,119.08478865605437,1.9471561108160123,106.40116849225714,190.36281804133532,25.896313982878425,0.2979615510301386
1254.9430854224547,20.135812423705566,1.3979786754918586,18671.176194553907,0.5244922233605431,8.726314218109717,331.8081882628472,198.38210172573415,114.38554495641367,2.3482502496174056,124.43613358308562,160.62780878911022,23.511123886681208,0.2654113662030494
1217.6123708322752,28.841809842270457,4.0663837788482065,28222.28729383366,0.28905969409071414,7.046031208964772,343.906508307004,201.66012966009103,87.44045814475406,1.8390032159364862,153.60366834584684,119.515927185358,18.528214384411974,0.19397511250774135
892.337543803913,29.199375273310686,4.865097190992744,21238.704814462642,0.4869614221620841,9.59044111248926,184.7278625250824,192.94139809100687,75.31630839518265,1.3066487459473017,110.89345222228704,103.59369143238942,11.486964787376019,0.17008102367325306
1289.4998749943707,29.565323703439034,4.880297826666828,25805.000537489897,0.577319358898261,9.491339991000864,194.6025282823756,205.30864433489543,84.28274845425068,1.5022237116606052,145.38371528806968,115.1079824754783,16.460896911072314,0.18348651370615537
934.6643431019963,23.630331199713158,4.460284397501575,28774.275530699364,0.4111088836275508,6.466403559037198,255.12620560007394,204.88470516874477,57.212613016011026,1.394018454010079,136.27743908951317,82.3186052466209,14.59464935380759,0.130649985054569
934.2905688935739,30.710790850671902,3.4031685973584764,21120.60692404225,0.4160116769042751,5.212781903680683,168.25011385644905,208.0668202741359,97.5210127927513,2.555631135658964,112.91567924445724,119.66723568008601,17.17681883951374,0.20704988700420313
1122.1846537360482,21.370872294976646,3.8034627889755197,17869.160565560956,0.3844134272391248,8.035358108311717,237.28967976462258,190.16972024166887,117.81648461394175,2.410267580324276,113.98938299811707,155.7710342417781,22.85399091238617,0.2583171234520754
1155.763960905022,22.98905504700201,2.1408232107216563,22756.768962853792,0.3303560573574571,8.986583085410949,266.358252955542,194.33368487978007,104.14421829278352,1.7126575515288118,135.03914924871086,140.7830922720408,21.154976034356316,0.23894077237380779
1148.0517247026867,33.16205069981723,3.5230816806904826,28621.255305897816,0.3902620123699668,11.136236948594188,254.41471422746662,206.54373428490644,72.26136224412308,1.1117566033202584,146.06842195946953,107.4230416648868,12.323812623924269,0.16810256973920462
854.892102438653,31.080847260898494,2.82259819775951,27065.61621206551,0.44112301290670375,11.49751756953316,216.1817166156052,203.4116010165387,46.661950540294995,0.903344029054409,130.5952939325411,82.2736713385497,13.982499208307527,0.11263540882341556
1326.4765175782281,20.20618331017018,2.92806935910773,15987.447650447306,0.5943966288682637,8.701636527097364,258.48916121544136,207.8877970739698,138.37996856859607,2.8769304041200474,120.38970899142458,192.18127255479837,27.443900883809366,0.3134025048887649
959.3600255532236,23.725643905547003,4.031106241500632,25388.592001163728,0.5751058237272897,10.276624386379815,341.76019085176955,191.14359309060532,62.65383798718668,1.0969644226522046,121.54483911137055,85.6850817069954,12.90611920392142,0.12323295919784938
877.7089527696825,23.21609724489747,2.1276734223890066,23578.462836884304,0.5448611833172488,8.075122906295979,191.2034808582752,201.93927931432887,61.59211596286282,1.3420259080587218,114.77667526809327,77.32326406275631,7.789175646028461,0.13356187491568744
1333.2488479213862,24.06209492055459,2.2721584467780795,28611.947645196382,0.5556522142819433,10.222575096010251,280.9662716788007,201.3809314978735,79.58015761849138,1.4686024586239024,157.158898764836,107.32362239700151,16.541391997666057,0.1589324788982534
1373.390898937852,23.713396554198297,4.698567164514547,16837.221252754458,0.3871396733168172,6.433610674574169,158.67933883121037,190.71348832721065,149.5146969126268,3.829886978525213,127.89179585266646,205.5384007013781,29.417068491878666,0.3367227602131783
1317.2765703592704,20.937894436142685,1.224897179403889,23010.54169806985,0.4629777308709859,7.59745314362472,163.28328089628698,200.27044153824966,116.30888761800406,2.213313864701693,139.14479681122154,137.1237206956948,23.52299132054004,0.2241953751078105
1285.7096448349268,26.884107748952303,2.9425371936533615,28191.940402678385,0.5580266891744856,9.439595991695303,260.365644844717,202.1904062261985,84.33579410226866,1.390833352359677,153.4120502472499,99.00713616904828,14.044903993096648,0.17785854382478067
1193.145188383413,30.991002121792476,4.651203201631446,21150.356801126145,0.3571803059965412,5.1271057592495515,170.9878360655899,193.82586348404215,117.57932144917612,3.363493956099989,129.4398383201898,145.89426646079704,19.10257037360097,0.2417474380950463
1130.5144223654836,29.100975870761545,3.441452031272628,22229.923765993008,0.5847049913381874,10.05722917237268,154.46935768537148,195.46659166249327,93.7730344524482,1.4651120614935285,124.27482504468837,112.17779245622698,15.11158816314535,0.1830418591307416
852.192055946846,30.093075028971196,3.1856282968485283,16056.910165004374,0.3663144248276732,10.848748508877168,184.30259952960444,202.80694692595475,97.04444243827758,1.5603235199964804,92.05403301646632,126.84009835908063,16.900806793774063,0.21166314850815834
1045.0719278424192,21.21723767804359,1.9989767169174208,19172.15460673366,0.4404330661572863,7.79399162765766,262.9698341999149,199.36601895199917,107.9911876736384,1.9603270823858194,115.45189279179155,139.52001034936498,17.563202805577525,0.24372389188011265
1023.6131102073884,34.27236065265181,2.373101956257793,19867.599737534212,0.48392188530894875,8.13559692024015,290.66819090378647,207.16027315136654,101.5383504904001,1.970992691072319,110.36759246532652,136.07915703994627,21.5897206499597,0.2316066099878567
955.8522702561958,32.57737750764537,4.408193663218771,29176.8367311733,0.5802368052303752,10.958975485515717,190.495712828276,196.84763532018377,43.16001744334412,0.92116181901453,137.1338522026281,77.45098057101588,12.304275567012134,0.13632715856299377
1234.052068213151,32.07635477743494,3.2368725270738326,19240.010408117385,0.2978465096209064,10.429582447282234,283.6518874416349,195.33319316776402,120.08676934055161,1.8508708588896696,128.89047828658386,173.66686869156223,23.108707640288998,0.28765208221475547
1097.5254410472626,32.34475707562651,3.0589687750271195,21913.03102904478,0.4984523912954569,7.017046423233625,186.49526621984586,209.69731880689685,100.54225440044745,2.1325346240707095,123.6767170038614,120.05552411130041,16.86230243677144,0.18931740269369632
848.6277295445888,33.99065762199142,1.3983188541601157,25069.566353464197,0.40832623445763283,7.2678327459307726,272.69148532625144,208.22271540260166,67.66287390377724,1.4918270594986793,120.10621499565342,84.10244894695458,8.510262001419921,0.14466886505858914
932.1099211698868,28.163809491705464,1.0641126258204925,17432.75058611816,0.30742285624825644,9.752147626734176,232.39193597915977,190.5798548999796,99.85028608412365,1.6801874239996382,105.94049418421861,145.25057687937252,20.999991547686903,0.2431643490807774
1209.9552581957576,23.00423026801439,4.854740754748196,22296.635807128117,0.5106427359185561,8.942386647137129,280.75990186672334,205.4145723061313,102.30495403300196,1.7753695767945477,130.41787885290336,129.12994093548576,21.821671815130703,0.20188360427443391
845.6785156941801,29.251754117788117,2.5079446691473666,26078.085592138614,0.4208889120695386,6.135606997675478,349.01055049584943,192.20669547650405,62.39411738413762,1.4996533143104094,121.45832917924531,77.72839925670608,9.935411896748382,0.125791533260923
1310.7241484292613,31.143222405019085,3.4128522483980173,28002.828195405993,0.4643895282598703,7.169509364604165,337.5633930465124,190.54970389658743,94.91113192733748,1.9674444452928224,154.69512320587697,123.41778168430683,17.23274403737875,0.19676919402811793
1097.0879162083845,31.06876090031038,1.31886029274914,24393.8891199364,0.3291604274311604,11.299882938150578,150.8563515672207,195.473910319327,83.63978346838253,1.1939557075174256,136.40018711929142,112.79485845007906,16.583354276108388,0.18885807460997317
1088.3519463959888,27.8217353625032,3.732457142892186,25035.80272975422,0.39250958073104203,9.817221057055843,327.0877528724611,195.3869175812221,79.18218205489501,1.2524422483471693,137.1054687558258,115.40051612625315,19.015452575711667,0.1849323854695601
1155.4446707957106,21.02688079000367,4.730266834823844,16894.252088768535,0.44694170039522685,11.901820223798637,163.2981590349533,206.38637524693928,114.44875912506382,1.721154071626971,110.51353053919259,169.44274247636363,23.110872571784384,0.2681671954874642
1294.8085795550896,25.566694076451917,3.3026610119896787,29186.64745869521,0.3619643257079376,10.369087709865386,340.609317231969,204.2133449188567,83.65084469327533,1.2548215612572382,161.83147375839522,125.77336184373664,17.144796355013995,0.18839155921164746
1008.6855247413158,33.81149912695036,1.5044612895016423,16988.611162267236,0.2793490159390805,11.59382102500513,206.36513581993694,209.6321885466403,101.56199699279296,1.536823030204235,108.93454634488901,165.1640171809209,21.696718136216717,0.2624403135414858
1206.809691535438,28.766733646361388,3.326886109893907,26620.094057726972,0.5846561969261216,6.513320017093328,226.4069660822542,204.23025800623637,95.06581232833784,2.124380545595332,146.60621033231504,100.8628063960109,12.824224484140554,0.1668621315001222
1139.4391783974747,28.074979148835702,4.065388852418609,18972.24482667478,0.40458701601704694,10.400394123718481,168.32764103514558,198.36511106512097,106.3009840440051,1.8070133854672261,119.9844960078699,152.06971624950506,17.776074715821082,0.24860810388157148
960.2169621016528,24.032802715732902,2.6256661462960746,29003.897155518775,0.4935681481150802,5.141522641034582,172.45455166578193,203.97855321890432,69.63664766950619,1.9771570806707517,137.13266673037214,79.99578477904747,10.354604257654549,0.12833557598882422
1327.1779918130946,25.526733798748683,4.519350991765871,25799.393090542195,0.36441887742242324,9.695320151980738,295.3481130458639,209.98918134372803,101.17648984124197,1.5556923416787998,153.85300899221923,128.9067183891589,20.432437806506815,0.21069606359558835
1278.455612964157,33.43019133729754,3.594731813429458,26307.205694675533,0.34205270561028656,8.28497594684169,338.8664471496583,204.20283765125055,98.08860267998065,1.7781550858138928,151.8959708607252,125.08011324793559,17.182783133141314,0.20101221302505412
1195.0711007950554,29.996945712902537,4.59699567315681,18285.88759589825,0.36286571938684997,7.42732050344048,272.1496989908619,205.23362711960635,122.21016864889056,2.6429296071462214,125.60873987289277,162.26669597095025,21.698941071982677,0.25733637077053617
1310.3490374565451,31.810805401284995,3.494021244989349,21645.599649527412,0.36367865751425993,11.036830466051624,293.1700031053622,208.7673003038052,110.70016953413423,1.5788797947555964,140.01997702318468,153.876606125169,20.071792844456724,0.233330866756528
1320.3765205758814,26.815181346014825,1.525151888019297,24267.197918839294,0.41767204637678146,10.979873848602715,302.3939489194307,192.27302522623367,99.86075416264511,1.5065388067411924,146.06620024826685,138.22049548545408,18.77118621490258,0.2106259274153661
1225.017786029021,29.453708291842368,2.2387668444207565,26549.604273099016,0.41738794799254525,5.1561119342905055,202.56285491058833,204.09568586895455,96.46219973174068,2.7774563279355133,144.54085200039776,118.33744378585833,20.588187349611204,0.2032167383837372
1302.2079970182033,23.725754131148115,1.8071797930098277,16559.390638685843,0.39886152635314864,9.266535857146017,159.045926184043,207.016119159349,134.53147281024087,2.5475125943727286,120.66589448746426,191.56152062894265,25.785044703740436,0.3140273612307763
1218.4828770015702,30.581912454252294,4.635305990867449,29435.479746817924,0.2539143139669752,7.574825570246695,150.37454878383372,209.08757200441786,81.70736741249875,1.559736163126965,154.7347871949873,114.96080185918977,14.160858730985366,0.19073680074382612
1208.0844630561803,26.41402000555006,4.041600269149931,28353.31005831834,0.3984301914002124,7.909627010503144,220.12985659080374,194.219385794234,85.37485188920553,1.6175782762301696,151.13842101520095,112.0011470345829,15.84057117206634,0.18725303249146052
1171.1668269291106,26.638182722221185,3.705593475640024,19055.228857433765,0.2676415601682606,10.824285174531433,198.29284563984322,200.07858015448488,115.27725369411,1.6427535331264904,125.2732079719897,169.5433604004166,26.2958163390852,0.2631573433220978
1251.6299837345848,29.739834868653226,2.2038652785264867,27341.403645484977,0.2504543145183061,7.168878400693748,162.46354500983713,203.61109695288962,93.08461543283963,1.9588701014195322,153.3578530657944,124.97568994389842,16.439174992267812,0.21763626501099473
895.1630631758442,34.0442093220339,1.736179088200854,22774.85884559735,0.5730582869364671,11.601341674463342,185.90565849873335,194.94935459002676,68.33697272641797,1.0426311748445376,115.48193656081584,87.67642766876627,10.11906201475285,0.13751869799151326
1328.5224555193572,20.960095199129313,4.025804351955648,21927.09722343028,0.44198000525908165,6.257436784604986,174.89977965358958,202.0094572650055,123.86106854086904,2.896229784779295,139.5380863894441,148.33228458008574,20.77348571021555,0.2559622223185189
1323.106116647139,32.371148560205114,2.8966317835163187,19716.51158717108,0.4637960232498337,9.639056963577245,332.97567612347405,195.15157564996,119.09534863901423,2.0720227091226286,130.77277683208604,161.75918663683302,22.725890294764646,0.2617174527115377
817.5483698207355,24.385746656182896,1.9031582086025165,23714.528799473886,0.3607174681333455,9.704735469096352,178.0534426918338,196.66914041063293,64.66594665663924,1.0550920740494414,114.96097687600553,91.29083490751714,13.85302442678319,0.15124338541880053
1295.4900503388576,26.658791817595667,3.4664879126611003,25948.336765553966,0.5635923567659457,6.765366129995428,257.52969279753586,198.8303739302173,99.89344850821098,2.2142959122219183,148.06472134761435,126.28039639251277,20.107674749422394,0.2094202730495392
877.3219204840672,20.328699931625135,1.161335408553808,21163.993574441374,0.4551721958318662,7.273254262770414,268.6211910224329,200.58380197493133,83.13458181275752,1.6712218372145375,109.58215981181739,98.74316796061709,12.458785433945312,0.16876331907881667
1001.0713125554852,24.515691167514696,2.304681016513014,24438.287895124384,0.507667947809435,10.843589448059582,258.6978915417268,198.987317432503,68.44630451649245,1.0639059240734656,126.06549167926458,96.21848281088909,11.271492317272383,0.15489289475826507
1246.1049537749645,27.539468639451957,2.8742279783645386,25489.693817329557,0.34742498761108553,10.332636784684667,169.8112868431976,199.86391039575858,89.79404666855817,1.476319568043695,144.48590364914685,129.00359868631284,16.8572871096147,0.2164069994164131
896.4559376289849,20.842641160211585,1.5918333364376234,25666.827255229287,0.5840047523276501,7.303671162203317,213.75967235011024,195.97177512576584,66.59460792973424,1.4153496956199216,121.16181420802778,75.69274920193789,12.751974619927562,0.11950577032699405
1290.7802144714374,27.36643594074748,4.938617910363359,15779.491471967704,0.5281845160633261,8.737695828544538,160.25406649263064,193.1793018804526,135.41657139897583,2.8169116570337183,121.37944113554876,198.1250477978012,24.16331374043765,0.3076577749081332
1299.2805067746451,33.90665943287641,1.836389458358457,27896.217085276003,0.5415793852058175,5.431762073771668,229.13398281926322,190.9469995465368,93.91354796664496,2.586661871317816,155.97872386506654,96.8282648224726,14.044691202294011,0.16137544175254612
1104.4806402565018,21.580898271617077,1.5214125201730622,21873.79972147572,0.2688777069703017,6.461221176790405,187.7197862543184,193.91957444983336,108.80002144005282,2.3605485858994966,124.9093901816433,137.20086689357052,18.494583607865973,0.2400959703517311
803.8315230301001,31.466610921132563,1.8141394955475856,18936.241225443217,0.3083852831484878,8.400743912022794,262.32650665687595,201.63887283011567,81.61318771882675,1.4572238020830508,95.67889789589563,118.98433693804611,17.931299683278567,0.19150315522902228
972.2228799049476,26.14506580063989,4.076244532638897,18626.467612195225,0.3142506398734308,5.601816146954481,288.5616787698201,205.72230895606265,106.44394698630656,2.7115035822989486,109.65140087567852,139.31191462575984,20.716990450294187,0.2370035307170949
1170.1561510254453,29.82760571786507,2.7020226370873712,22245.211692659257,0.30836368929874847,10.903326484243562,256.4239720409413,193.3849519488579,101.03377219787933,1.417901875086449,134.10649458887525,138.2709760327017,20.951816580546325,0.21104911665945317
1388.7117068164541,23.90354896977844,3.261663759010152,28302.473092034386,0.5421632648417152,10.026043470753535,236.84733932227914,192.17110715545297,87.26374583861778,1.4879658409555647,159.05778903762027,116.6539908142734,18.9907748806974,0.19051618188246852
1179.088116210001,22.392383938120375,1.084036627945443,20675.213725239704,0.21275391808343685,11.605435694539462,227.4666841713385,204.985807210985,97.39635554187169,1.4378013284346622,131.62293683346348,167.61167415454415,20.589342185535106,0.2555673980754359
955.8821486384959,22.406939214068395,1.1377252342932582,26245.88620175315,0.23043999559230974,9.85426834174819,318.3383536194008,196.1031666107458,68.74282808824574,1.0910201366593046,132.75329671969874,104.16973003929186,11.458192340495645,0.15840698367500328
1180.4034218597667,21.057379184647168,2.7833021993080647,16452.28096480828,0.3095659482519615,11.5828096058353,193.873613013054,209.02998878454704,118.57584603715738,1.9646471236918601,115.21143642277747,190.0478794943344,22.327970806825306,0.3006934536501814
1123.9912278295133,22.784700573518645,4.2666209728064945,22140.850532265926,0.27994918985977746,8.881587889836755,296.84366790577377,204.28635941220745,99.6990955454723,1.6224726741716438,131.17501777102228,141.99178474000664,15.659055292720637,0.23366337643014784
1267.907237090686,29.963290774834526,4.5409555148302605,29875.292105891036,0.29274384555313937,9.201530277433786,301.4964649480238,196.5351209448606,80.20751399118285,1.345931014993471,160.24540127401264,113.91926079145405,14.612608323278568,0.18985667714354088
864.1883832961751,33.22535917765262,1.3468262703825609,26556.567041885057,0.51917727570132,11.838797382383827,233.8400014541469,195.7908549558741,46.34575848499382,0.9194431666276204,123.15993234429854,80.82685149963693,9.405363569106983,0.13622515789510997
1256.616741501217,32.21188528386743,3.153452408404091,18157.927326609195,0.42525063755681874,9.494904028049824,209.46011984512788,200.47396772542618,121.2159148676777,2.184359490163735,124.83236143080924,181.78477839675406,25.815162274764635,0.2786399213463247
1124.759947205666,30.27701464811726,4.652918745117082,22521.62210546866,0.2023082645171872,5.215505982025226,244.10829720919503,191.5828933655642,115.8775682139132,2.83736573772156,131.95304730685612,130.6187258325224,19.753531958068056,0.22423510112209658
1377.7952023153966,21.65647795116654,2.5518910175915455,18504.371454728498,0.3717291062816781,10.066619436413664,168.6427851785397,192.35353025290598,127.92095051366894,2.2773905820184326,136.4224424556396,194.5353452510132,24.81584677248936,0.3126091053628768
1005.1232996232117,24.337811694439246,4.318263325713474,21143.41390893764,0.36315397074014355,11.33828084496191,159.186006445818,193.51715762632384,85.94414413068124,1.2605808769746376,119.6779809688155,115.82210121181832,15.909302175078794,0.17101713642665928
1179.573135880369,24.647103129837035,1.5347826175977448,26701.26035602447,0.2455781077778174,10.569061748560287,172.32063989037835,205.4944718660912,84.66415641552786,1.2365279723942963,148.4521252608938,136.21620882928727,15.59248225215568,0.21684943063509587
1359.2168633060105,23.74935419596432,4.741577958671195,26568.372229356057,0.4704567154405828,9.086832908377957,187.42900629244522,200.27714718538246,97.10744046367105,1.6986296072033205,154.10226846268992,122.85973255534132,19.648186983023564,0.19877162273067758
861.5058367944075,27.725084895645846,4.00569327012521,18421.505668535778,0.4808388753517964,9.699124591654614,250.8353640676086,190.21134245548885,82.06414801952033,1.4136058129614106,101.49179343641406,117.40476131028917,14.385681620765745,0.19535845681622674
1362.3370923418706,28.033307223195088,4.765337571147606,28833.3497723229,0.4883572876208391,11.931342524761703,319.82732723222443,203.47033054944217,84.76728853728532,1.1371390734999423,160.26969999756506,114.10035979371418,13.629549322608169,0.1833344011879687
1212.731433380488,25.353289627566653,3.706468934210026,23888.5227414724,0.4913883782234368,5.634634619565368,197.1284663999374,198.47380357320995,103.88748435313934,2.6972254912280604,137.62338405629396,118.52313700930037,19.428613642410117,0.19926375512339864
840.7022354631032,25.30683738104654,2.453615727997708,20698.864364430217,0.20002113077291872,9.670713800432676,337.0324021493556,200.21704729927595,78.03518789495031,1.2094149380615171,107.70582416547394,112.36204648154066,16.380107166846983,0.18989484360749592
980.5781401680897,32.42833396859122,4.75272469009889,22529.03371171291,0.5815683215386889,6.983783861994157,340.98158178700066,194.2823248682587,88.21510663889941,1.870226826186728,119.77714750660495,106.70817417427133,12.146491707935638,0.15655219451552305
1224.903253187169,31.83939272479528,2.102267105236714,24076.068801566158,0.5256835068218653,9.48063277610319,341.78092096904106,201.03564456788206,95.08567281645077,1.627624931632396,138.41835838812423,124.79231087316182,19.30024196458945,0.20282206434177058
840.410360881263,24.616937475211184,2.32869008824693,23398.35797768678,0.5615926786357142,9.25336503118757,317.51254693526477,209.58306479502977,57.66012089940223,1.2071210719290808,116.16083153379616,92.38029646821789,10.520048111221497,0.1330091461016983
1149.302276105764,33.70682665809889,3.8032336720069613,22296.075533042673,0.20625731812297365,6.074197824757134,222.76500815954412,191.46889382011523,117.14634031427772,2.6022776166520707,137.53710016096878,148.21738601914922,20.480889051546317,0.23922692248318336
1007.529834171774,34.29222525503759,4.061265198101545,22573.992061341,0.5735435183142957,6.447226520181674,164.5367822005246,195.6783479932886,87.97913462692485,2.0565284649740803,121.0972523624813,103.30531745552075,15.676796381983525,0.18077139786311544
1172.5493106604863,24.90113813045061,4.717613935396615,17646.17865641829,0.5239154114752418,9.351407046302494,263.763746353299,194.8599518572166,115.20392209563904,2.1566641140783323,115.56961405917123,155.59610098859386,22.837251611972277,0.24221881781926607
827.4452202875077,25.31637423189582,1.819209636224838,27190.99356457019,0.5348876571834794,5.897609631126419,261.73628878744677,194.9709862150236,58.08286628752518,1.5725850044899812,121.30425002895771,69.8999862655239,11.12958655361898,0.10633865125614633
1322.9220836914258,27.584512301329383,4.191992140876896,23126.40479911523,0.23731495388878743,6.85626612591226,319.9951534219191,197.57412715130755,123.11750127126709,2.5193844912852863,147.00431471701705,156.1226872544535,22.239578420245643,0.2831973256286893
1384.0933815064382,34.1168121880051,3.9541842135878538,16966.197925570545,0.49551121156743905,10.846718834166017,349.1982101892211,206.36219569488335,140.1365447733248,2.232362833292797,126.93209762137678,196.79668017988726,26.105371338425144,0.3039257580885572
1381.326713171415,33.144791497134676,1.2551782250143915,26492.35652374167,0.5839666758568364,7.289640542011471,251.6314613120295,208.25717379928776,99.8215184990724,2.0944051075452585,154.6732419019663,114.18623474330971,17.945061646521463,0.20872861222129688
1249.791099045755,21.53851943875385,2.548892564840828,28986.659675660263,0.47141893656726425,8.41642109388764,219.04080620795685,194.04430174917945,84.33477482524651,1.561955660213909,158.33573569612957,107.65981883347096,15.122791818008944,0.17538726320655293
878.0517440783792,25.890961149071245,2.1310618282403944,29209.603488554432,0.4282245618498426,11.587982346020882,187.1803423112534,200.85899875896226,41.086833819927136,0.6928867100526493,132.23970010529172,76.4471150705534,13.01342482949029,0.11635124849196683
1254.9579175574136,28.30056784624658,2.2179616974161216,20535.265986167593,0.5782518710995987,6.590043621858624,150.95996496347414,202.7379794433096,119.05848561530664,2.768637944241518,126.38088660849094,140.45655177741907,21.93402101135786,0.24403907101442585
814.7521498752809,27.5469870882731,4.931787518218803,17032.75310341131,0.3771748486937744,7.727382121506073,251.82273849777584,200.4365494872769,96.832858821185,1.7293938182730535,93.85291369560281,132.57873281681003,16.506096081058892,0.2295279781633906
813.2741309173983,22.90794601905339,3.5711096539197116,22775.994399495976,0.43971742652419143,9.245204428804819,261.10373334051917,198.6815278839384,68.36355442059332,1.0918621099887262,112.1710719551726,88.95350831611931,11.630165116189708,0.13288820415298294
994.1661314897248,32.88225156752232,3.8707046311739983,16689.138440238312,0.3905353173977465,10.287372506527806,314.9876959634795,193.83951011718474,99.89968585062262,1.6933113616094948,104.9690879295612,157.18403089465957,20.663081694142235,0.24760666206079898
1093.1859142427995,30.15411174495256,4.906470549260037,29009.81127768926,0.5731384885441196,11.311573706988936,250.9153935785601,199.76438718398478,62.199295796888215,1.054254628217195,142.23213433608242,96.28774674324913,15.2778258333519,0.16344286374388817
1262.244450684676,32.568625622777056,2.5088071298305548,17753.69441032719,0.2304338907062029,11.408310913014606,333.29366973321135,198.02429655422657,119.07732560772975,1.9040309578722014,127.05234771287405,207.8320330428137,28.974958710267742,0.3336683022672125
1209.977225963903,32.881464190242085,4.207360673811223,18791.48789926746,0.4004478803301392,10.43648052060836,275.6166953142871,205.9112672500454,111.00765072753723,1.82320437369598,120.56395341289794,170.55719631254058,21.732918322475097,0.2850870165121845
1067.541623826049,31.225337804986097,2.7381238532179815,21099.547903274557,0.47478097655417534,6.598315856153173,318.06724764421665,205.2720871832599,101.6046244108309,2.3368497507890207,118.55394314237627,121.93724562669728,16.016081169823366,0.21142548549225393
964.1759997689995,26.58815901874576,4.478134687259919,20747.467028386887,0.5167626153688947,5.17366531029796,179.6603469615494,192.67997362411342,103.70454516695179,2.7391043279346676,112.11060720638883,111.43459471989986,15.088135908535758,0.21262517545068796
1398.2747000946267,29.158201325231367,1.7226301652452127,26919.943385968334,0.43320745897765456,7.686417512489367,321.06722606046293,191.77038105126135,105.5167778583617,2.019255652411694,157.05133778696734,123.62026655099416,18.83582106718003,0.2074088423389447
1055.7087813415837,22.405481091796148,4.790744708257119,21844.752308264433,0.5635670976485816,5.990841956914763,285.0287708887697,208.16307886455007,98.29511159381646,2.3508648748482224,122.20299631786146,113.56599510329548,21.55645715420394,0.19607575288673504
1070.8322145978052,30.104681262123613,1.8750868336435187,17561.52390005005,0.5767965787535487,9.972713532068086,184.0466064876661,200.71016777928995,108.9709673540407,1.8238907567518032,108.85531286071743,140.2223988700255,21.0136575064355,0.23178971959271427
898.1742927150015,22.688798836089212,2.304882027923726,19008.148432291113,0.22572768927743342,9.627914107780018,187.95271162920216,207.1560187456518,90.50384207860053,1.4674512871463363,111.06010987586646,134.25777861363565,14.79310460201088,0.21463629227465128
1276.8857292499576,30.409243857652353,4.024768936427122,22636.70077781283,0.36094821581654973,5.307801491350184,335.30012380884426,191.16302241132803,117.69523359207126,3.1265767531992696,138.61465212047887,153.06437416298863,20.20876041391279,0.2693432003644849
1216.2093354688932,23.44397241130953,2.575020566261627,17211.80876139202,0.2093836086884618,10.856156453916658,156.44307209007457,200.5303123304326,122.60375910539817,1.9710139219819092,121.22282797990124,196.40486916177994,24.272861857684422,0.31668785520111925
932.4617676732562,21.7632695022533,3.4328455070657866,24174.835134690213,0.3317666629497772,6.741202864038276,242.5069886591412,200.78853029152472,84.47565220213916,1.7305204866662836,125.91647673834287,111.1285671516233,14.004332508071181,0.19187985568554922
849.4286273695056,22.479267352144362,2.778294004277714,23486.20959826719,0.41474728718824083,8.025589528437296,212.6950579868203,207.214040650843,70.34461873227545,1.374194794257612,115.02129552290072,96.24327077099504,12.5512435103932,0.16755185263531028
1208.2995812448278,20.029882028286053,3.9694797483591273,25720.534745733865,0.5643179722039795,9.675536148190197,283.0154879996856,191.95219996459414,91.34383021761762,1.47054796821796,144.18282002424667,107.55960937391376,16.651064889362395,0.18032944055865352
1192.7067285686812,30.781094267802956,1.9133250094744434,29065.569230690515,0.5386217289861611,8.005931507965773,317.92587751379835,194.8089112735182,78.50490432358517,1.5741659741856107,151.76144189216896,95.20469192590113,15.260730038604198,0.16356586087304978
963.9557161989255,30.986015735875686,1.233831948947508,28683.818416517337,0.2509998906687943,8.089014619599604,222.0756243113139,198.13076627774026,60.79927231047879,1.2374000567438,135.41822692168492,96.44680595866541,14.763213243364822,0.1469409116294708
1370.5181373502462,27.724000248698893,2.199717589892265,29191.134271032468,0.2372121498963583,5.459395967350183,235.38041746456744,207.31682950839885,105.61289329080982,2.5900344290006734,168.60144963396573,140.0243367744588,20.699383551315847,0.2304333135734967
890.6347350685402,22.420442015830755,2.897234659473721,18670.733955355514,0.4357069355026668,7.810104844820026,346.3835569002828,208.77766630141133,90.77008273580752,1.8124384996041139,104.74013556387857,119.9003446398662,12.945333709396218,0.20640873648574776
1059.400880625561,21.253315062660345,1.6720802087707143,16973.47959959032,0.412847188983513,10.353935252539884,306.78330193584054,209.85449239187255,106.12811222870299,1.7792198376621269,110.19444901377302,159.21975509562728,19.113220210883796,0.27085814283824733
1366.1695521005595,20.286934496559304,2.4191891586255547,19534.150507446728,0.30655105657200954,11.406234360306184,329.4408261863583,209.18386972917042,137.90618619998196,1.9063669251874304,132.1524020427031,189.58751542381304,25.883308056185218,0.2840406401325103
1051.8363901556734,22.48622265447831,2.599932073174274,28426.27759149472,0.559781233821534,7.894479959443602,237.75244413032596,190.11883511688708,69.13697372337165,1.3039430323724082,138.66631775395945,94.17626929090169,13.359619152676826,0.14862520278756247
1183.1155685984513,33.362833024747204,1.2295673747530942,29580.802119352324,0.5709465637846214,7.965100788153552,196.81524079682305,190.95416682907745,75.42625302331825,1.5502619161837696,149.98773235008116,89.60599813799496,14.925416812657572,0.15014782239297667
1038.5566387776767,23.623052625525226,3.333228992736818,27889.87426605714,0.36104457533606504,9.918389744265564,232.37269307729034,192.95213638315178,63.06499874032014,1.095297932299787,138.88510975967026,97.50212629482056,12.931738355244802,0.14841342414442193
964.529121409202,25.314069908258233,4.5373737118851505,16650.265816913154,0.5561210228454081,11.599404007736936,293.2183835663027,196.97724193540546,98.99467737789983,1.4607324510431992,102.96457445639835,141.1445500689597,19.31255270347611,0.2180989531720547
1390.386588775897,21.580182267219996,1.6069716518122097,29211.419970896895,0.35357955770518906,6.869426581675522,171.88608096719588,206.59836061973917,103.90748901249161,2.0917398839283368,165.7302261980194,126.11949106206583,18.877753132242713,0.2148458341703202
1045.600403789026,23.335419571222555,3.391232053606056,21350.37041026179,0.49472673273188006,8.081009445765558,204.09382112330178,207.8531239067096,100.20985557610422,1.7436119912511698,119.29311258189038,123.6346735999434,17.397518856521405,0.21870189000414114
1336.4595222074806,27.788368561703077,3.658956819643385,15139.654361435305,0.3903768870190897,10.571812704866108,159.3271800923181,193.73668812589165,145.69910614314722,2.4642214194474494,120.85489773209997,222.78787959423852,29.652729138746484,0.3385057980226108
937.9727635346517,29.116290246434787,2.6773387216771534,21635.906111222903,0.2490332626028732,9.26785498561827,236.46954766762633,202.39328303239418,80.65242620002219,1.3608644708512059,118.58918854248348,120.4278717629401,18.338088195060482,0.19254569086310525
927.86282241505,23.680284712493165,3.80439034945708,15691.037545132014,0.5711736804948087,5.774104407747683,315.48914719592267,208.34723970130554,108.66819853587751,3.061266261379368,87.50749135162525,142.60811365769717,19.934283177917965,0.24915763651824333
818.6804497307069,20.865982388376757,2.642926173964048,23158.168817416765,0.38163863735101466,9.39412914893586,154.93273765960217,199.27463471862643,62.22204156587777,1.0887436985896168,111.57803880152876,88.15720114308608,11.969913963148542,0.1509253784225277
1191.000095225531,25.86549303691098,3.0185491519097396,20078.31041155577,0.4937948161289614,6.307223992181289,285.0647053614332,192.07087143905568,115.24737669495431,2.901475229869906,121.4624375506822,142.195016608611,20.52822065475085,0.245498550642306
1021.1158062342568,23.513050563895014,1.029412178217708,22101.52400391073,0.34686952577251684,8.57151153854883,336.4991749027479,199.1562730016925,91.81275850712454,1.7068753929611866,123.16908968550948,123.48587023587207,19.81943792702207,0.2199115847827811
1318.6149499037822,23.29330884844703,3.7668804565387553,24197.555411146757,0.2075523514304939,8.70372287362307,197.38557230223645,197.51589804576113,109.92249784098684,1.7771905659891736,148.01849312754172,151.33766852060927,18.684706655268805,0.2450674743740636
1083.9259440149344,34.39794204070183,3.6453707157788977,28032.016437267303,0.24021214347673436,11.133423535574895,288.72696814552967,201.55315992132014,73.43855135830306,1.0691443441938402,145.55919892954947,106.80529844513327,17.971201773857295,0.18401931901355928
1380.916056748833,29.244507288885863,1.1536035093053782,24928.52364707893,0.3984877917959697,8.237459918087067,345.02038022004007,198.77317368814207,117.60025457514355,2.060364037040499,147.50617797144616,142.5084637440827,18.455933756507076,0.22790265928306935
911.3153094218727,28.35317664758144,2.4730004295805323,21510.73302717271,0.47598574285054496,6.95609695565126,342.4556120304926,190.34691853707437,85.5680552330759,1.8542777269063342,111.45162705469133,103.53867660849085,13.820098024669823,0.1744306216476881
1321.1739007733663,26.236626552849827,4.9161273631666695,27291.417805055476,0.33389413063171164,6.616764437512221,196.98583860582866,209.87995466827343,109.07778257265953,2.1619676924834947,158.36653600575838,135.45130124613092,21.05180324493388,0.21266947803604283
1265.958111675045,26.434165001452165,2.682946250274467,28583.73206359698,0.4781953836710601,11.119763136790354,170.06621064241375,200.8708047546114,81.14250859429447,1.1826802568646206,157.3546511024321,115.54713804888519,17.795805122401713,0.19415615404746395
1262.5531067864313,28.11357505757121,3.007781620527367,16796.399496482958,0.4794542357727824,6.197075980927599,179.6565075791832,199.47261510969219,136.91174928907677,3.6014675996213596,120.38829819912442,178.59398550746806,22.43346074972661,0.30270122563100393
1306.8699368701327,30.44644710554161,4.639720632638874,22978.994663291873,0.4815743629311323,7.981079926182006,290.40713369642845,209.09234743008108,106.09994259589911,2.1167566005931673,137.45463417122033,138.7266913363359,17.400726988084628,0.2328358136356345
1256.6143945657993,30.53219144272744,3.8690475034630256,19267.679396136664,0.3970087416082033,6.310211804488629,295.1517750906551,193.11720735174154,128.49986252586314,3.040131693328275,129.76357434421917,170.64343645416244,24.48714953734574,0.28323278530167567
1175.7321929788493,22.575408615581743,3.3282805244968943,15705.917968154212,0.5659544600486015,10.413128280800628,284.8473123256398,193.78475205090496,118.49988505887025,2.150937630563783,110.6203730924646,179.34410215858833,28.51635775292428,0.29638981456011043
878.7469266094325,27.501691281149405,4.1912187253642905,25028.20042670978,0.39567860719224623,8.320608479822333,217.21567754844762,206.16029498125567,66.71854098013536,1.1907627205819333,121.63985970068254,93.71750845034977,15.327409516436171,0.1564582296199015
819.5157076947512,26.17937142551153,4.457465065823893,27941.561661888383,0.38010607739865526,7.458005833897684,183.95538795162443,195.21662160050016,52.28171285593216,1.1697844460407982,123.2439636573509,77.47199397557654,9.884102447257076,0.11795932112406073
1352.508708689412,33.05790449404076,2.8275522869490675,17443.539817160912,0.2797523276042508,7.527697484385268,266.1522183904506,205.98454212583053,143.9625384848603,3.0276140809313756,131.19204696010874,216.74352100779114,24.018226483260598,0.3460237479951704
1169.990188712443,29.471283818275644,2.9004334597273416,27186.204864358508,0.3230620349425346,10.965499447060857,246.7360891515733,195.43066965817005,78.76761271079006,1.1877474345328338,145.7277627317173,118.83922930183117,15.971832829852016,0.18985863099466158
1277.9223745857057,27.98756099623973,2.544203742607343,27800.936003054125,0.21693379700732135,8.876417680061067,295.7668294244607,190.66375260450002,89.20377487891635,1.5195909902027889,157.51647517130448,126.50062160296132,17.980945325843322,0.21154258188053643
1088.91341090753,21.73091963268376,4.866824560073843,28715.106639997255,0.4534141174464681,10.025074957918847,238.2720157371243,200.34029447773432,65.2323540317119,1.1493217327954959,144.81570053401984,94.80160381696356,12.037326345728431,0.17232457858453878
870.3849133774366,29.084568339851174,3.7886650171614016,18979.276336290786,0.29941429757083715,11.279269613754792,217.7279389372937,193.93372868253724,81.27259360707403,1.2738322818830194,107.74649931683255,132.07730774885098,15.366544127380811,0.213884193008764
875.1114753215303,21.7580585852035,1.3328922648322892,28559.29597784834,0.32166210179418603,11.312191732284495,208.69571547180288,205.15692585864943,44.75297823439823,0.892097720401509,133.10891095392904,81.24719152209252,10.398344101162037,0.14086707851203928
1211.339172337383,25.05809863348628,4.451838493252074,19809.941321046485,0.5083258086657285,7.299563380365042,192.2940640099493,202.82399266464296,120.58778344746541,2.386683413691251,124.45505999322461,146.58796880962097,19.48953779277899,0.2276202780037023
1058.1835369396777,22.142629472214978,2.9222397633450723,23285.070201832543,0.33088847326458154,11.667158842024698,203.1492752373323,208.47205335955834,76.803792206212,1.126819559239814,131.54012650386682,120.15111207483186,19.501289664100955,0.21162442219898575
920.314836020202,30.381104705365534,1.2750156256899499,15757.612062484232,0.29687835680525687,5.174131174102238,168.96608776882027,205.65976714531473,117.49404537546069,3.3711800681812973,96.72210650908559,147.58254452075852,24.239616786765172,0.2611424795742427
1094.956728044862,23.093781707542288,3.198869020653244,15658.216325531153,0.2676230996534823,7.6378489271131595,219.37140218577792,193.61551909681452,127.29162874541727,2.769676110136894,110.2863518672985,193.9311829767991,27.013650200962836,0.3180974904549798
838.5253622450805,25.87789059782039,2.6686571159028083,25805.598190983044,0.5099433608727824,11.27059200256189,157.31396247259164,206.00316473329593,46.691439698271815,0.7824039849522414,119.6819344488053,78.97743909515034,10.232931441712406,0.12464323801766868
1149.1828411486392,33.43512166428168,4.5109976194504995,21667.199669666865,0.25188250319601074,6.9224581587188805,187.28276943326534,202.83474089628046,113.65212097303207,2.249409957741484,128.16924800596894,145.78391188669605,19.43455445555113,0.23009796942886893
961.3960426610586,23.064745750984553,1.8159784144375495,18844.385630538265,0.3815015041001414,6.9115701522492285,299.3540889238858,203.3790328352125,100.6221957021903,2.220962774193195,108.49671886321792,126.34196760010448,18.11555869640178,0.20350971118488695
1278.535460382313,27.617075959381687,4.305858437968732,17856.202440373654,0.4027720464308777,7.118355995573221,215.09379773532453,206.64525771940296,132.56667155924936,3.0218691254310164,125.62256447481256,178.57989108773003,28.170319282172905,0.31719288420723935
986.2171753541443,26.289074917490332,3.230754764741811,25049.302362888273,0.47495596507428584,9.286193693928455,283.64740339546876,201.4764813837788,69.0748785481926,1.290802815104324,129.9040178137522,99.8890583740978,15.254423070656488,0.15285157132932983
1073.1320894490807,20.271860615685945,1.2184412128538762,15006.023160380098,0.45331339293319817,8.068329429300476,293.37683511945545,199.32007028706025,126.56270549664791,2.681225814882304,105.55568192477853,186.8367908513891,25.479344264795884,0.2969847668472433
806.9723239448604,31.891371703592192,4.8873812053019385,27088.367537952814,0.5242882691780699,10.087143854473398,266.23706854642273,202.73282070717457,42.04950971900793,0.9029197770773938,121.22958986442795,77.25134964572635,11.392017417513934,0.11788401737860767
843.4681326767353,21.035688594718994,3.0504609764127997,16188.744091948933,0.21790057357049528,11.26437449795266,341.73954827307966,195.9591485791672,94.38615678049322,1.3973000320628077,93.93131316882905,141.84016625807476,19.989327169847094,0.21475144217812747
1035.496133844011,27.113825314654303,2.16350741692633,17872.344223621792,0.3185762899117589,9.719395624600025,154.28797332462264,193.651942621742,112.10267778312877,1.7911223156989713,110.33067855367469,160.1437021027445,22.572265470643607,0.25827984205956156
1087.963300830274,28.41017442408425,2.8776273679570323,20793.545929486343,0.3120536475101519,6.431267041383029,297.7305301176284,202.3317567614249,108.98318402137541,2.4739156786217515,120.61456961896288,137.9913950019218,21.719092839846848,0.24261535441575263
1160.0123288715822,29.426396849218804,4.431431134069956,22272.881095741555,0.2584067622368433,11.528773316523516,341.7573287880816,194.67696738170955,98.89131206126824,1.243299298723017,132.10850918713393,142.21723563436626,20.322739105300275,0.21965392317605922
974.9975472255819,30.32947443961813,2.219612497540254,20324.926737209127,0.3156713015425773,6.8514501134323496,322.4543458705879,191.59830218693213,104.59635818259666,2.177671226850944,114.05623295478411,126.96715181305773,20.242183739859108,0.19849419719048783
1216.9891316759256,23.799085752840725,1.7707055859468013,19810.68247476441,0.32390612565716137,6.049260067297107,183.57853836100267,190.01108369170507,128.74196391686235,2.936311525616233,129.04778384830487,168.27280892438446,24.083955926568763,0.2846909417728855
1316.0734383135227,20.14968164987674,1.5162849877235258,29458.740181097826,0.40875378477099134,5.6297709520267265,215.36406125034642,202.16638802800134,95.49685622439252,2.326697018737676,156.7974497107112,118.53891112599659,16.614609741650924,0.20051759349957352
1267.91059333601,30.85165493532368,2.191437593560845,24623.695218650915,0.4654817915705024,8.943686184663159,184.49036797529308,197.24297566960473,101.40280141723356,1.715851923887359,141.49627849038256,125.93323478764802,17.09055713851023,0.21608561692116188
823.7712952090143,28.03484899021368,4.120192348160174,15351.494330510823,0.35244020544472565,5.796337237364563,270.2616727629408,205.04621941346912,104.43348764637376,2.810935846105831,88.7431210135186,141.04927596682552,18.30400187811403,0.23513818941827389
1088.3041683546974,32.54176554810873,2.8865054607810468,21452.6386266647,0.48778809252535243,5.971431188788415,292.4375963958985,197.50352796626206,102.12663575394181,2.3988995613654924,124.7135990982117,125.0658669076299,14.965059328042672,0.20898622817883303
862.9581070509049,32.320825443510415,1.90992641477416,28125.130496159552,0.334466135431832,7.100213364168477,213.41475387261164,199.72006896476452,55.3617193039054,1.2950116932201265,128.90819712525342,84.60519408598398,9.37347317756782,0.13836260441574458
945.2270095175165,32.64989251681825,1.6647399984389968,19521.842796160017,0.31611347092590414,6.971571067791247,257.9013147968591,198.1416994563077,106.46791341056743,2.123179254316738,110.99076161494047,136.33234012179867,17.542313223424927,0.22662034383140017
1391.9975559602879,27.276419899693103,2.3309179060415164,16418.345171615823,0.41647522234280976,9.229676572324996,288.184114014239,203.01149582218693,141.15011164336565,2.8055015847370255,126.27150370848302,208.38786397814349,26.948347657752656,0.3367111950410096
885.497325740908,25.004425937552984,4.759697491542836,26375.771573848768,0.20948654412231626,10.717216956308771,234.26796332220965,197.12278324029936,55.36786101612852,0.9049029460139992,131.20094115783883,96.27900281900416,15.2562375280872,0.14792109260818614
1099.3328920708136,31.87337303887055,2.3721068503600975,24090.20747904122,0.23191564945360016,10.329447593420248,320.8031060910919,209.2753529988462,83.82071166012865,1.310315125147201,135.94352494858956,123.75553886667092,16.29097613103641,0.18023268270266
1170.8934405908715,26.769411695438823,4.952496303818542,23554.687617397558,0.3671878174346108,6.837391183015337,304.30998705756343,208.7229397319706,104.98516457164226,2.1502688560742995,135.65233948976658,129.61152026690766,19.251268566852616,0.21026609686990333
1221.4789823264623,22.75163294605152,2.9409218230614247,15803.648394111118,0.5771650845567026,6.71717348590186,162.93310877011413,206.96055805314563,135.45155686210416,3.4323069912075708,110.93287410439441,174.82474101831974,25.368743119457765,0.30371241412037286
1135.7892100921486,32.82461029342211,1.7166556731606035,17107.48514693276,0.48860471193736943,11.760540710748774,274.2250598181658,208.40600541145497,111.99764888064831,1.6419879540359157,108.4360523610469,160.31599531363204,24.96025336122716,0.2653963277044961
805.8625084515102,33.23839815158521,4.564560367174037,24338.240943196706,0.2352506278002231,5.057653691143721,197.0651101919499,198.98279376918782,77.31046735664553,1.9195484601300277,118.33188523105221,89.4933573448028,12.193135068425283,0.14872439038259147
995.8767849463951,26.994646342102552,2.8414214925393075,18117.357621882536,0.5385272051123495,11.158043731421511,261.50365293345504,200.72860793578985,88.7736353209617,1.4996150957812613,107.08775148280581,121.09857108579783,16.34473235202464,0.209638867568327
1110.6269860308269,21.135495909646814,3.8386853740180977,22561.051196226363,0.4929203082432724,6.398099633856835,341.37768852659326,204.8418518511649,98.23768558140189,2.314811116160178,123.7772329019303,108.23174056239591,16.30515534795546,0.1852086812881921
852.7198994869,25.81739134875397,4.934846332836607,23173.225290440903,0.4443786102810613,11.630990261628375,325.81240091045004,203.92291849877083,64.36733304637849,0.9737066504092609,111.5498023576637,90.9332016314733,14.69711248577768,0.13275840523314308
1010.3761587255085,32.05306489193905,1.200701401279896,19252.607854064092,0.5281171842436709,7.396150993792638,230.90328062302635,207.8135719121094,100.56273146905767,2.1393740095403544,110.96329526881107,121.43596494097135,20.448107100311233,0.187023846942318
819.92186527482,33.52661042819343,1.3867782391502685,29226.377333122393,0.36164393909718284,8.082462417252767,208.30277166887066,204.3266205451339,48.96996796259631,1.0765149484995464,132.12806820181436,70.16067240579866,10.479618868859488,0.12818873731989072
847.1470982930125,23.052091137463936,3.8818269658510247,27636.96160253363,0.2886004203415411,9.949844297610667,196.8811488816518,209.9576941645692,49.624808292827844,0.9681267420207369,127.42940977987439,90.54713184818772,13.679573959405005,0.14177192793987822
1038.1539657209576,21.004604180379072,2.127300013181888,25835.602614491978,0.40480935564350373,9.113683360312823,256.502973951304,196.97011599663182,71.75123997824416,1.2356419968822165,132.5757760249448,98.26227435773592,13.956403139816386,0.14760918627470027
879.6294524258362,33.160256796992584,1.7372055878003962,16169.907996141137,0.4195367022373895,7.22557530794776,172.84969065161127,206.65995484478836,103.50977643216953,2.2158934239712744,91.3214629232719,144.64557798548793,19.507221858178955,0.2165345395035893
1140.5245089569348,25.84107408468313,1.157447519278918,16591.950289635293,0.4153305488039648,8.876816411074765,259.8550016256497,203.95269645665329,118.43819505163029,2.3115488351886273,114.73189098188897,182.40656323572193,26.42502883615942,0.29276817209671774
1213.6789814823594,28.12641446401345,1.0873868479448072,22391.720187974337,0.42602951659204213,10.114948190540204,150.2667278981584,203.8277289043004,99.10213439084626,1.6064511951306935,131.00570788924705,126.7455880315486,19.043053144259186,0.21023040258859346
1280.3520194654498,34.52098718076138,4.0979424124791635,17410.700237864785,0.5794819672956724,5.296344621317445,214.76992614916895,196.51671189689998,138.7129847102613,4.13190946138002,121.44551115458337,167.60171047461685,23.03411428297509,0.2857447488852634
920.0901465468861,20.99847091871334,1.5377337094782,29673.98195294211,0.5608982492384925,5.078395136789929,193.98686276611625,205.71203584846046,59.193850253418745,1.8772799759489893,135.74395952075537,69.39622785352806,12.282048124804446,0.11233468993844327
900.4895493554418,29.72477011178143,2.8708824638846036,17377.80351041114,0.5502868146235758,8.20646857351024,344.2437579921564,208.007520446952,91.13712941758007,1.9932973282826634,100.48766851245581,105.63583203310706,15.324851654014413,0.17289296364641996
862.7407042006402,21.111581338623004,3.423587260717932,22312.01753195961,0.5205667243634509,5.9228563246245995,295.4484639139958,194.37096923041125,80.16658576654908,1.9678438465323354,109.30748579691597,84.30539202208935,12.496111177642666,0.15856844668990594
1181.858149726182,25.632033926997504,2.713407202275385,20461.81585262258,0.5773712429061142,9.650410040253,219.93067609244753,202.50993674233408,102.26146787930554,1.7997636085609272,123.75887331852773,135.34652273889137,20.79464798585518,0.20708760401719442
1223.8854358921408,32.0572181779017,1.1084266093449324,24590.796321811467,0.2393978566717613,6.498367193592039,168.5690173061241,197.8426965820555,105.558200801959,2.3401297303744433,140.21769345041173,150.29643830999353,20.290706847266378,0.24242894446450958
818.9516868953853,26.502083491334517,4.134006010351635,16935.546133341373,0.3060493045782958,8.029957747569696,253.3601189381248,209.79096238589753,96.15066181034341,1.7133290791727596,91.47594637119329,135.57630594380745,19.31607449241265,0.2326053271036147
1361.727347746214,34.95773530854426,1.042052898166614,21454.746420635864,0.39802237826183395,6.383696558119883,192.68957626520847,199.57665631663363,127.97358275695186,2.9841661593366045,141.2902116204839,164.30154777140703,24.70588961041031,0.28123574614471414
831.1827701908835,28.38588927419903,4.0475595775099364,19120.575492107157,0.5386137972493621,8.839385100243872,257.28590917967153,194.56640347593884,85.18013008757205,1.5243008102608469,95.58343405089465,101.5370596689423,13.37148902197638,0.1693398757438115
1124.7778011806422,24.8174322895393,4.573217975152491,28316.27287007532,0.402066284609093,5.812374215691983,317.0724708357785,197.63715250443664,86.05064791545189,2.018052240637551,145.94805734305905,109.97020401707465,16.451369283966528,0.17865136707782503
1225.43631167055,23.301669888571297,2.731359684228689,15608.785682020427,0.4992138957366355,5.161747969512362,273.1585104202771,203.07676779633252,145.93008838082412,4.501625929213031,114.88691820619059,199.2624891513418,30.314352413096522,0.3442150411641473
1322.5814742476514,25.25780801429243,3.142169892391193,28705.91241009689,0.25558396209956646,5.35792146674688,276.75768390900043,191.52178742699152,101.53850881319819,2.5704500352417305,163.1322359658456,125.65991325601448,16.262939478057792,0.20881607955190604
1228.4521592794567,25.587999106393262,2.907933570470615,27494.912078295005,0.3009655251906241,11.679809090607169,258.2060578125623,202.07203840442475,76.63481174157913,1.1445680635497948,150.34821193789585,111.45861564996233,15.947291968985773,0.17003974279973394
1281.0368498418752,21.030705165859416,2.5568344744937552,19463.56074661223,0.4927104380150689,5.996003530276551,335.45312652628184,208.62449518357795,129.84294393635315,3.2476202503956886,124.68523038730683,148.23796105303833,20.587536929990744,0.24403256933049702
1003.6701155256836,25.5436129914016,4.549698141481441,26839.35982015657,0.2658936035550896,9.959347771957846,336.38053688412066,207.007255753157,67.32591063085111,1.2312510035515596,137.7688720619954,110.36572576225616,16.258126279129378,0.18570205464262485
1288.8950682479074,26.963577796088373,4.5757340426799615,15468.203405081213,0.3405423738619707,5.475483429559784,252.54464021471045,191.35347073315967,149.06397526879798,4.541440359695492,121.31469226790888,221.0048029202216,31.62931342262111,0.376317546655126
848.0689078308051,30.84106628358207,2.343265458566138,29502.983254400904,0.3059465031254286,5.757122465646275,211.1518974287009,209.86779757478138,51.39676788772057,1.4402107364119727,133.47941052883834,78.82963743926192,9.709467745660401,0.13579170096103957
1336.8899936363166,29.85094227082412,3.460279016058792,22898.92413884684,0.3399446776889914,8.562133759865343,241.91740117588878,203.97453847407758,116.11455413070105,2.0409148165972986,142.20437615257043,146.11508524708523,25.39762845460463,0.2410985078946149
1128.5554256922417,30.631484828437316,4.707630248583456,19549.215390981677,0.4833296196311881,8.254096511080405,187.31158243912313,193.24561648628048,107.73203647175264,2.1435852576776955,118.06122349427372,136.32328582360927,21.73767640190352,0.23032996959027446
1290.3786619774962,20.125455228152855,4.848233995765407,20438.748188920155,0.3471388724571204,11.661062166079088,277.26886306361786,190.24832178338846,114.51816398602841,1.6250950880025543,134.67509862016766,165.48520718079538,23.814127663618244,0.2619315737513597
1071.3909707109801,23.26501099370804,3.03583616168819,15996.080301907461,0.4221053290431761,11.613848171145161,250.01846715644666,193.42565272584304,111.15253321662381,1.754412803811916,108.39715442556339,170.13482747644179,23.80421064765752,0.2679297947422361
1186.146617117915,29.925264325997848,2.811299221137307,29840.242710630588,0.23997275082176386,10.457260497797256,170.66009556265598,206.76351841371476,74.5233876045311,1.0967775803510287,154.61072027387914,109.94448685062638,16.725283774825048,0.16773170278553864
1115.841596561668,27.25984052269621,2.114777263714103,15589.379177260387,0.5220070772938511,9.214712810891449,189.52955622392307,190.43278649890328,116.2060603473171,2.4046916221655574,102.89196354742417,164.07793959356513,20.43143518078226,0.25602413427793214
1238.9537130531992,20.07970213502519,4.83548749276164,24823.606847217885,0.34795545025924995,8.184722221751077,245.92639123990534,194.66294607236173,101.90130603855904,1.8574806337408036,148.26870421482172,128.00363271773054,18.781610297425214,0.1993599237077747
848.9779892183537,32.06741963647734,1.5712572178914694,21641.038915596873,0.45941366361333696,7.493249740298948,327.51779814377164,205.1461119066975,75.99344375539975,1.6229987453104044,108.61594556991172,102.74114330061578,15.065147735235897,0.1666875251930255
836.2112503943383,31.59214359935506,3.3193183041909,29233.743272830725,0.49015584066473306,11.629612828828888,263.2781441262195,201.7222107179627,29.97084151195296,0.7561411521617337,131.02735282356213,70.32481985805549,7.223380782995555,0.09701824646434579
948.2619404060879,28.22628744490344,2.1302010700745555,18689.996104601927,0.28386436884468014,9.220361679972799,286.30700004169415,205.65471420720382,95.95941109048209,1.692036396433956,107.32387752426557,142.3734811154307,19.99622191536096,0.21665772659612534
895.726808067913,20.99694988664408,2.1160331613911865,22981.30235907017,0.55386999398134,9.053507693801961,217.80570994878195,204.92301007653575,73.65839526920266,1.2478798012087697,115.35939027047063,85.68937382342897,15.211210128278541,0.15143425767358293
1323.0701399553209,31.49772574298877,2.619874349504754,22235.343128741293,0.44648970064278115,6.623307852382404,264.28227860884687,191.0120277424361,120.21826745029941,2.6705944003148616,141.31301402330448,133.132577800594,19.42452944453966,0.22864660555257754
931.5283924148266,28.75570381597046,4.995171743262619,25542.99666075152,0.37149005670059254,5.326884725195791,239.47596452761348,207.85022838188303,82.95147734460642,2.121190504203378,127.54793501978112,92.40877148248774,13.919971305424921,0.15530669498373018
1385.5191534914788,31.729399657369388,1.2198652273592883,16020.153479286308,0.27293407343128784,11.616320058316811,281.82598252463214,194.54063668564538,141.95510380007266,2.3115518459261497,130.5793146999072,234.6544127316545,28.487590730830284,0.3978128821457889
1002.1374750626641,31.276204885937606,3.314167272814126,17906.836950350324,0.5769203751604827,7.196146811912577,160.11511321580207,201.0678488045953,104.25590557834936,2.2757268956759145,104.5414645475214,129.17093122771738,15.100168924863752,0.2000311686112049
909.2707494132196,32.04503107936756,1.3302886321411087,18218.472301392747,0.5020272816526501,8.098123163271211,248.66004324779183,202.88576313055557,98.10570840547136,1.8614068907346775,101.15548769811092,136.04899100616865,20.290240313972223,0.23244366818121795
1273.8191042854874,27.770120996069373,1.6180833199620759,26072.261322625345,0.28320982509329956,5.802479605099948,209.1985250287934,193.37256421770192,108.6192290943695,2.504472256530776,150.8605955511606,137.6800770176366,19.652476899281993,0.2304501772639685
1195.2246653005257,22.104867772902725,2.7582517670915947,17837.0804449011,0.3350843098896898,10.858470309365044,215.23701225558185,209.5246251340195,114.14712280621387,1.8164551673688005,121.12837989540168,192.17971211257537,24.601305627808717,0.3142845900716792
1098.9174298718833,30.06736210069533,3.041840525385765,23602.376458364648,0.5238697032352293,5.193422829991515,342.1834863116123,199.76311912174617,104.01180820707333,2.703775129035006,129.34002414300372,112.80872864803278,15.372095712061435,0.19734038143510732
1133.2181305625786,29.30710677577956,2.035169633458096,18228.657307514306,0.47827106528613555,10.837935334693675,186.53896254227655,191.15285391194786,107.77421168003055,1.7778605713654845,112.93616372309542,148.2123100114572,20.107914677246637,0.22137462010838804
1231.5210669633584,31.13379780798631,2.2658285234976647,27924.374251259676,0.5063137170862897,5.981995089515768,212.24905051571938,208.7452408955568,91.12352798734692,2.2343207082922723,150.69471134767736,107.13889115994463,18.05418111014757,0.18400614849842797
937.0728447987792,22.54821509076103,1.3478680810237322,29132.781817344578,0.37648044088517296,11.205948788418064,251.97851514617435,201.72535686386536,44.091375569837304,0.845145054980197,137.227162357076,92.45751205334257,10.92555368341331,0.15049327717621183
1397.8003496340452,22.924627998504338,2.212879135377002,22777.39462413361,0.48659050505686674,10.1084084613531,322.60538962992473,203.9838639596275,118.17403228815621,1.8470350203886312,143.73939324644124,157.74737714279212,22.13208027058669,0.23317156293283037
1384.8758972880698,33.35614275828993,4.866233757522176,20284.633263137675,0.3545974891455655,6.152691837551136,233.3340166412741,200.50351579868448,139.50209868989475,3.310893820622644,138.69245539902022,176.85962874882821,25.723994750824684,0.31783886426748775
1190.1954118081621,31.249666976781064,4.778829526689927,18510.866625262486,0.2845051667752786,8.960725950016277,298.7730561776342,206.69475909553935,122.38955391701597,2.173236661792971,120.75370170798958,177.74812178696263,21.538249799505376,0.2914666252401014
919.7254705574871,33.623427330504846,2.33951316054794,15746.715022845656,0.45307081393654397,7.188594200486536,321.27481964296044,190.66266924386423,107.63863934802342,2.5073283819936836,93.35682844519157,137.4171681741788,20.854305529980895,0.23791891348257002
1208.1369454587748,31.38072981745881,3.2834157451150463,19027.501142962432,0.5904055702395177,6.247631692381084,212.00327116436978,195.36756730554296,124.5736157532366,2.9450214047537076,115.48369868281331,147.3251725942831,19.241506837969915,0.23878267904319858
843.3190453875055,28.957329589854528,4.638381564443778,24813.53669917977,0.32424038855813186,11.014275395877759,228.55003670774198,199.39296712805384,59.8523741100729,0.9655589895873117,123.67062164943746,98.89122788983953,10.820256997434942,0.16489860695208858
818.3915013234837,29.811991055418105,1.0247352905635867,23004.253969638165,0.3843878368850159,7.824659365550605,221.31124473767125,191.5320723262742,68.47014968986537,1.2870296698730872,113.46189707325428,92.16134583259779,10.752090103782724,0.16200736004325814
954.6097331067282,33.33691885910015,4.2427342813503675,29160.619174213913,0.4696005484279414,7.789806000557677,316.5711617235842,204.11813338653317,52.25999989347505,1.3221511528651968,137.4809050400137,76.8223769383907,9.97614021328817,0.1309907592176165
1077.5737740435898,28.682101317679106,4.793478211155676,20944.15893737551,0.41660251284899513,6.18920672364634,158.86937239072023,197.87326828111281,108.0494526645189,2.4619988696097894,119.90341908823369,132.14554842471293,18.510694680062834,0.22274459574795963
1320.9635032450283,29.48586986492581,1.3653029373342283,25407.950134925915,0.5373711182836196,7.681459732600451,211.684217765736,195.45335980536288,98.74307234005794,1.969596293953784,141.66902926113232,123.75500066028847,17.797395763411206,0.1963925826809864
1236.3014418597847,22.34715074005401,1.6457907441316841,22339.84121212682,0.5046970825878063,11.101317924301952,285.881711519026,190.06757693616825,98.9659168277247,1.5302792701389194,132.17009615670747,132.80738739028857,16.731352017888177,0.2123518046089888
1245.6239127199888,27.10881830174154,4.842985211085422,22688.643238863173,0.22331888154494284,7.541900973427452,263.0886999130685,204.39660623499907,112.91776332380316,2.202038563326437,140.88531393094286,156.95942499851375,23.60116570639811,0.25233922798844216
1055.2960006688452,30.745956679371485,3.150160574561385,19016.614719061763,0.5993684935695096,11.661224937498517,237.25787185873884,206.67618617745723,95.59513213243005,1.377678876392783,113.26142540096109,123.49214136740582,19.19503701743953,0.2047349571889634
1007.5609955281777,24.064140474745482,1.0567865378868948,21824.261652629997,0.5009609814877869,11.624162294458712,257.9896454442769,197.90081071362997,77.31320480158251,1.128842687517203,119.69661395447046,115.70962345749174,15.094199234942499,0.17635410281023564
1022.6232577907616,23.033812707868023,2.0305279950541166,22061.77495519061,0.5455613265176453,6.014290615151422,189.51691716566364,201.2843595406673,98.15671392061034,2.3027549240187852,119.67608434675778,111.5486369209733,15.819694634150816,0.19599701183668336
1392.5897382416347,24.707402123366233,2.7997746970754385,25599.637826234008,0.46047908483813854,6.241178774658514,236.14332432160208,194.55373251859197,113.4587787829837,2.5546289179624124,156.05485979249076,129.08144424100078,18.24450285522836,0.21077859991382872
824.0655148474895,23.622509419892502,3.771635644099071,29109.599987791706,0.5425140512187049,11.038718492323223,250.34059683526982,202.44395292560267,36.76103289894228,0.7162836874742335,127.97794564176681,60.96314664997528,7.197644373892046,0.09598403130810508
1320.2188976734692,23.22368955554594,3.9326415125471983,19939.819162237563,0.24495318997148377,7.749326432473034,330.2378243909203,190.242749166304,137.09440567632367,2.5689782921270496,137.52867132981729,184.65125558609546,22.939162443491178,0.3088271102705418
1147.205245143436,26.372762643021304,4.981686051701825,15633.007028719476,0.3390951342237262,5.030617875981065,202.16703256079526,199.77287794197517,135.6385462205149,4.327920163004177,109.87574389396828,198.69708571861995,24.82763593070711,0.3342868630081113
1063.1692515137543,33.61757770825301,2.150044797535036,22444.426882509593,0.5505683774417971,6.917102737937597,323.56570043298655,202.88410963681383,95.02095650874351,2.075754919674426,121.10262745897154,110.59320628844672,18.169373807745153,0.19315272351919036
1235.1545962490818,27.605894701080775,3.152880407473901,23166.91998223753,0.2806620845067569,9.183402952368919,278.84828016519634,208.36383546459467,113.57913043395556,1.8161962803482663,137.3886784932111,143.45186750036933,21.16610480689773,0.23886970563075036
1092.0013648548218,22.818805712229846,3.13329419143842,17526.60826697873,0.2312968394320091,10.594861761719777,154.0681662135202,197.6267163424457,111.96293417592828,1.7567862181616116,112.50146125839944,177.62704838011595,26.4357475764366,0.2812989280180206
1324.0539428489965,21.154575040713112,2.62258103778895,26406.969094141,0.5152475759780876,5.933720319652817,294.9262673798787,205.3038040596206,105.61623081201442,2.5415270512799624,152.25356627129642,117.45949165943085,17.24766749737698,0.2132223400155038
1340.421118406755,30.44234217706888,1.6766475753696808,29773.936626622373,0.5341944622573185,5.773789550917147,157.110375509811,201.95374059887,95.9023930942737,2.4400938010334015,160.24866890821852,109.98721796959217,15.748142430895538,0.19015960838449342
1053.0325561240732,25.741981466545816,4.90982625273537,29186.620755126914,0.2650608872759602,11.45464857500632,349.47622536276265,208.54024225850162,58.484526152405024,0.885545224677187,144.69984463361584,101.81788655311395,12.008395167354221,0.17260504734229629
966.096678341031,32.32746419878039,4.413268746666344,17956.590582354784,0.5417383931130861,10.258038574758078,324.5273375382396,197.96755351318862,88.39177715102602,1.6330142535689154,105.13696699015263,123.95493979988657,16.34940838963667,0.22019720148429078
1155.4101971560174,29.89266152961155,2.993332113176949,28130.448598511408,0.47470711823886785,9.12845720544655,209.46874950800913,196.38190679745975,77.98247149339574,1.403386346924996,147.25129163225674,101.39567960932673,13.030344061924602,0.16371437266622693
1347.4180073700145,31.94362175812053,3.4129816907361192,25567.40454617527,0.4080330732866335,10.384307529971498,201.48224603934108,207.74283997388287,93.67557318135748,1.5652232853264763,153.35198194711876,140.81146441287487,19.30093943691299,0.23331897931285103
926.3973134034,24.07919059127673,1.9090442142386492,21807.698457103674,0.5321000771125539,8.001980529146469,226.28821642112177,190.98488802816578,80.24664629478578,1.6572039186095013,114.0506320413723,96.92274823513857,14.23175969669077,0.1555804822855741
1173.7799501380896,30.38538383691587,3.1751482815669876,23109.164914870937,0.3676996997275863,10.309190231163885,221.2333930628886,192.72770785867354,98.54424841237088,1.492112817406594,132.73257309658976,134.66793493109012,17.637145663800336,0.20659488647561913
1178.9361320555122,23.96092977040578,3.7798805324859033,27744.002624736873,0.2775975824893589,7.60262093892175,224.4675636770762,191.6480886916809,85.6987996335678,1.6476450823608504,149.9564168931381,116.75278779229397,18.698424820106744,0.1896510359381852
1239.8678134491686,34.086027191754376,3.060668113546355,22202.024094575598,0.3139410706442455,6.708662007448217,213.6553092238961,206.86219913152806,114.29410991950002,2.552013954985292,136.53929101255255,152.78714286023538,25.159666067351445,0.2410748510427114
878.9406110763559,29.545614223000616,4.9611406823397655,20598.110536576904,0.4020656073173259,10.10309394905078,274.22668136966627,190.2121484674064,80.99941057256525,1.3237074476048034,106.66146684760417,105.82373958672605,17.279006423890106,0.162596606059664
1229.494978809253,24.86767700263013,3.4453666249909047,22398.712395389786,0.4125323170692703,7.937706045100878,182.8527327441248,207.23314310994095,106.44258967408241,2.1298445595670437,132.56860121049752,139.9728017898725,20.829479343283186,0.23717197427368988
1345.4195123993845,24.042677934384088,2.483894850368676,23686.947060525737,0.5222323305764934,11.869639730283364,319.1962584892026,199.02535590742534,96.61972491268585,1.4378214685469644,142.59108374865744,139.83873397985138,20.440216163930526,0.21899982550075833
907.8098653221452,22.863898776074652,4.088608110463353,17836.16480667523,0.5165410894609337,7.446396276156706,312.4804968062631,190.0805055770794,98.5117599970832,2.0147316255239267,104.30213471078456,116.12108218310252,20.883458410067526,0.20143408040111166
942.5259949543266,30.419614383405914,1.6818500463265682,28513.61595400486,0.43254662288182993,11.452091943717463,245.29664157105407,198.03290354424084,47.216897545843175,0.875487512735462,134.77872002760364,76.25318924089684,11.39824557445805,0.12612877836887476
1382.8370564249838,23.280734194968908,2.538063254825066,25112.804232444207,0.5123141933461905,11.530737839969557,320.5459930557095,193.73601682090072,95.43460141907272,1.479761006848164,153.0896567654122,124.61383906067742,16.433503533181444,0.2202299092796889
908.5861716256939,28.929548988912337,2.3878358015103434,24499.03376006233,0.2767093833174684,6.692970629453223,199.42901400605865,202.48800974944325,80.07437847133869,1.7135562377946403,122.924309809007,96.40430546371961,14.90283976810576,0.16698539342928628
1312.6310560217476,23.96952540388036,2.727228380431109,16492.44339270957,0.22002581083731776,10.587548271116093,153.5130911407934,203.58717579843292,137.39732325775606,2.233708204652987,126.71248401595378,229.64521552841433,30.615891635020265,0.3779470860419445
1095.3667138688209,29.92953417190803,4.127119303714905,24062.60907258888,0.54945352905388,8.031521536011956,273.8415850059646,199.7505514081,86.169667718908,1.7161261803743895,131.4730104252034,98.62044662707241,12.793774599606595,0.169110778375628
948.3386446419063,32.224095928108085,2.93669212865363,16814.409933577386,0.23022179750510785,11.422673090612436,241.58188139294307,190.8103905087934,98.3463870431477,1.4158348258483362,105.79540253257402,158.21630597108685,19.95515380385241,0.2545967422258944
1322.4499407635067,31.670378647169798,4.176057801063851,16180.465127930986,0.2986753718975989,8.150869908446673,263.43290925917415,203.12257608734404,145.28369521972712,3.0574393721283717,124.1839159351573,225.57371865046616,31.869376757726396,0.3805823021181161
1067.1831530015993,31.412769963961725,3.3059556125594636,22909.6634346359,0.4781275798497538,10.210126021361564,329.8678818036806,206.84077567211042,87.78598462977676,1.329541295743159,128.34279894381964,115.51082687244374,12.616759450078467,0.19324962792474984
1108.890412357814,22.81583608538378,2.3682777386302214,21041.783010697425,0.36377917505092366,8.268771864146585,343.9851147131887,204.40648554652802,102.70272634562738,1.9512559338945552,124.95879408650272,136.03690775785168,16.598313638197137,0.22566855710529735
1015.5400216398594,21.325774204767782,4.23991497473389,23832.15405234335,0.5505255879662034,6.594605289989993,276.8906279511206,206.59915837910637,87.23972358794431,1.881036505284566,127.59803909460912,99.77904032239677,14.608687005570632,0.17053547219573797
1155.7705108609564,30.484232427310786,1.9531586822123663,16338.33252085858,0.3191919178649078,6.395450902612804,302.81111797048766,194.01019047101775,134.79142548016898,3.3698579372900896,110.33350983988262,190.7757931444249,26.752736680978924,0.3252445622078424
898.1143235510136,25.52520820691527,1.897531919199182,21464.745942708876,0.20474853866774373,7.978018359794419,166.76168669743285,207.77775879312966,89.58020137414452,1.5894662101045711,115.90644165650494,119.06403709574634,13.976274187693456,0.18777698255006636
1034.6489219910563,26.48519339605021,3.018011696219343,17621.80072567737,0.32026225622429766,10.288462599099503,182.14311697830112,196.44386901295925,105.47849475093152,1.6729704914801697,110.70705083820236,156.74480487709926,20.724285466910576,0.2447089175690636
1381.6473934011724,20.467236391900865,2.0433969838483557,29806.50128886175,0.43123001967393265,9.235500396265367,296.6409609905953,190.26809628503983,86.05418212618468,1.5402976143315639,163.9768574839356,127.5268923178937,19.394023033703405,0.22094737394388553
954.8800596206765,23.89364673912574,1.0363481398048653,23417.253186527618,0.3503753501613173,9.820405029303803,236.27309127760037,206.8678329265814,74.41397306901274,1.2161568548327932,123.44810132793116,111.67275108115159,15.024240846161714,0.1983148318086553
1194.0419987247753,20.50514605811696,3.593190109195206,25311.55291411301,0.4139491023035021,6.976284455123597,239.19305408088115,208.83642537929452,98.03829321468184,2.066084595174626,138.3877767801198,132.11531747936786,20.290466742786236,0.2095449975866964
995.1140385348169,33.187786589018714,3.044375285889592,19881.274210239117,0.5506392475340074,8.370047421703239,211.72153632708734,203.11116394834698,99.36763254653195,1.7802925063000068,109.78270757827559,113.58655613409256,15.852106851779954,0.18149281493974187
1264.0838754119604,23.650950248277958,2.7820712579726448,16421.083721690164,0.5649940216921474,5.310766854785289,271.47127669554874,194.6287326092685,139.39897403252814,4.262433830244543,112.6351977386103,176.32042442170243,23.637718162760084,0.31853020313004055
878.5241964310098,28.36005754359512,4.867874058473261,29638.06294175305,0.30638962586164487,10.722726911706845,187.03300908324053,195.03488928565062,44.63331499000744,0.7801949518771336,140.14704925712073,73.6619048523506,11.161365247958738,0.12363000672872121
1381.8926270471268,20.584689809916956,3.2847967358516548,19293.88553074775,0.3848561893079603,11.929245135679123,275.38325586277915,199.3318574687124,122.72576576602356,1.779683227509906,134.55927238756087,181.04337077018948,25.040061992209424,0.2961261694835925
1072.2737248301835,30.00271086958487,4.4537263111575385,21357.122777603614,0.4196576060965804,7.848153438372696,184.75977142704795,207.9566215920284,99.46993795491078,1.9875937820500353,126.44669580080577,136.45997140337735,16.503200733114134,0.23353190787409697
941.6302780078784,24.84541018631141,1.5578009448206407,24747.958825538626,0.5796449827552987,5.076745571920803,162.76520694194272,192.99195312295117,83.47794359547694,2.293474314636042,123.65291826879809,83.85832798131938,11.785219893818127,0.14631491350089876
844.0980483980076,33.468787804364986,3.2768258525177107,15370.45946529167,0.5994469276657539,6.1885484768566315,216.0715377398122,206.51947339166975,106.22528025503031,2.7433797353921126,88.66175381147121,132.65886851284142,22.239894383544566,0.22972179937308512
901.8547430525244,33.32177283401054,4.471918506923611,27153.886957759303,0.2941628995366107,9.567688144252932,196.22806840196955,195.826056174103,54.24115880197611,1.124084777799051,129.98804657481824,84.43200268458195,9.244742479986014,0.14041077331184434
1111.8643691336106,24.879359275426218,3.332423029119592,23048.672850429306,0.49079194853832614,9.284555227427013,327.79832771126644,206.17172338858197,88.4861720958254,1.5319750387550748,126.40330139985484,111.21899095278577,17.845070537340888,0.17356332081427484
1002.2019058587717,33.51441343535702,3.872056712508006,19173.257806032332,0.3512124248932781,10.515053037098808,160.9906907737253,208.4054239520308,98.70439672732222,1.4818896729797804,113.42964454401802,136.18740934693304,17.834971091473022,0.2222509201823544
1297.3300195295656,34.94236510248168,2.4881742712488295,15924.119779387038,0.2032432787544853,6.777188076727477,185.32273851482458,198.54987743988642,149.09242696272608,3.5857766649129545,122.42048331007182,233.89063485309657,30.63229323173155,0.3990708258902711
1058.5325141970836,32.38123496185922,1.3697980681482664,17437.47623211662,0.20370100897436094,10.345423408829937,259.7439211166099,197.30101308211061,106.96121058444643,1.7267523147328327,110.09032378258885,179.0848022726952,23.472866270458077,0.28255339416793757
949.228563552578,32.67307021632843,2.8316011805082857,28425.507882801554,0.3842264030249023,9.815888150665689,246.21343816949474,206.04442637942603,52.139489341109524,0.9285221034111544,133.4331245831692,88.58411330379026,7.055925790592785,0.14368708347720624
1170.2869919624181,23.73513104163635,2.57791756335543,25290.363359038365,0.3953339652017338,7.259701483996903,159.1704036749403,200.58965764758787,96.58907265257228,1.9114911742308205,138.240892658547,116.72540234356107,14.139723328836071,0.19627010441775836
1224.0663301312675,28.650535982866344,4.46824072951579,18748.525824553348,0.20902787862937708,8.818417036398735,151.45048560302888,203.68898096926395,127.51928857546983,2.156823438745482,130.1960735526279,186.42172369487167,25.287947019201646,0.2983541744254096
900.2251447405699,21.008838709510517,1.975981209409889,15984.011474175442,0.47477096670972097,6.0309166594882875,347.61358839223,202.4565847392236,109.54961372173678,2.7998730570228907,99.27053444233732,135.84698185834594,18.183112518838858,0.23853821573469142
900.5715297729906,21.423769052325046,4.866936910140432,25359.229685799546,0.31760135543798124,8.167951524049078,281.76694007176764,193.05777691289592,76.1845786582724,1.4101268773038527,125.75793880682616,91.020822455857,15.369594679679597,0.14383184614427416
822.0028561601258,34.98338918049936,4.832552479217984,23586.115889516477,0.4239572406143798,11.168381376889487,223.08122618031138,206.89580720579124,60.12396164375628,0.9106880818608505,114.01704602142385,83.44318602564478,8.273130051815835,0.14759811504403503
1241.8412090393842,24.899588741388662,1.9905265722857548,21067.792866873526,0.3203676292661675,7.948339658777735,244.08644953264826,193.9155022282627,116.51172257549523,2.234543252700418,132.2356959603321,163.5489278243018,23.53536214449974,0.2739308798797794
1198.282716573083,31.222758680732696,2.392207821909282,20454.171737850957,0.2668537259477229,10.876966945327954,203.31002409085738,208.64564288141563,105.6136640409373,1.6611444717575858,127.387701622103,153.3139940336004,17.961770205154362,0.23721474976124754
1084.7785254498883,32.099975795402244,4.58222296349554,18252.214138936622,0.3628694954395501,9.131773556817862,218.97475673864196,195.01142582844295,107.04384724158173,1.9665172727752445,117.15066962742439,163.76535401146268,20.960526111954696,0.28229330059380897
1306.5022693815183,32.87034906510844,4.86648888358443,25044.168848062764,0.2929093459162003,6.343136991716497,279.8088934536428,204.67761946547483,113.5271949200532,2.481917110101607,152.87615530613067,140.7736266533753,18.215310197398352,0.23766062569369498
1283.4020917700318,34.96442446103235,2.773756411344176,29560.020416908057,0.4139203907676672,9.067743712885274,326.56235977347416,195.69310786987185,80.31813650292125,1.4182952066108052,157.6885427237325,106.31751013407768,18.73571149190231,0.16642974209487407
1151.2126186380513,23.622447278853016,2.2839881825635913,17635.728687552386,0.279531412114592,8.541883304099445,186.82600461623696,196.3557081717373,126.87117403457515,2.2810138353794964,117.62129524237216,183.39084624030636,22.14197729605045,0.30894195296416643
1320.9627683079552,20.605262402895494,3.104376053006168,23956.74930023255,0.40336239065785084,7.790489346374688,318.07230107706374,196.2000370556461,116.01987150325826,2.0753378334762727,144.17784553788684,148.28651836558802,20.900391798769657,0.24812987107762502
923.5047260220609,26.167872769918787,3.751076825462939,21362.77583618964,0.262951405947547,5.837413076612492,174.31132590365382,204.95784508052168,96.79225429093019,2.263986146102825,114.71386183094941,125.7352890224942,14.348531169033647,0.19352319795242917
867.1517716386368,21.951210047434206,2.093898061499919,21700.33082616997,0.46838988379431395,7.916960646930608,192.99844471767824,201.13630235938786,74.58666800724863,1.4271543127608237,112.47606703077312,100.43502452137707,17.200875646431236,0.1596674767372353
961.8497669101938,20.336388337430826,3.945892698476291,18812.209201917216,0.5015750737765696,5.50933663367739,157.4350576099292,207.65904911694994,102.74147422002778,2.8326836442336467,104.00006442298248,128.01510744948135,19.26309136591514,0.22314047098877393
834.2521136535889,25.406402407122293,1.2066294284585641,27377.023134921285,0.24415769369997353,5.691383359791259,178.1623724185999,196.1474543840809,67.38432631298791,1.5360701365111,129.4567702003522,77.02595233390215,11.826768470948542,0.10930396308953765
1118.7017168006191,31.756073766128544,1.1971779710576658,22278.834062208618,0.38712096481493563,7.911415730529012,333.4606290928101,203.8398504411349,98.40195317595021,1.9522265974212427,129.6082669370507,126.97253298509212,20.978584771466835,0.21083176630572456
1361.9634153769769,28.492710368376063,2.545150820582181,23151.087782973962,0.22834868026194943,7.137670373779246,241.88774932367573,205.05897199326222,127.3587967272139,2.454937261178623,147.46153572040762,162.20429884929788,23.45989252896617,0.26943561461278565
823.6061244011058,24.69166983815531,2.4138927682428823,19571.413691959886,0.43927297821680095,11.478810281035564,165.5331723556707,193.02964226059916,74.04081778992153,1.0382269053410345,103.32764952066752,111.20905849062319,15.259132814725731,0.1653609379655869
873.265948406016,29.815130082390795,2.262532861468609,17727.126985004244,0.3057617191718581,7.629940637661894,341.94536760779226,198.01178714639622,98.83552477454118,1.9658696894575736,101.28621575287073,131.6199259417331,18.699886633432246,0.219795034669775
1071.3194169700612,23.48027270463216,2.96407905067564,16288.655823042307,0.4110497827354831,10.3050068545047,325.79846155173004,199.65634988700822,110.01960957810618,1.9611646615798763,109.41364558861056,171.43770886154707,23.643854126058503,0.2768428482993697
1360.325010516743,20.215721691081274,2.282934329246285,25711.78711387374,0.4069844037537165,8.7117326845637,300.93650417362824,197.1137477978875,105.02448483167223,1.8000069638558795,149.60568530646836,137.5291229205554,18.41940585233569,0.21238081296054176
989.6936629860503,31.46530079654641,1.7690316738723677,17943.514225317835,0.5697417384775201,9.928599680496347,336.6945583895116,196.44225191938276,96.68668282105844,1.702611965697681,103.96848585593999,121.90833686385236,17.059026960066202,0.2090842304213836
1104.3408852130356,29.35614627296014,2.2378781963544037,25351.130312831963,0.41963328902748914,6.820811881107794,194.02588416715284,203.72839787995284,92.22867368887555,1.8017259292465886,135.87571843016363,107.21500036502505,17.57616318122694,0.1872182977876815
824.9437154302352,31.4345393675144,4.899617091240939,20855.646690704307,0.43319939188732626,11.593334809868303,317.2738586020173,194.31732795318976,64.72114855665124,0.9575307233873315,100.22115735067443,105.62859832980769,14.18272565403248,0.1651208338600612
889.0059205772533,20.584070250314983,2.6444536679793944,21236.622014844772,0.36066125030575213,8.710619478400968,287.99823927086123,204.18781490502258,80.93051082367741,1.5063753219444052,109.46839705742615,105.92399327338933,14.719872499561088,0.1719639298956098
1391.978073775308,32.556794417459784,2.778851107433343,22037.662441391574,0.5796318412731267,10.819268498996747,323.95184991353767,208.7008839278146,113.21140394755551,1.7402362101441387,139.30999562287872,144.16924179161703,17.78940687707238,0.2409188641648204
1379.0712178616272,29.292893000544552,3.30617995980456,20515.627621913147,0.5108743637758438,7.555319854332795,309.38231314852595,201.30395042355502,131.15848735443709,2.5760227761612304,138.52445247044614,156.24698003123697,25.988537959927115,0.2581240663773497
802.9639885606458,28.450930260689603,4.933363073656906,16509.299658338852,0.31416211612113665,5.701479443353672,219.299012635365,202.22868473478948,100.11648667205064,2.5242383221698907,91.57961985420906,129.6209874867589,17.05608971280322,0.20036478244663575
1371.0870712539433,29.369210721717973,1.966405105743052,19644.477150042687,0.5376838343104928,9.715981534045941,304.8797074034511,191.37865404248177,120.96859714567485,2.108888831642271,131.4972402360953,163.06905505527678,24.697486652914645,0.27056183647333715
1183.4719626893002,32.966498703025465,3.7251284421297353,24956.015410409076,0.37295854407403595,5.054317538361971,202.49126059697807,207.28953807235655,106.08818695896423,2.8064624930197755,141.91695739278708,119.53857696504782,18.401648417297135,0.19923989717038443
1320.7509767120132,28.804047598383605,3.8639387741668965,24986.766022033065,0.5314668574134376,8.327050835958559,215.71843260561099,195.7089557439973,98.75618681496438,1.8857868383254315,142.99753251603835,119.39577185133764,14.865255647844421,0.19405309561608486
1072.8439133803154,28.714255698322688,3.4292976671722637,19293.364608599913,0.5291552273174007,6.349613318665215,171.58114344459523,202.3010233105713,113.60548841177157,2.636203517091805,110.17091208397052,132.29392125947646,22.176503728761073,0.23938162273964747
1109.3576171475502,34.86018735598648,1.3543133585465763,21901.53939836532,0.27554807470514175,9.391628531047536,337.01532319609373,209.58224339489604,98.08240257012407,1.614522075358004,127.40966950323315,135.5315214961995,19.198195218104964,0.21810271825779134
1093.3079481541522,31.35095250602852,3.707489103310306,17901.708420179064,0.4804564525534308,11.855939111964965,208.2006726800563,201.91005201145614,96.9713420193706,1.6133599645020196,109.20134182532814,144.43122545306088,21.9828961112686,0.23279778718335026
1200.1185545276626,26.63440708176703,1.256378844144702,18155.581222947538,0.31625718772261247,8.250820344244522,254.12449303429037,204.49418974928756,122.8694795703032,2.424694174792849,118.91064053534389,173.38251347262076,23.33534204196208,0.2894173847114956
883.7907528537877,30.610955000493917,3.3845705981995877,15345.70632609911,0.3189970679970673,10.722487795679665,228.26656729323855,198.90639236447504,100.74830860467183,1.6342275742141739,95.42647571294454,154.510319338582,21.828792695394416,0.25316109418875504
817.9841539236068,25.838457075376827,3.9583247088869706,28451.19824861617,0.3185392307522323,8.554489308657846,341.9856241167003,191.20731687030116,46.181425054976806,1.0665154359532112,131.40650319580658,82.0668575902608,6.734808388928981,0.12457346307114547
984.7579649547146,23.433131937252483,1.8438795624798017,18160.599976123594,0.49022729902397927,8.470880217728169,217.00983418769647,205.95198698979578,100.82871955423887,1.9009630067824694,107.79159677199821,138.5204470657526,18.147501602411804,0.22618731551110985
1222.808457641988,28.95277815331639,4.366488030171096,18413.00815404695,0.2919304167170144,11.512964452251445,305.7091642845378,190.69997682527972,118.24346197761236,1.6673908898038865,126.4461289905194,177.8631382066958,21.14254135028211,0.2838301414873408
921.1120712737691,33.92273147170927,1.121415222132017,19194.021489676976,0.2003623340984361,11.22976108122677,321.083230926236,204.0131565777571,87.82089952411943,1.3423757040069153,112.32562237401012,148.933579353877,18.19079061016293,0.23954439503717292
1204.0594599949504,33.93709280023194,4.375251454633224,16911.121075431434,0.48609474139305325,10.50060325631582,237.1212994961932,190.45843146299273,116.68598947161287,2.040940050565686,111.42832928744166,167.43879230160377,23.67360602086962,0.2744598083672287
1381.9472276643623,25.128579171582356,2.8413162025710603,24588.943247720443,0.2684738975340501,7.073790273217488,225.63436289058626,207.24610473153342,118.53167673646186,2.3904978189071677,153.55737885987122,161.12204745475043,21.163137759988693,0.29146246165897194
856.340429473651,27.915161993325427,1.870351759726578,16127.144297663799,0.24179295812313387,8.815058910067584,299.54916418652556,193.15272071665962,105.52554597868576,1.775445264592557,95.07574789042434,145.7668809614692,21.831078342489963,0.22464617638225692
1203.5612709350758,23.174538478547916,1.535112579975872,17013.036394895254,0.29500644823762406,6.567280633139795,332.5791960612468,200.28542990885103,139.72159097640352,3.2007903720391004,117.33284022524508,188.63284653161614,24.55512971354155,0.3247580897197948
1066.2501315827426,34.93446664248325,4.81322867032949,24671.350898851393,0.3519602089290816,8.107416886325778,300.98634661444765,201.94301408966294,79.85587488765547,1.6415439821106999,133.83048672199993,110.23658733939939,16.977870205464345,0.19360407888853667
1320.8853526265032,34.71676861801903,1.2906623503246268,20094.909307221642,0.3903625309892803,8.389491460318535,195.42527311837313,199.15090814746824,128.79740323433194,2.3997568024793843,130.2218201546244,169.02613386308425,26.445397299541366,0.2824646085586555
906.2898736684315,29.742633945611708,1.7963736797437027,25619.217400517835,0.21782801628505233,10.821480281185316,327.66154948754104,196.81526978697775,63.01866100693656,1.019890437345092,124.46540716563898,103.7719146248537,15.37029832072519,0.1593536223620007
1215.5755713356987,32.0662108951621,2.391289389732184,23361.37117005213,0.5882293330509442,11.272198557274951,227.51633348736664,199.35628592361942,93.14708244452106,1.424477428022718,135.46235328269756,120.88449153519741,16.434147814717935,0.21221819188569957
1302.8691737888662,30.7265024192555,3.480939395844482,18840.317595922697,0.48642522136782324,7.902340436775345,265.24588235558684,196.22831507762317,126.80996473882178,2.653746459206358,128.3722969296045,162.74985657755164,18.91387850942159,0.24874242081098907
1366.768531684414,28.897373285592025,3.1792043411043935,24762.41925733992,0.32927762612973444,5.123931115512661,316.2871238585422,198.76244694161727,116.69735442460045,3.2381930374744177,151.62767059288163,142.5972720018507,21.907904107590788,0.239445171405342
1209.9488169737874,20.800219954833466,1.502573969649256,16744.10520439321,0.32747890291415893,11.032416878525481,187.67895348009844,197.1782598199606,124.0256103821508,1.9561997566114184,116.15723427844823,188.79016610827696,24.77479268980361,0.31446406870075777
1098.3048584050564,26.821465138289916,2.1589119349528585,23046.155746200457,0.37941701974738373,6.219950749509525,306.9020271355106,201.3240964701429,97.59168984432884,2.359091415591591,130.83316271585824,123.01397394753698,15.691667223094562,0.20441075904299622
1170.7083441207283,30.12179453251116,1.9550070843440963,21557.221575675518,0.4504979291052132,9.353173747232756,269.2325595821355,194.75848324489968,97.90050754990638,1.7231937485512998,129.517302221813,133.58735220456612,17.40647065061698,0.23357761104036404
1321.342990687231,30.16297420825527,1.8541714179613655,19018.103742261614,0.2585492266355871,5.174796303038918,328.66832836552163,209.77313109828026,138.19787660355541,4.04637733976368,132.62726129857978,188.8376153550747,29.031689989580013,0.30860214898346483
1142.3658479832977,25.596839276335754,2.644577345919948,24060.0749660925,0.2755719255059809,7.796545326823949,184.3940803687086,200.0173990676433,99.47429331078132,1.78675195712892,134.2339548121461,132.3486237390366,16.27115296276513,0.20526943624036403
818.2322358181021,34.12537979987046,3.8161258103666276,28070.003885104237,0.5437738331334203,11.901722114807448,234.1364474081857,193.8832415482902,35.198600074209075,0.7017951426450679,124.29684161593852,79.23053709219278,10.090949324554572,0.1205473753634701
1358.5692173041866,22.510355483551713,1.8698117288689438,29983.57049644615,0.302501969555629,5.704855207726622,316.56861857336753,199.54133499134545,101.51974062292375,2.3709234647532336,168.6030023393041,120.53947528461985,18.2006536238783,0.2086924403498274
1213.7160506189366,27.50539169323341,2.4667155188119256,24116.441531151366,0.352077999190071,7.965852063997496,153.84634069135203,207.3283025904965,103.83678801879401,1.8551682126090636,142.5455000883428,130.5292572111013,18.034508289065162,0.2121253664389424
1205.908031466348,30.363259648262343,2.563669707364649,21070.588114937553,0.5485087403800468,7.150049651329665,172.44027335312856,190.4361358624879,110.56624591687988,2.441210871840491,126.68554192034017,135.71267800823063,20.991379288634935,0.22307713320512665
929.4050914386303,30.457037088377138,4.905826117741641,18378.106503243023,0.465259131759929,11.33561686371785,348.11304255134695,203.59108238214577,86.61057826852014,1.2709811881083939,103.42039208403142,121.38811123713589,19.904385678250215,0.20899594304777303
1195.3312821395944,29.729584351532232,4.818665427516276,18856.441340926678,0.33668475173667534,11.085380755351487,206.0788357180701,200.95935593587856,110.62990014172118,1.7204949328029575,122.91555145905545,172.04793768781607,22.022284018590586,0.2904113056136452
1036.318643392495,24.1293232017779,4.200550331008303,22191.824672246486,0.4734798182898483,6.663891322143602,345.1086387447907,193.39115988740272,94.40912556551434,2.1089203571817263,122.20218136376336,110.46451950108349,15.903529709173624,0.18264218516636693
1190.7397862248952,22.34309853029933,1.9666356832767407,20509.16551921064,0.2078732861525655,5.568314509353018,186.50631020173478,206.3495287860984,121.36574521834443,3.0374573426399665,128.6916498387171,175.63887454393134,25.00449939096246,0.276735207169
863.9558181847945,29.539104902400663,1.2721492563666787,28707.217839374163,0.4942570640045461,9.389968758427823,222.21888860146714,197.37769244748011,46.04355760538346,0.9394670688517441,124.7567765339988,74.22942395645242,11.458324167816873,0.09916396833132228
1194.7071827618215,28.989531742091565,2.267616550882499,20524.432014835642,0.3948064162064958,7.3545809831859685,300.5738889007141,195.87604057631015,118.69140936247882,2.387183686349477,129.71916877041298,146.39869158612183,20.95179366159078,0.24586277539048107
1399.6482354624,22.690340154338614,2.0671781977353234,20601.668867181532,0.5252728589137845,9.70459073424244,281.5556814476357,206.56250383713802,121.4925972524239,2.121635791499974,141.49418573990695,157.36194232174492,21.69761569374621,0.2638188276198051
828.9272233163337,30.57708718355845,3.0237032005855755,20753.017686509655,0.5818550608025873,5.224838292474701,266.2244799858111,202.77050092383328,88.12357219515958,2.2832043869110583,102.04206082725877,88.06178771514507,9.659535751384851,0.15555470329761364
1386.3045105327903,26.827579876004847,4.110911640271173,27549.30315551487,0.5703154197978273,5.933794646242426,255.97983516100152,207.9651816734965,105.70306548064168,2.577959538854965,155.13814206370708,121.97247081240491,16.65802507871062,0.20802922053634942
1044.1447764337224,30.016408874047293,4.433291755515432,24761.824812703526,0.5637060173821362,9.804605629408503,318.688088732948,202.597674073424,74.9610303215701,1.2847703152291345,128.20436971862142,90.56017644311719,10.963073197039884,0.1406425416700263
1322.4520702023556,32.56050619655226,4.379456341642034,24212.532754783388,0.4048679823735548,6.486594587117485,196.98971256667855,204.8163531586423,109.51512333143233,2.5267458858126863,145.53669497343066,136.0582247971393,21.015117842909515,0.2359045939929742
1269.431290434964,22.545926428653846,2.438702244892271,20012.145335757934,0.3440568456555752,11.00311373033681,238.49418539870368,206.72891792519226,108.88796976329587,1.7420852314301112,133.03249790286392,165.25812048287295,21.443881322491823,0.28208988682759967
1140.2097565920008,20.28717301995255,3.7489373738427316,27268.56265248659,0.38601412989226913,5.410136213970948,181.09045843129147,191.09479271819873,90.02628533191452,2.3650019272688985,144.53734028788585,107.90128521743803,15.268162432870348,0.16333317032549047
1243.0695255507958,31.6865387959368,2.25133679009688,15575.457920335517,0.4759584013253443,6.508373879499022,269.1883191461409,205.5209791773876,142.8993323271216,3.644990206498599,112.58592361343176,193.2572508957587,26.874414130584462,0.3255607665207469
1327.1093367808087,29.145461377289237,1.2436221729407309,28061.957585071697,0.5535991107484747,11.98992173939548,200.10888485426403,202.27412963699155,78.13612120589518,1.1589555893524062,152.87162739972038,101.98923329988068,12.669675420211268,0.1548699223492091
1042.4841929906197,30.494593544331828,3.806261062411769,22691.248496908942,0.28279452120004783,8.031532718107549,216.76841286867716,191.39015593030388,98.31837650494566,1.6826208659321964,128.11214762180265,124.22819879075891,20.910220397033875,0.18826384690492182
996.2198969379432,32.57232462482964,1.0393102102791514,20973.753522951192,0.5672772633846812,9.920759644812504,244.25014332470562,200.1715584373743,86.86176035324195,1.4197239067632677,115.38431791668846,108.38552456860455,18.216170617140943,0.16547576721269536
1200.556031338151,32.04216402236751,2.6367303498339543,22457.509210765285,0.5260720927879556,6.278641341999096,155.35411714062556,191.64916155967907,106.13761634049209,2.625638317465733,133.6359278769492,122.93105488793226,21.56170726436932,0.21444969406339978
1284.7075651647551,34.41380220393237,2.317517077208303,25011.232958007466,0.5915424060712938,9.269081144898763,168.38758718416753,204.71894403446444,96.03320347783647,1.691106012463983,141.30664319139612,119.1870594924849,18.584455500103495,0.19974127133927885
1257.3710808659694,28.039026182781775,3.7735101540754097,15191.48139776846,0.5521007093126749,10.08274247858593,287.1858441416439,200.93003427795767,138.53801746602235,2.406113817618291,116.41207220463008,196.34099637159176,26.73136487696525,0.3331755103453185
1278.6881893151808,27.32743448989858,4.064981891041516,28073.277846873716,0.3119749318767627,7.201336451065574,235.79399614350143,209.07147074824596,91.2176256517403,1.86746846803441,152.77411190726608,122.62656001111645,20.33699345904231,0.2027023401684734
1061.3499888877598,26.02830799836095,2.2163785438851353,21701.09287967089,0.24238236453761908,10.802279783831144,322.9580443999791,193.6627074314354,93.04745065571433,1.3768981611578544,126.56774454701694,138.69029413495153,17.17708591142731,0.20422220651531006
1290.700529705013,22.30536564266307,4.246508057779414,20144.49779550117,0.24489642879663545,9.223923049305983,288.93440072883993,202.12066905040757,122.0471251094258,2.0385638257280125,130.38291320246097,169.11982965149943,21.550938422807995,0.2716836873107696
872.125433222365,28.589108493230334,2.175667042019735,17073.683484510857,0.3164893274313104,7.7238610673052115,151.6201883294645,194.23164269140983,102.81587417418312,1.9477186497242434,97.2205737720079,135.48471156234947,17.86102382938289,0.2088404631186088
1126.6934587765097,24.155187864889683,2.785305439946245,21591.980615376633,0.4456734895938157,8.90349675340211,273.342466153427,202.28129969454795,103.21234971525186,1.8254709202000257,128.81449288970916,134.79447409762656,20.086288438858872,0.20837846148422007
803.4551962988729,33.819612683194634,3.9080741080565358,22444.84156926568,0.521728130438869,9.03732593205147,168.7449732119433,204.45299404721712,63.82634971876993,1.1576321264998943,109.37864303809837,82.55083928250302,10.185964733326491,0.14120817077281844
994.7514979401622,28.747862064156465,3.7716809168991543,21054.700417402168,0.5597001227926259,6.158747048857062,306.18663595809886,204.44608658659078,98.99532635770372,2.3491456044920707,113.36124845575249,105.19126722302964,16.02418151002267,0.18322016593540938
1019.8769209228387,28.892602707621652,4.9494738892488,25179.901407403457,0.44950135374769307,7.8191265890687625,348.3015376557004,206.3014798136522,85.28552059409739,1.6167866800667905,128.95212508572192,111.86971401399043,12.568708180877474,0.18984809377600684
1037.7036149655532,25.32386991315515,1.9006440968637275,21313.44793138839,0.2022525250992215,7.404014116136452,256.2397588483023,207.07100455916634,102.08126498298515,1.936084081106203,123.37001703728093,149.14060506373363,21.059944934593993,0.2394968199339452
1217.2803240139174,20.779840279665613,3.6492716541583294,29421.2636676986,0.2745267106074134,7.806319058053882,286.55590003882605,191.54543452534355,85.3153491666308,1.545527913104642,158.2109917663411,116.56191108305367,13.115974085608539,0.1982034413898805
1033.1348607622074,20.47615648059483,3.4387276331031096,23989.162767353875,0.23989048154134718,10.327774119396805,197.4628321789503,196.86534314144808,79.473032099556,1.237190915827248,132.86038149003923,126.97801892332288,14.651761972099587,0.19870490856035572
1069.2161735735185,26.350027162297962,4.66039381796012,27112.169034778635,0.345329790227604,8.377768852266708,237.5195487507587,203.74245040719612,75.79865504824356,1.3577618823854167,139.397062656116,93.27806087905796,15.96047154397741,0.1646615384698636
942.5264785245965,21.26848067145857,1.6254485665795002,16640.338546642182,0.40054039745349834,11.58221307267485,321.21906644727676,199.97172574782425,94.97855643542572,1.4731563876417417,97.24092826262546,141.01439241856784,21.240072542291706,0.2296995418989846
1023.9510749776041,29.10270433310209,4.007192654347731,20959.369394188587,0.21735887143142435,7.055734893509054,183.48458954925024,193.81351893509583,105.19454483905017,2.066925442646208,121.36872686384817,136.99312810974834,20.123640014996877,0.2240889778862384
936.3617763578909,33.21459508459486,3.2730744650750734,20052.71552170729,0.33939119031826215,7.909925047994503,203.1071211227524,201.05419140333396,97.15812664230305,1.7890323013569527,110.33412361680459,122.88753471649646,18.15498007217442,0.2043425555300752
843.9175542610662,33.24372224778083,2.0986634791516217,23542.235822048875,0.27167186985012903,10.50869767335329,239.08673505720603,198.14871305532287,64.49514163088563,1.0931982989046907,114.58541526456176,96.67877114509965,11.831993727770305,0.1557715326969472
1162.0691560288267,29.885681151983484,2.8977396565886964,27916.702800921383,0.45882806650354957,8.822172153245251,292.44977836880275,197.8007655530861,81.87720358630088,1.4563863210775925,147.1871745975661,89.89513468721101,12.19597973439655,0.1653676303947217
1200.9276791330099,23.168477472093965,2.335106388279191,16175.0732664301,0.38570894772973596,8.829197024971133,225.17679095913476,206.19507434871326,133.77157035142721,2.5471912494613353,114.36901882313927,193.69648111026703,25.47296072142078,0.3184710103858018
1171.6942076057687,32.94495247038308,3.3172536111538435,16088.621970670662,0.39812705877356347,5.373381141036285,335.54645595660077,198.1519666766436,139.5558674327961,3.9677132078880706,113.20863689969424,189.37492774747508,23.287155265497063,0.3237233969761482
1078.0964262803434,33.29140152969812,4.556002443258663,27754.765622363982,0.3710767152133844,7.7901976390291905,168.89141025374383,190.5290901096085,73.66940905925452,1.5180352464030091,140.59504331533742,109.24681779098532,15.138195257926515,0.1766656705800001
1027.8714681075378,22.94980377429438,3.277219937648808,18192.75129057536,0.5824078841946267,6.895136126952128,224.1608395089695,191.16126677782182,105.56837445240834,2.5443405770614573,108.48784475590993,124.20641467247059,18.47964537960714,0.22018486997177056
1318.0001897430952,31.06139128656016,3.526889673306336,25031.298816747207,0.2858940500486253,11.995345859817807,291.79082468568436,207.1248808338324,94.3537591653937,1.1663367920206216,147.25130069058798,140.05667876838118,16.885992501281454,0.22882751946331303
1111.4490710817308,24.297793233906845,3.074991388458838,23143.17198541208,0.40666570393754975,7.158485494426172,195.19735313229847,209.21201620025042,100.69645610439242,2.047112325366435,128.36101188268367,109.03169061942005,19.91561557558771,0.18128024287966815
1087.5091265778385,32.039604685293945,1.2046620257819036,27493.40392330844,0.4944069473461344,11.191475743557044,281.2826268459346,203.76818672911415,60.804334898709776,1.0523553463147508,139.82882669222906,93.81879909042662,13.58367813970501,0.13969533695255934
815.3852394838614,34.958568498554044,1.931434227504377,16876.333647546053,0.422737765253825,9.733636145283342,182.84339164546918,197.2873658820016,90.2541861847698,1.4466343400522192,96.6946856627819,126.43501319237902,18.718819558189615,0.1950991818053072
1004.7486965756938,20.45039007994089,2.968006917728331,16946.74448583917,0.5716083542867204,7.3864148643446335,161.1960569723373,208.77200631589454,105.80566502621511,2.4480688804622868,104.12068067485532,132.44089827502725,18.085045212021058,0.2213004108217418
1028.1173712715142,33.46048798686398,2.240941134978819,23352.275404174616,0.35118734225651366,8.804740648618866,174.20314334972977,203.25606172751472,88.15413136627686,1.5855782797120348,128.6304433635026,126.86336615785619,17.198739645877996,0.21964010709509546
1039.2936685381403,29.33945800397987,1.7270543910447769,29195.67980037556,0.3854703223092712,10.883751159644357,335.99695662682694,206.88667098398676,56.44470979000357,1.019972383479392,146.99675874546233,90.67421856540159,13.024259608807258,0.14370928539042715
1148.1034215363993,34.600739287472315,3.0165313676737533,21224.966375561315,0.23540892608589137,11.183578086216382,260.35017658791025,205.3170460807402,104.1714453412432,1.4324640176837968,136.23563479920128,153.45571593108,20.91573763598633,0.23856697797380233
1120.161528036127,26.975142762896414,2.2912391737914013,19904.131503820423,0.4435996444207714,6.122757125043016,309.2691550959298,197.58278631545184,117.38211097938908,2.710301883691414,120.35126966243418,133.32984488729838,23.26075803887474,0.20949059303537523
1164.743055676067,32.710818958570606,2.032430572693659,24100.339847968287,0.3152847873792424,7.377011988457188,216.53090018101022,199.57404401701572,104.29398014202279,1.9726167952292228,140.29713292003996,131.70881038112995,18.47264810301872,0.23242479788001014
1258.9299569252769,20.935911028974157,2.855941669761523,28956.72900817547,0.26412361580622756,7.346562261495002,268.5317295770893,193.722643087362,94.53707714483082,1.8190296107189772,160.4694007117535,110.85443093460083,15.42219958188231,0.1901622239689056
1287.7914432296561,25.029185751174435,1.5331370323286926,27553.917492669356,0.41781251716180323,5.294313572531613,248.99042674099832,195.84028200881468,101.8772613611253,2.6289875676526346,155.65411632097545,121.78357161567453,19.161372391086836,0.2169253328000967
1230.8738457358966,21.005248066268148,4.710982932301629,29932.254160998298,0.4129241053519642,9.187664318963275,339.1475918804588,205.56251322573044,71.75177520903458,1.3282156811618995,161.00381088294958,108.04409049648201,11.854374711868303,0.18496517307563576
1373.3142175729608,34.63014700218606,4.470808391676956,15338.528748035656,0.23034865648961902,10.983740370945316,299.51492721082207,207.87956783766217,141.5284011818034,2.586541115838615,124.1205833891714,260.3057619695687,33.99532691672599,0.41467675182514957
810.939549605817,32.25460860907755,3.8304823429621413,16692.872170691433,0.4792861813977891,7.671020714778624,296.1085262993158,204.48920846502824,87.35373942151833,1.9538097191243797,90.54832671958371,113.10217379672913,13.435049456275832,0.19003726422381287
917.4667914101276,32.788211318689555,1.4248553103538248,24142.01645049933,0.44950887626034114,10.18025161488924,159.2706538868559,199.30347393313278,63.22201555475535,1.1774072330818661,121.37095471916426,95.07988106397522,13.941321061615547,0.16927991334630144
804.5377249868852,34.06947847150841,4.103509017878772,27308.646590007746,0.27560691309859886,9.39390289520518,259.9339338007382,191.73018537879494,49.68643291431513,0.8678379466071193,125.69870002891356,84.10260076527558,9.40657558602193,0.13662808950717595
1188.4848284927618,21.27655229179678,4.231829312436076,19278.6651346015,0.38777394486161754,7.629541148451006,243.39829078036297,191.13895897396895,117.52590914088171,2.3886790891087246,123.9654776464423,161.2353815428903,23.25407154866855,0.27161511610606265
1338.8183293699922,25.7839638877,4.07105847085735,18588.166320513283,0.48812916659142397,5.98741859644608,335.5684533212389,197.48651129225706,137.8757384268499,3.612566643312569,131.89715879497405,169.9022337534325,26.43692366654463,0.29968452423527964
946.0893779457796,21.065523335660032,1.4558635484769646,26804.636990718012,0.4117742962165106,9.96526696943177,201.46839763790643,199.27643437535326,61.276355478006785,1.0125057898809855,130.04636576024058,77.73224157222947,11.427530155026737,0.13315273358138052
1356.220726877784,23.16189652325043,3.575631828271059,15845.727807798474,0.35819563047342806,10.981956182588682,203.96669065821885,202.18241244426594,137.6549772563748,2.4181018409667874,122.92813465377357,226.56755311955823,26.738560526793282,0.36275065638634024
836.1604341737365,23.440486655565085,4.337299182997594,20540.739713738774,0.3289353832323775,9.800981446810443,232.2692497763001,190.12979042773995,73.74434181436456,1.3165362136407042,107.20643645020799,108.07705733714367,12.752161443106356,0.17494210971398336
1360.6616160833087,27.03660816571368,3.309413604878671,22587.138338884946,0.4441575466576214,5.1251493882437265,198.6739426812752,209.79445780932613,127.6926919913841,3.4994959937203785,142.28211192973868,147.12633295371404,20.528203713540286,0.26346086374753425
1010.9736123437806,24.02843251180464,3.585629500912356,23405.230115254853,0.5756434793240962,6.513630260736939,175.83678356174988,197.27877766808086,83.61747282090957,2.078609412432559,118.41144324050299,102.25836467052277,11.080053212119038,0.18193366972945701
860.8524970695299,21.514671602266418,2.8334539177052247,25929.227351891655,0.46869793619099337,5.486359894184723,321.48296933016013,206.96189327602244,67.11441743137985,1.8152032730464218,121.24810755158398,81.11837099905499,14.113578791898645,0.15151191521924132
1091.5230555117955,22.512366336411617,3.1148292795362105,20322.68585145987,0.22989836145452622,8.992702697033588,261.65530488078315,200.69933411330808,109.39858716329984,1.9212418284355313,124.38571194774448,145.5183083062374,20.613566809075635,0.24300085057680978
954.0659406323048,22.209133453281364,1.1375074334069009,24190.265170119106,0.3842739893928535,10.295343751882886,322.27254379131335,192.60878909066693,69.72184702063674,1.1564939746948653,126.92573560926809,92.30171388766269,10.690848782285965,0.15598356671436325
970.9237411771537,34.596151968684474,3.5558520878931383,23780.631341864348,0.5563296526042509,5.774054309480616,316.2269530807392,205.95131105069044,89.12472801800283,2.1501098262131904,118.94313657208306,88.66344956144917,17.134403921272874,0.1500339389364612
984.3739789557719,31.389387603777102,1.3257888515646368,23214.241509806205,0.23778497032043477,10.868364744153697,206.4084709579342,204.19654149839752,82.6708063887388,1.240471612087448,122.81982391349673,131.52467713880037,15.732982481926808,0.20388023671835603
1281.8155386995982,34.51642197904343,2.7400583773608935,24607.249397133182,0.5955502848550174,8.888562848768382,259.5474888648548,200.54872169858456,96.61979072528847,1.8220164591367478,141.85789384598485,120.6685250701418,17.884210241784164,0.20702925894009516
1123.4967660051527,26.59610729761863,2.1706203906696313,18891.737566021144,0.5796277574581685,9.829783084992075,166.6435405480141,200.2910618266756,101.13248297299225,1.8405391681478873,111.23941216674439,136.09493880471047,17.32765265182381,0.2168059492083808
986.7846194936021,24.17552722493985,3.1817118008468523,16269.731303769435,0.23130979229195037,11.799812940260523,333.0503768061517,191.74959211501857,103.5483933869653,1.5349562972943092,103.65668379057092,170.7298138828088,17.905736274923875,0.27123727376598766
1166.2002699865511,31.9743979581378,1.5336653420928283,16789.07508059615,0.5733653281798219,5.585766917733881,230.85254301303064,203.1169789714775,133.0370999497976,3.75635925467842,108.26667739918139,157.31773651752985,20.499505799683675,0.2873304297327919
1229.690404533916,24.893808770617202,3.766573607893273,18368.735739808515,0.3452530361037849,11.308568160844525,228.7352367778043,208.224903115086,114.89585552552303,1.735138411868608,126.44695854958867,183.07857230925535,22.94097336504941,0.30417494550602003
963.5744004401203,24.490750605580224,4.180046147713881,22502.96903284178,0.537883666830345,5.882718871911865,210.55107412359064,191.86489838442716,91.02826085068763,2.1912846479927075,115.71645381377657,97.71925133187949,16.896394717017465,0.17150961178571816
1048.129460915211,23.48758988311747,1.653417798972626,27606.641258190302,0.3673533350853086,7.750711646456776,242.13274894214078,195.2702290129781,76.93120477593953,1.4140733362217157,143.50305977588198,102.0621906782959,15.012537929977327,0.16427262358132394
873.1316560021685,21.94518467336353,1.4172523494075286,25519.40013132576,0.3763420450810063,10.9600708743178,200.35187730908962,208.04615946884198,53.77511803923078,0.8474761517100038,125.52801178480898,87.14190308115016,11.553771941972967,0.13795382703539022
908.6896097208082,23.84694591525149,1.5820619311494366,26835.609063030708,0.45369723639101706,11.343779657165078,224.97045455936092,195.68687819639587,49.306191658568565,0.8980254375802391,126.93011063108052,93.47659023543874,7.402567306030821,0.15787174113951663
1208.6707123789897,25.329796227108314,4.508510247594007,20264.63435889137,0.5097909677103933,8.544601714816018,309.9894097169764,203.07887344359852,114.03018827626872,2.157219876704366,123.52336203006546,145.92349379936786,23.336466861411115,0.2400924466916338
908.8630086173762,30.109913122185958,3.1127570470254247,21069.806124728253,0.21351566037929948,9.158732467927976,316.85110071703434,200.69636329886288,86.22747831420564,1.459230393734506,114.15137248720265,129.52608285367327,17.707644286421424,0.20329860428775232
1115.098030200236,20.938472633291774,2.8690439840300104,20905.22828985919,0.43726239821085366,9.9570313421899,210.83649552570324,201.92655210007723,96.06338298816668,1.603028858867411,122.85333745991252,130.4498022109293,17.88221947614336,0.22386273946914784
1225.4277570334596,23.157604094980144,1.426847276409417,17878.097766067523,0.2746931976389484,10.829310679169,243.80288611055758,198.31577803154505,119.73776973409656,1.9861828176281582,123.73185464353071,194.50444347443107,27.40422327666,0.313434494779221
864.1261538568463,32.135354604375145,3.598224027027847,15918.249872153581,0.33837980714528115,5.850578186763663,324.7639552560105,195.99982941107422,109.56746499712298,2.7551307238726324,92.97353516163193,142.7594576488006,22.681147258810434,0.23591793550200976
1140.387331777342,22.203828853756562,4.47199836758036,23863.741392408403,0.3391874664620866,10.670485157604594,160.53466636593942,190.97066901459337,83.69012621340528,1.2476494127702047,136.41944183397885,127.53576569542163,19.207251847924535,0.2085695445601608
953.9376702208183,25.139677197837823,4.312743477293812,29838.25025130879,0.38762413608846147,8.368933053581317,327.8289923991571,204.88561878588328,55.93903675157338,1.0369297419996908,141.46730503584834,90.65225022533798,11.233129964746333,0.15605985688992896
1377.7561251425477,32.9698838278721,3.504218835923205,17502.445574253943,0.33365456475046934,8.154363975757184,193.83686913046634,204.92186924388454,141.41600917671502,2.83698192485834,129.48709544662594,204.66012160684747,25.679137341116608,0.325283271010977
1090.1273880319548,22.32387966715164,1.3011148666066945,15700.272298489106,0.2429444473802671,7.9672982639789875,285.70784884287514,203.41451480157446,118.19844331798289,2.655280662752924,107.44021215584455,196.21431866829542,27.130866793186414,0.31886974549644304
1283.595529865095,21.24105253427285,1.4495881087040519,26692.975227358995,0.25825149541018055,8.564481096722298,266.51033927692004,202.87267576239242,97.82161067512371,1.652683832688657,152.85111507663262,136.19985176003559,15.991608108671912,0.21835978229105582
1130.135925293757,27.268069926200162,1.1972359484392987,18788.790100270864,0.21337519422443907,11.615353873762224,260.5881496378504,194.87434264335053,105.21879359289869,1.5765816196591547,119.34009540141629,174.54330231768725,26.27548115017544,0.2821036413309572
826.0475197128915,24.536292669178046,2.029916865969877,27444.657080293924,0.3880996341315017,8.837426409545062,321.87204495056426,190.44689867532583,55.357843118627336,1.104059512818678,126.1922053014499,75.37175427616914,10.514366881972844,0.13041830977103908
1179.8908253564134,28.45112546725781,1.542645868641511,25559.050005517733,0.5817790779411953,11.672242767841976,170.31442872893226,206.1743079377088,75.54532933489655,1.1314850895891666,138.9147907392599,115.18299813865997,13.136497686485354,0.17857460899108676
1370.8420053239943,32.05707335725213,2.0401921610097355,29185.10305576207,0.24627008945924664,6.262030914309484,219.4056050651272,199.82277071391653,99.63094363326196,2.2741824968195523,166.63519271178987,125.32335397864591,15.532606700639409,0.19579934417710415
1160.9670920877988,22.057227322291148,2.5402322228758467,21133.908536350078,0.5785057972012329,10.068951851828432,257.6505492689531,196.13676261405237,99.69823065287768,1.6636782817486246,127.91464899564338,132.2354799020649,15.99948719628329,0.2253079902165776
1291.5133156560742,28.710486268314277,4.771931136284543,24929.54759175951,0.4933446058928374,10.685676770261232,312.25777078920794,192.0386381356114,92.61274350934545,1.411429566135075,144.61438318685126,130.96266480338585,18.166758478460192,0.19935884016065739
1330.5238780090447,27.58263140584796,3.4415042391267683,21972.82171219906,0.45499952117366527,9.753901819344033,193.2886166823343,191.25443181802777,111.1557976867557,1.9301395059322906,140.93410073378385,159.19191189648436,21.61503212653963,0.2608011049544882
936.8478631693595,22.161181790197993,4.33989514273185,24458.830459628152,0.45811110212942513,9.248455961585783,310.58596827485525,196.97733443590354,71.10190006785712,1.2280832007291962,123.17487143105606,86.55334634843972,10.140575366285361,0.1407910425426447
927.226903944936,29.359977282934736,3.841406002849329,21743.98359011606,0.5306910593585128,8.953689467603276,229.92769649878716,206.09474129533882,75.87819548093121,1.409594907398404,112.42871051286974,95.90483506541368,13.029730870595788,0.15957764072414532
1166.5885933105951,24.104606267911574,1.450012522106527,17829.483696361123,0.24276794575192856,11.026513378050872,187.7827712867391,208.3744749866766,111.36831858871953,1.8857528196681868,119.60392896153768,191.42168796506093,21.487329752119752,0.3225023998613418
1046.6170818840228,27.317514778160188,3.9436816254957954,22618.461240050714,0.4019017294262167,10.751526180151501,301.7972880886965,207.93502729226128,88.60707328666336,1.317285961507094,124.50622987346416,108.93209775167259,16.98173729495522,0.2069538223787981
1303.9167817200323,21.23408486415593,2.1003955262364977,22928.763021561637,0.4788364553043034,5.856021048264196,168.17978029490956,208.4000166949931,120.23116223047961,2.959582411175587,140.3982845537787,130.37696354708748,19.939463529979943,0.208826895318401
1340.0138740388065,26.893760858204345,3.5564313879788254,27159.057723902417,0.4347281780294254,10.940113599216147,252.95347481508858,208.15450686258686,89.65748555466288,1.4207328806569695,153.4384414131563,121.12598564880503,16.105872684442538,0.20573536883310647
1012.0528275816309,24.596952020642306,2.363847894571954,26032.810586903717,0.5331116284093178,7.8984803360830975,162.77515677237767,200.54449503200792,72.58540692919046,1.4440660098567122,127.89424622257928,92.20288836645189,10.606842163516333,0.1511825149214685
942.1223353846892,32.335718167780314,4.990689053058636,24956.874359121663,0.2289086836045406,6.775877809970675,221.28357103155753,194.3883127711381,81.575298720481,1.7338618003637225,129.2729277333268,114.93507815874922,15.120518949892888,0.20021978037888657
1268.315309146317,20.854680904960524,2.0542059179871113,16700.806433288588,0.47628041579966635,11.088379976097482,270.2153598012785,205.96093165673642,127.47441619456869,2.029579396407349,120.85337927681232,184.2198795698656,24.106087898462093,0.3061982440806636
964.8836213288816,26.27910912377495,2.1165218830970787,25809.244359955723,0.4136110921538871,8.024173597436192,261.22310829744265,194.2742594970516,68.98987997044509,1.3704901317772877,130.60785564289736,91.85073695730878,13.502702756639502,0.16557845482571767
1293.568591108207,26.876471361971568,4.722689022249593,22504.57734531772,0.35166434559197735,10.658552831237717,230.93108358093332,195.3441455351314,108.4923579908121,1.6042625194471212,140.1628263556789,153.15172598155598,21.265562674023368,0.24861986331843217
1054.2429521892577,30.87509114448678,1.0985776185452907,28411.49304159239,0.3361099928936123,6.8438252836909115,235.80959879442315,194.66508643645096,72.46210529308794,1.5954526474198296,144.98185561763503,101.13303735981351,15.471731616390802,0.15875831766436832
1200.5299395748823,28.614313626353166,3.7867559514927875,28798.064011958144,0.44833305310967714,5.027505249955524,195.3539106701533,200.2996480739161,88.23931796830885,2.5286956574078157,153.1278506657565,105.70330226151096,14.546256531375462,0.19311840485344078
857.3211883008009,30.008185057912716,3.9013055629435125,15827.348859026783,0.556398149857706,8.468214350320611,241.17651768482057,196.4365501633816,97.79898406524372,1.932315550238195,92.15060434517272,124.22317181740266,14.040949466218722,0.20683788898992658
1174.3155948059439,31.65573928477634,4.345514309641597,27309.62340531718,0.3984703704404461,5.70159779650019,340.6509711441669,193.08312099250682,91.35567339379872,2.2379658999108525,144.69166870501724,100.40997574659585,17.323437684427645,0.17065619046766095
1071.0606072423375,32.93304460487283,4.897757242553901,15565.46085634006,0.5298892656307681,10.280631688674369,320.0905835567581,199.06346823787766,114.90063154271935,2.0416781318301003,100.81777642478966,157.2654197123998,19.901219074313172,0.25155267207985105
1151.9650779052845,24.708132450837056,4.902407676626609,20507.54438542534,0.360862552737587,6.9325259524858724,179.04657381526877,207.47814477570333,115.09311023491169,2.41707544807646,124.45046104602473,154.42111729700375,19.347304096522723,0.2658657861173215
900.808524646918,28.070340580458545,1.2611070302658556,23134.499634316187,0.24095778511727062,8.10551952622435,155.95615746418417,201.41105709899944,74.87454677182288,1.4247583909139028,119.80287538591928,110.52476291302722,14.745711684560504,0.19606842319875364
1242.1242469665092,32.601621176588,4.28735729101161,17221.51197940691,0.22460229458345543,5.60923495564088,336.70486254332616,207.56671211775173,137.5119139295701,3.8599825992503574,122.33911408319487,203.27202815568225,27.86725639272922,0.33155434263903055
1317.678246525937,34.841766964475845,3.5852397346295253,26194.70718853615,0.22053374852947105,7.006614739130768,255.34994997614953,193.91744370158276,107.27254419093012,2.1769902358897255,150.58342946654687,148.81146838129254,19.425048194348452,0.2512066273556254
930.0438800544654,33.34278966565645,3.5893685374923647,15125.32056258208,0.35206005678306795,10.470431702810004,257.5675646298615,193.33947747345107,110.23604649780765,1.7812879701588573,99.34107886353843,156.47823414629622,20.259757088592053,0.24880635906680648
857.428733312097,25.572008939365652,1.5133997064587792,17528.985726510553,0.33489510033433684,6.061115383316237,306.14359914130443,201.5115425139684,99.61661943790627,2.4029220490743004,98.46116269547095,129.1907854886138,17.522539758590497,0.2031426747417426
814.1831516278019,22.927497758279756,3.6007486657826133,23711.952447802134,0.4871748094490278,9.530116927888702,212.9377947742653,199.26657803092547,59.47015875380871,1.1232364071860295,113.024633132493,83.80075232293217,14.294753588125557,0.13841055076388864
1185.1829002659597,27.34088806109883,4.929930322404991,25715.813430559385,0.4971286006339463,11.421980969631509,246.38151376720043,203.20345283293915,77.9856542992558,1.1993806807364706,143.29058327965268,108.61534961864365,14.92272413831569,0.16658545343343456
1164.2564216532685,31.124621777540632,4.647274278157788,28749.646540408743,0.22034158753349595,9.758857318304042,343.7325826293475,205.89253582053564,74.43895492931289,1.212162103421833,148.10925656837748,115.81535269088064,13.284418930691892,0.17006711779253733
1128.0184476284421,27.38853606129946,2.756522643219402,25582.449779019356,0.28844930515560596,10.677151825045588,284.4297373864814,205.02614591304354,81.92613882394866,1.1655093453572567,139.07832887360706,119.81060790271896,14.223373024327476,0.18355360058540565
939.1682576695853,27.247712949705026,1.1597918931443774,25076.68905382299,0.30970474006355986,5.76280140512741,180.7490063991572,208.84522347317122,84.93821978690424,1.9988275910743274,126.16035697353108,94.29076499034132,13.836550423014906,0.15114668421711672
1034.5435975433088,32.57345631622701,2.4491739600008193,20915.117195259965,0.41904479365712377,6.755122782014381,176.64534959687066,197.96512818314022,102.17009597831408,2.1973486000112223,117.85967544262027,126.02776594511596,18.731544821930417,0.20454826638715226
1156.6858011117038,25.421056686007795,4.30556124640222,15019.266382902022,0.2578060895627801,11.261771965684137,190.8529516666011,194.1277348449636,122.67262599585598,2.0620893847118054,110.24488269053869,208.03407487997484,27.424496393998847,0.31941316539754344
1098.0601153155017,32.896920122174684,3.805996405860664,16802.38888103433,0.25357648776000014,10.005739295326624,303.3423348841435,201.01825279895772,124.78679574548758,2.0117084322767878,115.38139584252276,183.43810964554217,24.90630963897681,0.29132284770481903
1392.6713121289324,26.102072014275855,2.8373746223758256,23018.318171340587,0.5775155556831832,9.476876784641178,209.07540076812322,192.2148624038237,113.52192360153774,1.8914043422590159,145.29941765796443,144.5734087678711,18.96387988771853,0.22864166529355706
881.8638515340399,24.92349658517509,1.2204061406353244,25126.948287666295,0.5216811629191124,9.6463671528519,154.27776933501596,195.77702246663262,57.75556590131413,1.0227687827736467,122.38352904851223,81.60860639889744,10.30125118489536,0.1363967361975392
1217.0867324285564,26.809848667995485,2.7075789112932105,21261.72425844694,0.27226196083646814,7.899403880132504,338.8348727011324,194.1577611052629,119.58374715168821,2.1774411932407127,132.82068785212905,152.38427869383148,23.225257831370826,0.2562862198371375
1042.5912608625754,31.436704380123025,2.876099758871534,25960.185172925852,0.36262712316219636,5.311896421323572,183.94268327898214,197.93127433594162,85.39702920488229,2.283580346487348,132.19787823080816,104.57914262364638,12.905909825376103,0.18230600316812745
1056.919768955369,21.890030417959913,4.714222131576544,22827.93442998268,0.34224879970302624,10.491090794495104,151.91163722961372,192.22433150004431,90.48153407346898,1.3108210512874598,122.60586336143278,118.6447737423763,15.798597839112697,0.18872092654770398
1230.5586593949058,22.94628823808026,3.564344414328638,16112.642933914683,0.5164016296261629,9.750992653507478,197.4263204766646,190.63683489096195,124.10676868393709,2.423362783929901,111.3666084745827,184.2617181640095,25.86440466359843,0.2980019291283901
1215.4616907946217,34.27167238494638,2.2466116666185956,17880.243764519233,0.4040851665912488,8.309631248789072,197.00575742362673,203.13588009260064,129.15007120201096,2.3298769283686624,121.22668665069831,172.83919688939835,25.909704300583098,0.27418681474367046
1394.7535962213128,22.63237441072036,3.1012730578028855,27599.973348659143,0.2511398947973868,11.298317307577802,234.4010501691446,202.2049795657961,96.81332343944551,1.3978291767297364,162.78157682269065,149.95352793426832,19.35551736771434,0.23077863707460047
877.0365736724751,28.51590976896582,1.2642212312886403,25873.691199366593,0.49559682526249754,7.3531176548956925,334.07796630000735,204.16717872077322,67.34039406122665,1.4225158819642296,122.38898834439883,87.40618878757272,11.557313006762318,0.15237048068178874
862.4657896304998,28.689716999929068,4.890272942598948,28421.429805187425,0.3587551912899676,7.0602522096186515,325.8369835558196,203.20772880542688,61.285638517444596,1.3122662353215124,130.8937551105625,78.92193254123282,8.572369801806714,0.1139085351785597
1234.6032902772447,27.344366930753672,2.440239607722904,16763.358736814047,0.30516969905285884,11.109574275556099,241.3789109964856,192.28589362284768,121.2309224984066,1.8220008814715396,123.81217129216944,203.29392317675212,27.013267499466885,0.3223536441967142
1147.0321502038455,29.67117872865228,2.9114694196525432,29853.33801922611,0.35019944880828807,10.578913583312898,232.17998099836132,195.82157762751294,68.90612717761215,1.1537838597667498,151.48314415583178,99.45627315418756,16.106551396837553,0.15748695771333682
964.4963999358836,23.447400886964274,2.4211358969476904,18141.100709249004,0.39910262544275854,8.604858674538413,261.00181729497024,192.59053219800705,96.21693291148686,1.8022717586989303,108.16218565449077,136.35201761435985,23.73582415926712,0.228542065022278
847.6516213933919,28.289934016651223,3.7300469204648006,15176.69814429963,0.33724620656680376,5.91514317620495,198.69080239435314,206.85944804097127,107.94994662251113,2.807286126093143,91.33432449004233,146.7822980140243,21.151471937958927,0.23399618844774436
851.3949497578583,25.582598828703457,3.648928633318372,29961.344085803314,0.29676230903670314,6.505500300255367,160.43699839327257,204.93807310711045,48.91819367411651,1.3018898182297558,136.39441558375887,81.27222183498682,10.313473937440305,0.1350520379896372
1336.514524798471,29.925008894437838,3.8612892421165426,19216.108281676698,0.35940081152159215,9.593595932861646,337.84482723424134,194.03054005836486,128.96397998467242,2.195314893161948,134.80145925734794,189.73549001974902,23.6563363740519,0.3099862273748341
915.1203948312458,22.118353150597244,2.0725729184476833,25020.2917876884,0.2076691642999593,7.695288664882882,187.33979697543455,196.82618480979787,75.13946673421529,1.4578488602311694,129.77812235382345,108.88081091416932,10.963908384384471,0.15885239278732574
994.0229372693125,28.563161252592145,2.262673924656264,17650.23471264458,0.5089991384385255,10.855312341661799,189.6801458491433,209.3322998452843,95.6137974574154,1.601055035065422,104.47799438374493,138.9615784919773,19.11994857543108,0.21370963836000278
935.9938413361929,22.779055330749856,1.5010049243848318,23703.427982987127,0.2683779574270343,11.649685065325428,244.4920657707895,201.88318715759303,69.54782528085897,1.0576707957172276,124.84265050621171,114.01960057251227,19.386072308578306,0.18068821034781277
1012.9977834991623,24.179645946725547,3.6220398873844504,28560.52479681839,0.2175618454522549,10.639458476924428,248.32266896806613,206.02311194602314,62.43195775571307,1.0127477770835418,143.9257964429212,103.90881305432767,15.848886124117087,0.17113216642866996
841.654305647656,23.280647004853748,1.1591885093426102,19802.717511426577,0.4614794771620317,7.6428179609689,153.68684194014838,195.29182069537458,86.38471840825946,1.6891059155638828,103.00009299332845,98.92778931932816,17.058129156434607,0.16710773624575806
1111.4358745449622,22.742566698032256,3.3907293420938363,25053.809640665386,0.5095744515294689,10.52080500461997,179.59094775479414,194.2010584035861,81.34258660878116,1.2104401634336732,134.6124745070659,114.29395373325036,16.142128861478355,0.18914987476371037
840.567538155329,32.38566427341,4.478783539406535,17818.55383197625,0.5255316526371372,7.460091714294784,225.63096371214834,205.67833857693097,96.94605934874983,1.8594919805320285,94.63072136600177,120.31191440097247,18.09968422053843,0.18826906628037246
1280.213904693417,24.285613514913354,4.563328593158534,24371.93098078088,0.39740367306423996,6.169700614359437,286.7461387021078,203.7174491046288,111.21026507759645,2.5989428058167476,143.3553733413219,133.521027816111,14.731008794940642,0.21038346628505372
940.2272491462599,33.90685672796674,2.7961510414798467,20046.75527726265,0.28214727387599414,5.233752434061001,195.68369136638717,203.61955858423528,101.52596164801713,2.7302786546967823,111.16042111291821,127.05889914980384,19.811810025353672,0.2187361933292415
1124.0071487627065,34.54889788017786,2.837214752852295,18168.123878819275,0.4948910708999307,7.700016989327141,234.60288924835254,201.0526916365839,117.330883874942,2.446586882673277,116.3241879315791,152.04855415234087,20.391673903031,0.24024516767310294
1328.047452536875,28.56890704905646,1.3078767320320694,19697.73076055453,0.47988523086173485,11.324915125880974,261.46901294329336,201.27156685553098,113.72813324242914,1.7602883754195877,131.38735873986792,166.73514981532102,21.033607951428237,0.25905238521669943
1190.5264214283166,22.145016839985896,3.683060101772143,17682.61602761699,0.2985082936412693,6.672906114289735,327.71849892465843,204.71395010612508,128.3919172060511,3.0724294056521657,117.40638091470085,182.28177621589734,24.20738156765866,0.31346974192863136
1119.774671930801,25.618223650693718,4.2850376814913815,28528.74161756824,0.5613631023451171,6.445592154508488,215.21410046542468,195.4000496224239,79.0988583322497,1.768802784135428,142.90538418704986,84.09800872405332,12.341740385602213,0.14572603649510277
994.6002518692253,31.96598395022321,1.9786202184188522,20957.803294756934,0.24174858323313161,11.788745496687282,176.7116531726967,197.0553693171391,85.10921621002493,1.2615607644786972,112.52466695750297,135.0354219121206,16.176299865828316,0.20948729146041375
999.8011478349188,25.510860930456058,2.6852035265334586,18679.18957461551,0.5930752958365302,5.175028789954145,247.85444517952163,207.4327354104011,104.25417534501351,3.08983006998645,106.14052295262941,123.24591618938294,18.22775146710367,0.20878685993752927
1201.692173118914,21.30525827454183,4.355357347061082,21726.117615238993,0.5440991243909858,10.50047505275628,299.3443203368124,196.17730402024316,94.39500827756223,1.6644498403413746,129.19368649718135,132.47271916731984,17.03286300317446,0.22156279272328516
1396.4836167327005,28.35177366392282,4.5084818706491525,19808.042502097433,0.4751594581916301,7.249589690186093,171.9719514105467,200.926191427586,135.34554730134386,2.841369105847674,135.81348093964593,173.75052409455571,24.92833162318426,0.29115918655681017
1197.103513909627,32.67681277244052,1.9727199210569037,26166.28880719989,0.5754999553119331,5.262415698087615,234.93669833939208,204.05278928013368,99.20260443346938,2.696278843858507,145.65288662956107,102.91746177606937,13.195249667663036,0.16919341467946222
1134.6700504220148,31.938895807152534,3.202282538165457,29568.298678282415,0.4889244673294831,11.424617781467084,153.55702825249668,209.99849653666354,63.18040446645432,0.9896072283990301,150.60104413205596,97.74895129263405,12.446232919463036,0.13704126189193191
1238.3903061435476,22.6268471019553,1.7699726025433082,21570.504850464702,0.27618279881201835,5.977496311467085,156.71183632945022,198.70582662990665,122.04960474909738,2.8623969783849508,135.933094644005,158.67572728741612,20.265435383548578,0.2854555790413752
1079.1233673702309,30.091469216187,1.4075150565582262,27915.500999583608,0.3768624552451247,8.862454986079868,246.5906726433331,198.56185753249886,77.36121325913263,1.3182996571390135,139.55443014314724,98.06781724896084,12.751423803651747,0.1480599301916558
836.0854055604711,23.307563951534707,4.644482005567831,23487.946103394293,0.22860120973265416,6.9183794520068345,209.63945963018588,206.85176758867334,75.65427843837026,1.5087023647189743,116.47066038958707,99.98529401888376,14.337963482647382,0.17034192970851664
1137.378089526746,23.273113018282583,4.282030016928436,17358.534976413503,0.35586296891524616,5.4563496152928375,319.0214598010824,206.11006222519725,129.02787705737742,3.5989404892399626,114.00702015246918,163.635432241626,20.205069514410358,0.2965494825782204
1374.5751707032282,33.11107659957778,4.040139607212696,25359.341131220124,0.4966412078948835,5.349457399643653,270.43086122529087,204.62151763469097,108.5908967523644,3.0028979667843587,149.5307531198148,129.46944438856474,17.400012536730056,0.22570912193902226
905.1817654145958,23.74503429110345,1.1950652752525617,22701.5174568873,0.35457734037232697,5.8088968918543715,240.78659234859808,199.26459274818058,84.7999627292711,2.024194077292167,115.49703685892605,108.41536534619227,16.59515501570974,0.17686062202753802
1214.0029344923994,23.94871019777017,4.37491517084103,24759.097848781552,0.33211767018725363,5.499569097225661,231.58707421085927,196.47878240321432,109.63885711849315,2.6990592904381128,138.51945865519656,132.54788578951042,16.548583748908683,0.21155193117168963
920.5602131954339,20.009800861419492,2.752176303621535,28345.311188574975,0.4381422890041248,10.32390680863946,249.44909603791265,202.17460965169698,54.42649223786739,0.8986525717738084,131.14570561302645,88.7615234529836,15.010775535825694,0.1277287055340132
1121.4966106838488,33.06003551188277,2.3695804931834386,21606.51855984069,0.548881811599558,8.398963415984005,158.08776624253227,207.5244658626328,95.8433903412386,1.8155860437868006,125.62431195208953,119.1986917768939,19.612182481711894,0.20072084658997275
858.0058697880318,31.88892219813702,3.185905444101506,28517.664348260332,0.219033277018445,7.400244639442858,328.55867128413195,207.67554916417174,57.95522841706319,1.1510561118522356,133.46201669279986,88.17036973717423,10.700993683434433,0.15827587895378356
1070.222561754911,29.40993402636017,1.3654129708942233,26260.035214224823,0.35418817387989415,7.92858237092405,349.6606311467917,192.16996690140877,83.55101620764252,1.5168749645400201,136.66783190322204,111.28327966184438,14.012324293988826,0.17813907817112148
1253.6979973371476,31.253986459082633,4.026586197409595,22329.073888169773,0.2632962967261051,11.502627149008363,186.29742497173973,198.56700567626302,103.7763412857047,1.5299353003208844,138.24883438454117,167.72985223724822,22.1243752885072,0.26133692673758757
1008.5429145433893,22.28072851136738,3.3297403075531835,24048.332034869454,0.47814170029274783,11.37526268916703,174.07659295492394,199.294439123975,64.03707072348948,1.0637392676672741,127.82022683022281,102.84213838930572,10.455412214969297,0.1718754111687432
1198.9470346923308,26.87485391881363,1.74636038749267,19883.71698778517,0.24228982417245395,10.009735360858038,178.71549268971904,209.55230735047508,114.23723260386865,1.770596973082267,127.96204672406013,164.3571287664534,18.283263459960896,0.2573821903414553
1277.2699764738375,25.26829081023171,1.7529287990761824,29753.95949608161,0.4659231034320978,11.192776641951815,282.2054116468734,203.5599603048517,75.3259597760042,1.1602881070604567,159.9899787870557,109.60674890631981,13.875946446480787,0.17875783350636848
1356.3066916876714,21.406647893855247,1.736994606290697,25010.26744575594,0.31447234831916293,7.237536193113374,282.288167690155,198.1449283452414,111.18220823808791,2.229324399463537,149.99890892896417,155.57848799523242,21.072758165661245,0.2560789904883391
940.7852491132721,27.29195727822386,1.228009550207736,15657.702787449449,0.27956672549488987,7.66776528205798,319.5848324556822,190.52115771971185,112.6827673217018,2.4622034817788268,97.98946252522788,163.78145443151556,22.305992188964453,0.266199535879281
1039.589549485585,33.81109475513953,3.351193797486739,19899.32858622013,0.5745410231299941,9.295985272979596,300.36527768525065,201.3077032019839,91.12048070089715,1.6778415321959208,114.16319715097293,123.35654380528476,15.928680728258785,0.20165784944252116
891.4496079982505,20.600886785760416,4.361392710354032,24349.716506385863,0.20740983069838237,9.365381631080849,239.93793467386794,191.92151951276713,62.87681454134784,1.189492617079462,127.21028595525111,111.14716609913205,16.469811910188284,0.1962471964659925
1395.4901012950252,24.371913702406907,1.0699928559495544,15844.999166988597,0.37511090875582753,8.371898866086386,272.5710723130638,206.68899914695527,152.67721091058513,3.2031508429050137,128.49728966635965,234.05514903812724,27.948309478929225,0.38915956142725056
1356.2005807545772,23.113114043085552,1.1960185798850942,15358.262869787142,0.20865079698471753,7.804604939065673,287.6569340736016,205.05037321140725,153.02692443046644,3.4405440208977285,125.48271763877757,253.7219192136528,30.263383221613342,0.4259133270720163
1123.9742781683358,23.572199804985445,3.291081106747783,21750.363592917038,0.3934372192417316,11.903262181260866,252.54729405704504,199.21018319816358,95.37072472497978,1.3140665354218573,127.09085670054672,129.341106593993,18.950218417807445,0.19796538163600746
1305.2199766258527,33.62651827819063,4.277982741544209,19990.35269539005,0.40041895111776726,10.74786538282407,245.13019689032734,198.584215590834,119.82837851965753,1.8144216155107133,135.08011112820915,166.69861904853056,20.59886503418076,0.2791515062039787
1112.5747863632253,27.021035813514352,2.3069555622745344,21574.47912049749,0.32866498855789883,8.044861385216317,279.01948912853067,207.94677931137537,102.06330107889706,2.024255887404138,128.13730636100775,140.1955811755858,16.980069675963993,0.23692613539210994
1174.1514128016559,26.994491194097282,2.3984575952308886,18940.399648200077,0.25286471101000946,10.09104734067698,261.49490979513075,195.76916700836256,114.33205033680437,1.8379892504772164,118.88998900280812,177.83429806752906,23.620017456761,0.2701353786404721
853.47465926961,31.408634636829234,3.3853859899871037,17470.766204144715,0.3505550150937901,6.8869318527672165,278.7884610671821,194.9803992421354,100.9562908298191,2.1059278642291472,96.25459124649345,130.59453414897794,16.4170207576717,0.2223489871994694
1253.1622522980847,22.317383060073887,2.096851556496588,25337.150354705067,0.4689051759730264,5.701185283661309,272.57095479267275,208.78394865651524,107.85499216783012,2.57029682268152,144.84388921312075,119.26390349371874,17.903342797082534,0.19946608209944652
876.6280901811409,27.30898031150076,1.1064334643107365,22718.566744017007,0.5129583234577837,7.467017178869185,293.8393121027309,206.18491673506966,76.33005502669745,1.4639341762883633,109.48507565995077,94.5842746607939,12.273433255683795,0.14105771699081832
1295.640578151517,26.449778211815897,3.9409140724063842,18002.313168740504,0.4123002409552569,7.820809600863759,278.5607017565752,206.4125118613439,136.20674517284655,2.8018224578061095,123.76569257146996,187.1292175685229,24.143549612564076,0.3100098082541216
1269.2168526022315,28.95366035819984,3.5025996517658124,19793.841393899973,0.43593375777590226,5.115759871924696,253.94849728745345,193.90387628551852,130.0981901772854,3.642847686919294,127.5958990838793,162.36325306611369,19.192304676782047,0.28536378237898957
1225.2468186457859,34.99336554875658,3.3230239962226364,23877.11861494989,0.2802465484498611,10.703544011451273,286.35936225687726,192.8659198286187,94.05674557461309,1.4379669693602004,140.43013492435722,137.01683485159134,18.765012739739028,0.22142100265743464
821.6962283148573,31.54173341123071,3.9667365159672925,16083.440224087168,0.3149321332910598,7.51435381672427,239.8963930370856,190.5205909963427,100.58276777531107,2.029436598762625,92.25325195533465,136.83602889713688,16.49912374956998,0.224457023484874
981.8770135671972,25.967985545261406,3.70092335024815,17211.795138992693,0.2647582440209434,9.06292716046103,198.3342451945202,194.7408301783736,107.65335897548357,2.000353465454682,105.9983917163621,163.12295443746962,21.32562066597522,0.2613821129261679
957.8675419465058,32.4132957841107,1.8235279527132846,16098.684061610851,0.29971814000184455,5.517742310896692,150.2836440267831,205.4838098342865,115.66114661179728,3.1434221701399574,102.92294763607585,154.95104109409235,20.62476521977404,0.2885266634359537
1016.0818444829115,22.5606254496872,2.4099241877734046,27184.759990711784,0.28995471209021273,6.224977801254088,261.99282942916864,194.80076837528298,74.22413214260851,1.756247270314838,137.63942222885578,91.79999538461539,12.868914084778144,0.143436771894785
852.5856480583031,20.4569552946344,1.5044405667145,26286.13849818014,0.407779514556495,11.22785607729292,268.1310453217282,204.5820656718975,51.09115469893835,0.8598290177891166,123.12760139554871,90.16977935294175,11.001523976123886,0.15258217903087581
1362.1746938186377,23.066725586964097,1.5194280536715241,26299.693978188858,0.42507550231629176,9.260812695179606,344.40979295514285,195.03816530734844,99.89392784494603,1.6679779169974647,151.5550868206534,133.07249883167353,19.024570635966093,0.21644275712637479
1132.2813444274257,25.106173341713895,3.704782985426157,25744.88015214042,0.5779789683286018,11.651988351193399,222.29566681885512,197.90584995901344,71.91273325276838,1.1048832154139399,138.5505290011094,103.10032741205855,12.54552625020327,0.1571546582095569
983.3145863948141,27.6587113618934,4.434400427929993,25040.78135504804,0.2782282588406092,11.99125024073922,228.82664856566237,209.66324579822816,65.71779345920879,0.9783801023360547,128.60480033832886,102.79421794241149,15.966353870676361,0.16349113743069202
1038.18891024457,29.226937108117998,4.850930335444556,22154.878730672623,0.45667028406459836,7.60302080733166,190.35991626843804,194.89623462568272,97.43682160132352,1.7860438870587543,119.73185588972053,119.40158778059767,13.652272628842539,0.1830334941655979
1068.3215243029013,33.65908575821633,3.5133884701977776,24634.172452606726,0.5269037075950092,7.091621448582922,164.10685904746438,197.52741254596535,89.58459236037025,1.8524525548504853,130.52443435180706,103.59135812535942,15.000893801803917,0.16795665866847548
1160.3566000163703,27.647810143256866,1.7364052934438279,15575.42332181962,0.424096585513221,11.008492386113677,304.56089857234815,196.02174360930428,116.91093077547187,1.9141547285464622,108.45233465897662,179.9240356650804,25.419259268065915,0.2885582575247292
1109.4076566178987,27.51913466938594,1.4226013817957228,24321.96633985177,0.3020014610004303,11.990279989262179,199.936212867865,192.19249972660003,78.94957490916732,1.1399710327458463,133.94843102203419,131.04380418564133,17.7530154335899,0.19245424601992916
1351.6351839286503,20.75364514734473,4.251403886147031,26668.16558305316,0.30502009200800007,9.407488639627202,271.7809722060076,199.7978828426165,103.20164926623308,1.5862521110669014,157.04422675339663,138.24535931339437,17.366089533313,0.22829438546564118
1098.1780897434983,20.52367328984336,3.315025905439997,22505.37540576585,0.21570122122839996,10.565985057580656,287.5546071090963,197.57381326666004,94.60835556785119,1.4362864682253615,129.51832803592237,137.32694396686156,16.938332976800975,0.21071567022343066
1395.2948088939875,28.26739942874558,3.4731400840548794,20362.699926408553,0.32217769061939266,10.472221011706921,244.24733745832953,203.8977417161456,126.14114236032668,2.050732887926077,144.59634170417527,182.0586841712854,22.642401003875758,0.2790781455560533
1310.8549746470576,26.57267919872517,4.125848355018837,19161.40102201469,0.497841471601352,7.487377957536829,325.2704226054383,206.3518909390309,125.49957971064622,2.724509553069643,128.51822238420883,154.34710586486858,23.586190107369962,0.2479615769697156
925.1063086144015,32.58770592470448,3.8131089109298064,24642.030752431237,0.21900710288284417,9.01989266179961,238.75896819594576,200.88499428991278,71.20400458405484,1.318169940459393,127.3830406686736,109.94538333488708,13.012103576484337,0.19985931602527943
1358.3571287863497,22.41019377067768,4.337833011424387,25392.017979448632,0.2877181130019323,10.831398588849495,206.98172460835303,190.64392844174674,100.88520894375092,1.465870936264346,149.47832187551202,147.86811784411776,20.4105123192764,0.2166802447101317
869.8198387312857,20.374574931755745,1.224855621839514,28064.51399793814,0.4824929994127128,9.81679713382739,329.2031045923245,202.37844712469445,47.75646109768404,0.8988533958445626,127.42403906267143,74.28236556810964,10.291708961415406,0.12477331319830799
1290.469825094715,26.73558151895189,3.9900825469860193,20135.011236914863,0.5130606251291506,5.148146697874267,322.3128568499913,191.10781460041878,135.00776817875078,3.82208631070337,127.9634864496568,158.87114064541893,28.247099642404322,0.26901121136496925
1028.373976085948,23.562178351283862,4.403411029288382,26546.584610783782,0.3821273640247713,7.356939682282734,182.8079894152826,202.3271264719805,74.59331237289219,1.6057092318214379,133.7015224905314,93.3589525125198,14.062683710436367,0.15259423937181849
1326.7845922670417,20.744215600082562,2.1445401698332573,23420.33736284007,0.4792297353914595,6.011329876162238,155.19220367078418,203.70059898538378,115.03257377369182,2.827431264739162,143.51071758134484,134.8610900080913,18.369205073041726,0.2366052569463319
1320.8340140644702,30.868974302714435,3.5617890959730114,28242.547360171186,0.3551808674619568,6.630805484546274,167.99711126992415,193.95535255235038,98.5830785917558,2.1502793693971936,160.72110004800726,118.8285481768967,14.472629617359402,0.20529380310770617
1283.5552400705726,21.673894999358712,2.2566482553478884,22917.18162443431,0.263965298009651,11.33842634243928,207.3094797107634,206.38692297443544,107.65187706264562,1.4956207528279866,142.49464081666153,154.17813515909154,20.394695548463485,0.23941644607529927
1274.0182617842368,29.124792500116577,4.831884265929816,22764.44742596951,0.3592597974091626,5.258253022375377,344.45196034834214,208.22170263148098,116.30324994111179,3.189534591633641,138.89225177669263,147.25647831454404,20.84660657559783,0.23920182332181952
982.8074834588244,24.215746252503337,1.133694289742015,23668.156221613637,0.43198712808125717,6.538604983733466,261.703230632165,206.26173928227638,89.88539356463895,1.838876540075751,122.2314006737267,106.32749624523565,11.275632130008855,0.18410141950561737
848.5515698307513,22.60244075532533,3.31917137533182,26239.730327136516,0.5792213127411561,7.16698546566762,224.65234640585376,196.10218380424163,57.80924323804856,1.3401144896704236,123.1711649825103,71.77832637938066,8.93929724880831,0.12659240639586866
1041.788107259097,25.696272843789764,1.6660141881980604,29470.357182426917,0.22750038083547094,9.318188503764764,327.74321892254926,201.7328602489127,61.171967788667224,1.1692715117080998,151.64836317860423,95.86685649729297,13.157811028531922,0.15264330477513857
904.1147089919052,32.0216866433443,3.8488808207086347,16103.450313236484,0.4029576375379842,8.738711830601058,240.62726629569994,208.29630298382455,97.8806664534762,1.9212906268438412,96.78298032572137,151.89340069330413,18.91721403121008,0.25147245114647837
1216.970653341477,25.88140365356859,1.7035611336746483,15801.519035865258,0.33156791128428975,6.527886379973703,213.04772568020422,196.413294524457,142.22582761192683,3.584518637430757,117.32800376696318,217.6518919909707,30.727465139643478,0.3578647295510083
1007.6598359226714,31.261544738165835,1.9415330475934303,29063.255061110078,0.4033246777106778,6.149687470562081,338.2439057491315,206.4005564453085,67.40729543697572,1.7105499523616523,142.28622587262132,89.29044008491196,9.419105952309975,0.1427707840006366
1385.366120515949,21.88229445198726,2.9774832441830323,22948.134382773093,0.2095901789506127,6.657586242172831,319.9035332385356,190.18950262523393,129.23796745807581,2.676423440828193,150.3335275079482,169.15377172377686,25.22510477485465,0.2805345138051579
1184.583246407199,31.591571294976188,4.659339799987512,24223.54521850404,0.3252101418806325,8.517707386911589,318.7336750838882,190.07293405569354,94.95855108125023,1.656411273910418,136.53838475551436,138.418568816004,20.497949074832245,0.22938229337402538
1293.4883381806167,23.55399987359973,1.8468574885918834,22236.354023920932,0.527947259010802,6.898244499978424,252.45694861004262,205.19423320677936,115.25756755766737,2.5219144014633796,135.42288091715352,129.77306741613913,21.515443749587593,0.2229712478343668
879.514803645109,30.16089694833309,1.576960084472414,16404.861789112118,0.421576693541855,11.633217511254056,307.887679763091,205.22895164254243,88.74595502794787,1.3563740343472968,96.45276206300623,133.72469336871197,14.665939102424032,0.21924240719730764
1317.2086893635735,28.486723322614946,4.035907327416123,26521.34067628,0.380232997126447,8.247056550001933,185.8706718529104,205.77954375704587,99.81581042893224,1.823496747856226,155.31803032192167,125.23515031466954,18.633182451202913,0.19848190421767534
1353.6543143080366,33.93717075817531,3.002478129335724,26208.369676328803,0.31421002868613584,5.41157211581246,264.64459151124873,208.60053675776325,112.46783568212057,2.827384657772547,153.4949490139012,133.51518426051427,18.34113335836776,0.24436543421607942
1092.2371512913614,25.80983776962971,4.647140449527086,19675.54982239218,0.3192170091165424,10.104864840856433,346.76918456950915,192.3581262364057,98.29766673969199,1.6173199615201084,115.70602518582983,147.88677693770373,16.882470610225855,0.23457955646837042
1163.7517626505864,20.992477832516606,1.5864582286393691,19593.588678426007,0.3532405734362338,7.3019170174629275,208.19168610359233,194.63969969967377,125.57824063962511,2.4928832868630297,122.3107343398872,152.1727124173777,21.392340794612807,0.25199874497993097
1258.8858805417972,20.287332283268793,3.5837115720921573,27567.62071358278,0.5342282839858241,9.574422524407733,308.87046584953504,208.07449840747614,79.5312003994784,1.438265536216325,152.24285214216528,107.15930859077818,13.125284735418909,0.16193505915615183
904.9031763562475,32.4028784145913,1.9315165846072602,16085.3588661199,0.5868852827233073,6.957160593662624,248.09568144161346,193.54472395544707,105.03503999295627,2.390694885968691,90.57919675670924,127.330511148244,20.430745027623765,0.21296416401908008
1101.5396458780656,27.871034564921484,1.6270417146065572,28216.57722534849,0.3754621525401498,8.995206192133239,157.96113664441748,203.64458535153167,66.4613141151571,1.302866948128869,142.756338356364,98.36520061831978,14.212247864705288,0.16589884777728353
1039.1978166633878,31.62866077752424,3.733717660629082,18849.925348438715,0.35734113549910473,10.405067533652254,302.6038795631335,200.6092600008163,93.77493448515726,1.6584617032319624,113.85336518473507,143.04328602981474,16.640568704980023,0.23877465220396837
887.8243952973495,23.51638400017272,3.374738479634933,23894.77121633241,0.5386203103279451,11.496061192421877,183.71382887842256,191.66387353703016,59.35800040316409,0.9842977705493445,116.6425302063961,85.72324162219546,10.158056734366905,0.15404724751065446
1020.5206533749189,25.176256182698506,4.019309833449325,29039.912685026666,0.37076212825452143,6.827890011031539,276.29471342655006,195.70527323883067,68.31139822875589,1.5736970806311885,143.97847829686376,95.65671771979459,12.356054424650791,0.16442439634425837
840.9033856312961,20.451558083169783,2.2378503057847294,25171.837523049697,0.4208072689182605,7.343998656992868,167.13283880939457,200.40744432881937,68.3303102376812,1.3270337722677035,117.20015315236179,83.66637583946375,12.014924591535802,0.14153903343986968
815.4871441696922,34.42238486861169,2.7918866255287598,21216.44718700555,0.2923766658394978,8.249864942001578,339.37347949919297,207.0470023336767,79.12956660750253,1.4490367679909508,107.54296303526837,109.13976246728207,17.07430287559033,0.17373706026568944
881.0997734928936,30.0180186005122,2.621886705321674,25343.013133581226,0.4974010143116301,11.490223864151922,208.34477743607218,204.1507697922935,53.05880304510978,1.0236412091996796,123.82438140044904,86.51436672619091,12.547418234665322,0.1333905580989531
1377.8690669535044,33.99807631638959,4.936357855866056,20159.69454474555,0.4127953273083127,11.3097079976746,195.292938335479,202.43766322909866,118.33560657544811,1.7734101757958713,134.57350535454864,176.42855489449158,23.683916855544858,0.2920794192463776
1129.7177215370102,23.982446111436083,2.1689958269575516,19158.876245237792,0.5236138200961367,5.629147960704466,175.82728081326687,199.9206577988283,122.17640587804429,3.0834285540874373,120.35930931911248,146.22920572883197,20.951151228760256,0.2596887976515114
1379.4932966919318,29.171954168384914,2.1792689533870675,29950.249169020193,0.5122930920114679,5.923508780276676,339.2004386678095,195.9736796762827,99.12356558328437,2.34149045154217,162.8011149566271,104.03988744152016,12.70636817276942,0.16870460866921422
1059.4987269980793,30.177499524389567,2.4181928353144295,26261.853467696816,0.28600190730801145,8.468564241314468,292.380748488261,192.38489822638522,75.44275225569096,1.472953948537298,139.76421856811024,108.27235602948906,17.281203915066513,0.1843690324011414
987.0896798511558,24.76324550386383,3.258376325161286,24670.799660727265,0.48625422022310494,5.746334909637964,298.33217774361776,198.1815206913219,83.30467459495087,2.0842634460638747,125.19804944947832,105.72152230600582,14.22790255634522,0.1859287548336059
1103.6851177041465,32.721638525234454,2.009290977054981,20329.34464828978,0.5200217631805486,7.419066113440882,249.88091227604892,190.57036987822585,105.78880509085992,2.142639396893558,117.11899804413196,127.27082908216856,21.754451214694793,0.20119454874204648
1063.7070131797461,34.20742194350372,4.661159761517096,15737.412437325722,0.33844289631295804,6.038697647522344,244.9455570540967,194.22111778533701,126.86206959823106,3.352462339052504,104.96421656376238,165.61439867665305,23.7903360462544,0.28735078945339637
863.3988105570463,33.272826765440065,2.062742259465054,15465.853140527333,0.26904364516090984,9.4522824859232,172.00424859829533,198.6496675174532,104.42031148445744,1.8017349230544624,95.25569175394912,153.59732425425486,24.691979276339875,0.23791787101710885
1184.4957888141237,31.08600463909059,4.583262926240779,23312.71883173198,0.20105286223183527,11.646468022174133,261.96821911679837,198.3721037134383,96.88848377022862,1.2884313065832187,137.97840290076283,146.91900827735537,20.71724243053935,0.20896989580513037
929.6229095057597,24.16197019587431,1.4139002545863386,26430.490815585767,0.3803614612372592,11.97713639206067,199.3832990217581,190.88590861993984,53.83400309883279,0.9113504596298905,131.60036392143067,78.06086684243225,7.6875503328594466,0.12460378072302679
1171.7527729386977,24.224240631584475,3.6262508095986092,23060.687856657827,0.34097309261553665,7.626687927478404,345.4290665600812,201.78120307050582,102.67286476571256,2.056941976731784,137.24411367893205,141.5464444913119,18.308713780039533,0.23546723355683558
1190.120655438892,34.45040480669057,4.627942073752974,27611.776079086718,0.4219639335301636,9.193088459802286,309.3161880030295,200.99368511706473,85.14208601114588,1.4185657110029972,145.54704723000555,105.25766094738832,14.893709835338806,0.17092144048228133
891.2149118771889,20.15426743903538,1.6749977535929181,15501.397996398324,0.2752164370355143,10.99387357466857,232.59841203857752,191.56208608041825,102.5163172957244,1.5674550386317665,93.3363038564729,160.30234617381197,19.277927303346267,0.28479913781891536
836.809776266401,30.740749598632167,4.87330784039702,20501.2811463891,0.54386621906659,5.822234509574688,180.26825173830662,208.8632610492088,85.18080853808895,2.144651367327572,100.94484918191083,93.96713326197528,13.577713709641051,0.16618572585858837
1268.4569516410638,30.593692438328933,2.8115334416620468,18556.05586761267,0.30310208625124385,9.826950877363755,307.0663382277568,191.9876555790172,119.50638070288876,2.0440511929597416,125.43066121543717,179.15302406017602,21.158874063880965,0.2906414662128485
1075.8802542615922,29.340343114246963,4.782860433764098,21709.09452235683,0.29057184203506,7.861905632075478,174.4107534162632,207.0966830247467,101.62769137610343,1.8433695631301343,127.5299502338796,130.1954435572462,18.557293356866214,0.21802277400031156
834.8982773032855,34.85163269130299,3.707280174520188,16085.645897911838,0.39228562259374233,6.443023121961149,187.8667506994141,190.00619463830012,105.71772994264305,2.4033929966677214,93.58727389435998,128.83770404622828,19.239258617131586,0.21287729599201866
1396.9197903018603,24.678191536455877,2.206347479494206,29311.974623566086,0.3995404094977097,7.8192753312320935,192.3041035488455,207.64562190090766,88.76268356405748,1.8038478354805534,164.66795000049936,127.46523788047315,15.290014901150212,0.21853112579645065
834.66833659782,25.099577956898724,1.7532100996684257,18348.831016040414,0.28603409151403714,5.531722008754418,261.3781276546189,190.39439464408625,100.16458671805222,2.4268175410510677,100.81387669003422,124.00861666422772,21.81436485754622,0.2138911198686233
1217.021137315132,21.184091044198333,2.2149401849003976,28834.616632253772,0.3087442906903663,9.867850040125141,307.41133079807327,205.15624063784233,77.16492393477681,1.3746888612649117,157.70256478564562,111.60305668219355,15.228464971918546,0.18430319067486436
1390.2073551580481,26.641972048156063,1.3720696370507,21388.397325550228,0.267882095662098,6.769198681239171,212.86297574493844,197.23381622600505,133.23727186467528,2.989215419080909,147.37542355316035,175.46223263128238,23.06247862743079,0.28684430090906327
943.5080625295553,23.91572789352272,1.575471865373319,29782.86199882827,0.4873840713292667,7.179839515314146,166.93396285505787,204.7643360027264,51.77493480152916,1.3060029689952861,139.16707734520472,82.65117045242648,7.4950098203860165,0.12139348210410167
885.3496212123177,25.15080053266466,1.4186417613859246,23310.87575190316,0.5080356125016328,5.847569087690239,242.90769270488386,198.03490410849957,78.28997551718165,1.9530935712752366,110.11450797282924,97.98496043400314,14.22188065488912,0.16149451547298416
872.8309636534573,32.51857685383442,2.691774174966231,28962.492962637112,0.38493139898371304,11.052613797229242,299.6220482319871,191.41815844663682,46.02432023544471,0.8086025082053507,134.07793991188305,83.79999265607024,9.86496796569449,0.1366123526287578
981.9650885405573,34.032267702912435,4.182313505030345,15080.234830413343,0.48563480907400697,8.45410995497917,194.33276861747765,205.3501339079073,111.64169710413259,2.3660629463647167,98.74358392664607,160.23731585132882,23.316402851009798,0.25956960844319094
860.6274866063881,22.785996080077783,1.5655342168653608,26223.5820927135,0.4943741567749782,9.005028144504802,193.98490960787484,191.4250537064273,58.556298531086505,1.1586327013006443,123.34204775461124,80.50977468960235,10.838545327711172,0.13526826071808368
1215.296805016479,25.587633973301987,1.5212817326893435,28545.75979653773,0.25531021107112345,8.986028781663983,339.4454054693422,208.44240871922437,80.71038904227893,1.3324644399338348,156.17846436200463,112.76477349050322,13.09057543808512,0.18014818586653011
837.3750788780376,33.92945843173091,3.573715798069323,17095.80850468431,0.5864712099338147,7.873451801789392,340.83074542383554,191.01948071583323,93.90701205420977,1.890122080829636,93.44699284664874,109.54928906851703,19.617940682173305,0.18753094925733715
1105.6532768898737,20.92712691033834,1.788731927872265,16441.88777598227,0.5284127788385724,6.347709408066976,348.09314641231526,199.5865055554303,124.13482758205302,3.1127877452267394,105.26937742379691,154.9143653334936,23.195185192258105,0.2537311841937547
1398.0181123117861,21.385407921670677,1.3904401524359664,21368.589107789332,0.2817933844783294,10.2159292394888,311.531920314956,204.4606886170159,125.11969275523829,2.0091478941817247,141.9874764281733,170.73149946705377,23.159877954586648,0.2781176282612487
1288.3821617036112,22.44186483809344,1.6673943128223105,29005.183591994028,0.2744660142984281,5.889393857503721,187.6368338335891,197.86492929584077,96.79761809516164,2.2846746979086934,159.55918588946201,127.91969445620427,18.306662067008748,0.20831674719987936
1169.1316629386065,28.92819251190312,4.694925583507104,23135.79840285658,0.2502644582318331,5.7271165319516735,192.39630415985226,194.3446694918487,112.4168929898802,2.605894841759941,137.93215766788532,137.99312197646577,20.980885110430993,0.21766580196099172
983.752172471967,22.257084065089963,4.285885011104764,22911.846955825982,0.25535142501676733,9.971015263175524,218.0450483044784,205.18181922792053,74.1674780555099,1.2797702144651728,122.3986317039032,125.83398958008394,13.142404183060638,0.1998971452844939
1174.3375017749831,34.521145721761,2.4162582494203764,17116.891774489828,0.49926471961147845,6.4618591431638865,213.6265062666982,205.68589409577453,123.59246029969523,3.170715097109697,115.2337599021316,169.14609139972347,23.734472575879117,0.3007894638088626
1116.2248783469909,26.700717908877806,3.6232830693095712,15011.842666398281,0.3878617027806494,7.147409259469827,341.3055498156018,208.45389967908733,132.4646480456395,3.1472307058211864,106.79848034614695,194.57977796553973,25.263307134306558,0.30875620992806163
1055.650030334223,27.522769405252497,3.1491026946721523,27152.101361181918,0.5131736690959469,8.326592269012181,307.8147965763387,197.52330220862154,65.0262320347082,1.4528773774051373,140.27009539731822,95.55483886112887,13.861085642926469,0.15905495456968666
878.4262260441196,23.6998792370811,3.7084970539302557,16313.618444793574,0.49850195774008216,8.145459217106824,294.80175843231075,200.12503468994655,97.80572869173274,1.9257629689643374,94.08553997466784,126.28335285467159,16.44676267449979,0.216658429604293
1331.9625291442799,27.064403786521,3.7306846098510373,24507.74728102986,0.44184508540208867,9.960053875454994,187.19264481162637,197.26256885692143,102.96555264134905,1.7289358471379384,143.3038004741625,144.78299072677743,18.610479759255952,0.25746415141299006
1069.8707892927935,29.928704489555173,3.5149360602399717,28719.24681772787,0.4745466426314718,9.364022554103528,331.9051118724659,195.14163643702736,61.343962837661216,1.2737698425239752,144.52552910107272,91.13934797991065,15.524407062533864,0.14451739057063887
916.773507092459,31.26765705431064,2.0644054741492344,18129.778697376467,0.20734228975165672,9.51077313597306,315.5740759012348,205.02065923075216,95.2366514377818,1.5512863285435985,110.5617225946701,146.54936340807376,21.804705369432718,0.22901690235150352
1020.6556105263737,31.308021240648696,1.1560256830512725,24979.092543553663,0.3247110587220088,9.9983803145882,182.72836826558475,196.7930369003391,76.268019255415,1.229650541811326,132.73071507114616,106.27936934939726,8.012668728450365,0.16004863748281647
1048.4778515173562,28.668366690411325,2.822267127960435,16180.478650612642,0.4551288717037641,7.048289091964257,324.2340663921945,198.56298883984704,122.42153219148283,2.843611427372965,103.04785078370202,155.51379007822658,24.548349746505377,0.2731119627395317
1296.5227373401246,33.56539662490786,4.563895538762815,24056.327157564192,0.2037379813944977,7.256333182603315,204.44950727409426,198.07347315248055,111.74263041089011,2.2898494452788785,144.74038423382467,157.28258095512663,21.37471285676583,0.250148222593088
1240.1686283368413,32.261117709591645,3.2779890340743036,17458.975814298043,0.21319077747303739,8.065984235268878,166.1739491664212,204.2532245129349,131.59233044929402,2.6251205710844703,121.68324581399423,204.1642900705924,25.444165515792893,0.3287916764989798
1261.5829361848039,31.35572172047938,4.329564166807632,26039.303407727668,0.5407551929881533,7.152235211234682,281.364461302842,208.3559125222136,94.91965821227343,2.072914480337077,149.70818226021302,109.17198451581942,14.312981946832128,0.16599774280338736
806.6187586571883,20.83408282520691,4.966497371844913,19518.469421908623,0.4736099446768287,11.894565082796044,280.76093187686615,203.33512122614755,62.10177719395591,1.192165936312372,99.19372973396187,93.73503031740542,10.56870934434893,0.16136392326601712
1049.6923989078568,20.103169433294738,1.654464816553105,21950.865132069695,0.30614789324813757,10.698363484950008,168.98640191312361,199.43165192188465,88.87594242456808,1.3462133461999415,122.91663414430238,123.25064737824981,15.610255294708603,0.2099206873371544
1088.8064909811942,23.186709157932093,3.7671105565679293,23991.458130414325,0.4751851360474836,6.152582817792207,213.77036178731646,205.58410229477767,96.86945372980935,2.1812474861412836,129.85811352114789,116.70196363247298,14.8314482216189,0.20532317094596594
811.515366093834,29.952853908701783,3.6971742948000985,17569.101159993596,0.5169826676557052,5.039159091173087,348.5628924511077,202.81942648244274,100.35277730378495,2.7584797611354444,93.00967133356384,106.53445255012677,13.841779066167653,0.17133322362300743
955.8879252470206,26.167962333238187,4.919821789433113,26124.567279264313,0.3227177132440405,5.299482877730875,285.68533340174736,191.21220714235628,76.56654212777896,2.0836401302446945,134.02151237352857,96.49924508839692,11.764502675606249,0.17165677934283538
1256.173893873281,26.036093889489678,4.942402935811201,19539.60510955222,0.214414950999675,6.708444157300477,296.0150333206658,191.91327172837683,126.72850437293104,2.8487438884807395,128.74406971402576,190.92012744827278,26.05867825582768,0.2981409262099765
882.2658234373994,33.2688033234442,3.746714446896518,24935.577898691303,0.5731116498750938,5.800039000857996,192.58345712086114,190.75833888147267,70.86407915729993,1.8521624519001807,121.50729481751236,75.16667005661174,11.78264023425453,0.13185203262456183
1121.1860788715549,33.433442721977585,1.974459167928777,17374.245760490605,0.3380719353182522,8.733366804248005,165.75641420078287,199.1363265241264,120.93604599706786,2.154002245912308,114.56700717689348,167.95975392061715,24.223376896518513,0.2755304291398868
929.1211232103425,33.63762896080379,4.194223352522396,25321.764888095255,0.24259270531388255,11.00596655909151,205.38033794818753,206.51706868677928,64.92863909792877,0.966887787993378,130.48772450405346,99.33028483620836,13.007974236310861,0.161766137315329
807.272464786336,24.70817114772541,1.4281165368441524,16922.821092156926,0.39674274855725894,10.157251546392592,199.7796770386384,196.26166338702703,87.42454175944086,1.4468519924276364,96.41890802276015,130.45910595990122,14.817333156257783,0.2155035441905029
944.7208745597248,30.36583719108893,4.122797216686514,21380.347444049752,0.5073871182656535,6.509263441575333,196.90882014961062,197.68320366184963,93.25344902734587,1.948727125995026,113.38308329957412,115.49205366461621,17.688522062344177,0.19264501572128187
1385.5242529460322,24.074497719115545,4.640784496578785,18708.091106083153,0.2886589258470237,7.795094792180501,188.55086437740792,208.1895421673578,138.48894576963622,2.8954185894955256,134.2957173881077,206.54533088574928,25.59336357468101,0.31914788709629366
1280.9222671297937,22.859147496116748,2.531333579073741,26225.62874142274,0.30779602005334533,8.555259466718944,264.9511381310809,206.7380689063331,97.89888001474763,1.6121152784821282,151.04763961498588,136.15897004405096,20.017856608681758,0.22571081793889305
1375.74598659262,22.769486860210538,3.522541179932322,18930.525067603117,0.29708599471943326,10.671440946523349,215.62069516836436,203.3009622476512,135.04281232424825,1.956459254840699,134.6905031335648,195.10875875895374,24.08028568074224,0.31320381209811504
1092.7124263558176,25.13161431295391,2.720570928387305,28225.759595930944,0.5966692211326712,10.873851221743154,314.0690030095061,195.336075641845,60.29570853112403,1.0431171157245795,137.97605314067437,96.66075727475295,11.181564011663108,0.14639610915566287
865.8417192065021,26.449364296697325,2.751060219952514,28377.303171099193,0.278961493492217,11.368028183354433,186.7894835694768,192.34082965376888,40.93121672638107,0.8195427001327353,136.0029510108746,85.35756823354107,9.380319515657941,0.12053780514027287
1128.7756933842159,32.464237565826025,2.24148355643248,17946.619728341786,0.4302080867864496,8.564716753520127,242.9254141737089,190.32117645360228,113.49695320617201,2.2693582477805556,115.60484952104395,162.24007640862007,23.407771971297265,0.2814539189499793
1072.6264007359764,21.798366402090682,4.048518481801299,24207.689175115862,0.5701058566627857,9.859923225051041,152.731567285216,192.1402134520884,75.90919300370186,1.3510455825155192,126.10286534946226,100.8446093797948,14.492298694934522,0.17709037527775423
1306.6142496437697,31.02388771092341,4.744706256666021,16315.764625799464,0.2587586275511117,5.78260259863756,246.3364644910384,195.85192887247885,150.88073137491034,4.142355065540343,119.32772280236108,221.76977682931505,29.852043300639885,0.38113778997245057
858.8495484705468,27.97182371283958,4.7630034369378444,20873.056494024437,0.5883416791470801,8.957022719677875,161.16764417529487,201.03580127158992,72.4784906335099,1.407104096892564,100.66981873723923,101.25049266849254,17.669656234270807,0.15918378085931742
1092.944682213067,24.31918014013989,1.6991251394997353,25699.825942519084,0.5789908937582497,6.7408426662979455,345.5447023745287,191.28000165504773,84.57647451362459,1.8491257782708466,135.53225622734251,99.38934927084196,11.043299580307034,0.14240532616685622
890.0291988163906,27.39229376799237,4.498974598626264,24891.348702748743,0.5538287948233049,8.022018195186277,308.11842573008255,192.724555566369,63.186406944833294,1.344161735921217,118.5304109780659,89.9930674228515,10.177602664013682,0.15607801024784176
994.805556134036,24.49913104665534,3.9497257657084885,24370.51004109912,0.2858226085320009,9.438353558147035,248.0222953272911,193.6216140461588,71.64881142739095,1.2375014863001534,127.60272302714925,113.23314503403499,12.628179560836093,0.18589160015260475
1242.4142464326799,28.94122932857459,2.011349602761157,19238.112954936652,0.4536220224043933,6.798901564976468,167.31747163587005,202.6396418596661,126.31554457712306,2.85374626735087,126.4311718437825,155.54448600598909,19.00749782680442,0.25810756859177053
1085.61087762126,26.50765884282866,1.2691384516860582,20670.37424151603,0.5043565891844961,5.365295404577328,268.48908815808284,202.31579597960248,109.28585506706803,2.9301667972028356,118.55033023185268,122.76551919184665,17.12507091494112,0.2246980098267771
1025.5329710874616,22.46608293618318,2.071989067537512,16544.19217050429,0.5944111712785718,5.0716369948613025,301.7527501403755,201.01531452744305,120.57133775282557,3.626501603556378,103.34143603968903,139.9211070669143,22.2149339131726,0.2546266519755637
1036.6857671420212,21.74874611833545,4.6488329471261025,25785.342306504015,0.2721695288325482,5.1551167488116505,188.14345060094905,195.01002849391878,87.23264733618414,2.3479348424868465,135.66515814429854,108.0138850302693,14.436427792284771,0.1872611308525809
1075.668061043592,28.200435231081954,3.532714699583089,22558.331951869102,0.5064103598077185,5.058448162596387,263.64166815749815,197.42239382437464,98.9346125764252,2.8359003698858443,124.45066495480856,108.41485400765661,15.921951382753926,0.1913318688890545
1271.0099263022341,33.53619549929155,3.8842186435914874,25631.484485184817,0.33552046797084517,5.772485395905129,312.8421796765736,191.93379432675485,109.04149045477415,2.6358864884313133,144.97674120274283,138.06779407706387,16.323633106786477,0.23397023317590576
1335.2508133641406,25.159365298365284,2.0286094044363834,18734.15287195309,0.27025058622720094,6.676421001990909,303.64955552926324,194.5292120751611,144.35874570203652,3.1223451146608907,130.62428591142196,194.53244176817182,25.518243847295974,0.3298215125272141
1373.200811902357,30.99500160833935,3.877552622299281,19866.573429525994,0.36855077648554196,6.548550599276094,310.5984035734306,207.9541045294516,137.138616054088,3.162753401644411,137.66857808660998,181.11925198944644,24.53723201230759,0.2947316485351839
1272.142031753177,29.879920324096503,1.112486025111695,20013.230058901718,0.5175343648594466,11.907576159259278,325.86468497394395,209.59383492871657,109.64020213535372,1.5634476374601345,127.24115297927595,152.25347889830388,22.236295327786838,0.24827452593990754
989.2441374488076,33.97332371464221,2.501285383092055,15386.136146208242,0.3859399214816208,7.142042736462603,337.53642043189404,202.9531917128059,117.37773809326235,2.7441655908153955,102.13469697489785,163.09956626612737,19.088351552914737,0.26288509586264913
1212.8808236519253,32.314715259487116,3.507013394169325,20115.718092459352,0.4150092400812194,5.891945483515793,231.1042310407072,208.3364658404684,118.08948894104306,3.107743308022454,131.58766774326207,160.16167993356794,21.350076018526604,0.28468550469809883
1062.561874433235,28.499078883581944,1.584386262165281,27049.5686027705,0.5980637640800485,8.818937809174306,263.75382050457546,202.8548380080285,71.91649383624744,1.36167827577613,137.24423241478752,82.52772569939255,14.529173622988981,0.14272965702260249
952.8023732276307,29.85545747351161,4.292014297787739,28459.477436246078,0.3596437198229704,11.005702187782559,308.1319052091222,190.6639297221094,54.42956560295385,0.8774061145973808,140.13758268778182,89.17680121920549,10.59834277452622,0.13565698035839277
1304.5229476555537,33.47579699876052,1.9401251952476746,22773.27473453891,0.44616030188369593,9.746422637513726,289.4279627891566,209.93525169972818,110.28381447615467,1.807476270720425,141.34025101128663,143.64450602415351,16.083142811787297,0.23434747998373204
823.055809377395,25.992781768804022,3.609124451273785,21832.525428288303,0.34609768064614876,7.072574623948152,349.10404565287575,191.9790460337307,78.05940733101764,1.5225691630460314,108.620935592472,99.48843030048971,16.76217856521697,0.15592047328091446
1341.0571952812543,24.901920587866663,2.6207885703013187,15462.369280490553,0.357114258531482,8.931313118540185,152.73553022092884,203.65283602890122,146.70061422631613,2.8264807336807665,121.89412900998953,221.49640980058084,30.925555807228424,0.3755505504146868
1076.8864787748405,20.162166254527946,3.3841743819105887,28188.06506378074,0.4782563013781632,10.003991819402863,221.02664306315813,195.0567240614958,67.27170674100431,1.0818581017600823,146.03018128935506,97.3719070100509,14.910283450242,0.17310520137738927
1182.3208860849682,32.398266112871966,1.4298022105156325,15195.153201388091,0.5751547904379534,10.096731446574196,206.2055852540405,197.8396222581392,128.69545284848323,2.310235219854778,106.85028342743816,181.10298444289012,21.29630768981908,0.3017190656885114
1195.6123533234695,32.01471050605048,1.0676511996864293,29171.251203153177,0.41694358019692856,9.665769187083821,202.4631700331069,202.91868369601877,76.54950613525185,1.3058550517962828,150.9176865081576,100.43515040795499,17.183683975150977,0.1792778418064411
1337.0706444239217,21.566817771502272,4.638257709521205,22338.24373032136,0.5073599715795118,11.095672973429327,194.50595649977714,198.72974698615414,107.74062840009022,1.469550176761445,137.36018143647615,146.48619700663954,18.791593862315988,0.23594275676629878
1182.0018093003243,28.652860716990503,2.078520035068731,20129.0174036209,0.23568262352678554,11.09073820840873,291.8247681630458,195.01092117862257,103.95346636051059,1.6545242974851921,127.33686264831329,167.63931785257626,20.70854484860649,0.27563934542546425
1168.360150856037,26.95972547250331,4.278708011121836,28863.2765226399,0.2844632149727708,9.052555915849023,166.95189465506436,196.68892373756648,77.31935033249647,1.348026165523254,150.4175462174042,104.7064214073549,13.156507407204103,0.18278713898536245
839.991224336414,21.780636432636673,4.997401201888801,15365.86489665145,0.400852656367813,8.008994583778486,298.3217667886677,196.83096233846354,102.86144591252766,1.9692862186740072,93.83231715949647,135.60087951221726,20.970860397890007,0.2230367454999068
1111.0448131671224,34.70852340591085,1.8457250319956446,23721.373423036304,0.20800468945150993,9.490992068955698,288.6851684032547,209.1864780901643,94.6025588229534,1.4855234125536052,135.1394517865462,139.98292969228063,18.40724237620813,0.22554066723713045
890.1014004902249,23.220438311950332,2.0606829647334224,23233.987867490065,0.3011419915050235,10.727484009593242,200.16082650017927,205.972260318469,73.02955829325008,1.125995342427742,120.53437037882935,105.68113840871565,15.26033780133251,0.17911822705163988
1242.4602612328913,21.008512701358416,3.6514391505386627,18289.80601817073,0.40696051592998644,5.039564733888293,200.56675663303224,199.170975429588,135.11884338184234,4.073883474316705,122.71529520837647,170.327462493825,24.587506515822124,0.3026950081398645
1107.3331524876048,28.922710692528643,4.861794538402485,21433.31147025316,0.20598447930252028,11.943979063103958,275.77211706890046,193.99641840682727,100.27807263694885,1.3526146413008686,125.36976197496573,144.0055904516057,19.352609039698525,0.2219799248884067
1208.136667525012,31.08300015699549,4.663257392762976,24783.960089156553,0.3058185144904167,6.280256406304394,302.43422109673554,206.22032220525313,99.36145915178162,2.260257379497667,139.63401471074758,129.56028537704185,16.420171434813483,0.19507470814782474
825.0037403614306,20.486651690707806,3.0115020802623396,25906.967953228912,0.4056123277903478,8.291742899619834,325.29712261747306,193.14364943216748,58.89301518233152,1.1314649466256728,119.32095988016113,79.01448321039118,14.656881046033346,0.128081093655873
850.8752096274819,29.880764580905332,4.180441130106899,15010.752880598697,0.4292596991924983,11.104208143900067,320.42791277089515,194.20924434284007,92.24237775197633,1.4851950559414797,90.34092671961095,138.228487185948,15.51088193802349,0.20122553954608502
1229.7940328376094,27.98437813927182,1.5429834123996042,29052.80145136523,0.5703006772221222,6.575282793309396,342.9765988327706,197.32026783680303,77.6167292264869,2.0171854300299104,153.43130202955635,88.12098492710058,14.083525080356369,0.1424431583298945
843.2506015992041,21.548975133125726,4.909752736816049,17467.880585892184,0.4581382493002431,8.337566567302682,266.27697906730225,207.6069639170398,91.24024398354923,1.7689624119171146,97.33299626024251,124.7918674062286,18.035882095396786,0.1961345556565102
842.7540366591552,22.58785815419543,4.857412936143946,18503.706513335386,0.3658943210119975,5.928075261268254,331.7311122680719,192.6357333726822,92.35940694667484,2.447237572471332,97.61060155681179,123.93410223345083,19.612193306714904,0.20468710596548828
807.2650851409325,28.519614459741206,1.6549158315166839,18952.101685407724,0.5721404708532272,7.765534277717348,311.7026546520822,192.44468385709052,81.62175497673799,1.6221605139514177,96.70928473008418,90.94524320444732,16.58153991925338,0.16084385138782056
1373.9008389796882,24.445364202699324,2.1976924992124265,15567.30204828053,0.5139531933551177,6.239948183551018,328.93352486280276,199.8794997661053,152.48726664157778,4.206856919296519,119.37453492151131,210.52456697049413,28.766169490132203,0.36823221505600906
1242.5050156754041,34.074735929769744,1.4006199900270677,16845.781853854874,0.28000356844509905,7.545394241398099,152.32532025707332,195.5282108218735,139.56169413027845,2.9254145491882406,121.69052491058146,198.46939716605723,28.103275915556363,0.33204564843904033
1011.9508451012384,32.28110344226076,2.086870395592719,29795.24884416243,0.25233694453952793,7.614249517549054,343.1805983731622,201.3745588329632,59.48233783473219,1.4070732603950775,147.2758971814636,93.6629622242577,15.781371425624208,0.1608902457009554
977.9213487725931,34.753508097704945,4.263823157660827,19728.25106065929,0.4703246542970932,11.95219552718833,244.70603256929564,199.03273369366448,86.56217297632669,1.2258903187979813,108.46081819982417,119.59677865647257,16.362362596779434,0.19821527573637515
1009.8219378475097,23.89506258425621,2.513262428661038,16729.51635508574,0.42395326623079355,11.963691205126405,309.63659791496855,198.69918212702433,99.89001139677721,1.5198440325824685,106.35462555703859,150.07338862035138,17.864205051239935,0.21534022334414252
1264.792118708709,34.545854491969656,1.3535878685870335,16604.86891761935,0.5158694455171022,5.803503950624287,175.44082386755616,192.23945940973988,142.77046171192032,3.9422810679554323,122.64173807568055,190.8885875665269,25.923787716876934,0.32585766884941586
1196.8223666422487,26.468508046873367,2.368902099115618,25791.899515049576,0.49552202003147455,10.08178145529843,229.1882191627948,192.82099380499682,83.0953766459859,1.3827734586832996,143.42188171838086,109.49811795607027,12.798187570935559,0.16011032430923838
911.1173407204808,25.21278192970632,4.92553333696512,27818.529960489614,0.450084613543006,5.362218357683708,204.29213260419817,206.421571548937,61.64135971868323,1.799765783861905,131.0456930424504,77.17963897740465,11.849313517676476,0.13885851106144145
904.4656012004506,20.7552429045403,3.5187343810368117,18854.284492627048,0.5945528686515569,5.21134410736032,208.3317541001874,207.71765475143488,94.80717846377266,2.754689208111848,101.27940511371536,104.0610212517695,18.038368393524642,0.16270734248557578
859.0373898280384,20.79147886789404,2.664643785624631,15313.642685028524,0.4134358920441634,5.73733725971475,174.65112399017636,194.693670657705,106.7026423633805,2.924213484422277,90.86350510076039,147.61927043819986,20.103670039991353,0.24886665514801556
1196.181631820803,30.38016883919982,1.66615405398908,18346.350276680336,0.24524230260068794,11.758399599055538,311.1527665086014,192.26921003049537,115.52434336673251,1.6631128903381343,121.60984650672485,174.7957491690182,19.983687303952777,0.2843024504171045
1258.6235973330415,26.86893491651042,4.944707189134779,15847.73536195136,0.5313094259263953,11.586044835262882,151.84846291621562,191.06833343869022,128.93162535449585,2.1036095272302093,115.59577695024473,182.8158083765195,26.983096368596584,0.2840822283539182
959.0278569950024,23.397824390541587,4.2833960370525155,16550.924049450623,0.3007413449382836,6.357494741964763,212.5010913970405,202.16595227483793,113.32664522712209,2.8223191826068983,100.40639821166916,164.77324679037974,18.69539343826859,0.2850002216167708
812.5669766185476,29.20955459487849,2.1259092098036776,21472.621797714637,0.5109208592575674,6.131706348875981,184.882108643283,204.30706425000412,80.5144103678048,1.8094368394817761,101.72867552819746,91.37950599235397,10.659603752966618,0.1602298490828662
849.3030004858564,23.792871773751667,1.2802747828847578,18448.77556292449,0.5828428384000206,6.683745605611629,267.80778812166807,197.4561997840641,86.36374803278696,2.0467149649968,98.00106750555165,105.34341157573412,14.97989599369225,0.18229051397194826
1380.7160209070184,28.66447631516634,1.2265022295102321,22739.18817788135,0.47871820558573647,8.608828958525995,200.85048052290875,203.5935173498128,118.44780193034542,2.07470516795751,143.92221883583073,158.45549995421558,22.65583464211588,0.2654103174860038
977.2668664864522,25.388131204740354,1.4815125980221353,18802.406298857855,0.4384120643799204,8.98793242424787,201.79969090561994,204.25917631119052,99.01804207701863,1.7442021499656015,107.3247098871875,131.09496040404412,19.253535196001728,0.21049246122805562
1261.5338887028802,32.353283399177286,3.3230743344576865,29108.059516544214,0.38415447027001626,6.551154013076132,247.66762879906375,208.7068456279381,85.42488614662305,1.9577562171231677,154.68850157253448,108.50742575258518,15.382305847843712,0.18385788943767756
1174.7981413125583,32.31044241150169,4.715053684821969,28589.15951889397,0.3457639463981613,10.296359516629616,280.53780786818515,191.29747275670215,72.95918675776274,1.2092800180987844,151.64839589329105,107.3521512164518,17.94499456820688,0.17322154272800755
1029.1637837917376,27.16025597183602,2.986973712023938,23502.091575156992,0.3412019003887345,7.166872185818555,174.26094091303273,193.8458344646216,92.43947109685475,1.888211359994879,125.1577231700033,110.54568088795564,16.369148840951237,0.18457514548572082
923.4123573173331,25.262286640025234,4.371781929824788,20316.359879810792,0.4545490822838362,11.454919278705873,185.10229049309925,191.37051975193975,69.58462121583403,1.064070284258433,109.25769614248414,118.66898985811818,17.12962508942205,0.18192387686329084
872.8318508956438,25.43839694838642,2.7835464794392313,20717.203230521034,0.5005092467750983,9.597058945197114,199.43494891890353,207.3598786667222,80.89105107253572,1.3415792208265476,110.54382575192814,103.9523433086665,16.361380678685574,0.15691898602403817
1169.00778082332,32.08571788502327,3.834334183071301,21177.784247167452,0.47140682779376575,8.054458360125281,344.7496428235921,205.85174320067136,107.96908977685098,2.032984427044247,127.90509671314584,140.62673723749182,17.301918696738362,0.22790136663378543
1264.7802683826728,24.922692241964178,3.9274909491460033,25913.68983202416,0.2793640404774251,10.529384011919918,229.43049998858407,201.49284141243677,95.15021492418771,1.4136271654885604,146.69915966710806,140.43259478467635,18.507163802138084,0.22086568475995746
1186.3425521246784,23.13589060560269,1.6958548236133546,21774.58493278257,0.39759487205739646,10.725402382326653,269.7980181262053,191.67326820102366,98.30622753437859,1.4791165794843975,127.99068170294285,137.61483364835524,23.120325921180747,0.21384610639220794
1118.181279949495,21.270325128129603,2.444864235903247,27850.94919758846,0.5166560288732251,7.033371239262605,198.3085625431956,195.46624717307438,72.63111666515235,1.7723104843948163,143.19752214212426,90.56332694665794,12.046853781064307,0.1620886330820353
825.1707340589818,27.000396813266125,3.5492086261520956,29161.421788955467,0.3902816312756225,7.37800180685259,248.0919050314976,195.95439696117035,49.282229732367114,1.1962461476180741,128.38964357715292,72.62087071026598,8.403006986697266,0.10917170136302358
1381.0932665566302,27.23198148379763,1.2827864327374647,20039.192300684008,0.4146493118941975,11.551686076100225,164.82383487719162,201.21486392030835,120.94580934492652,1.8182759962787791,132.75998225456829,170.45498994443733,23.65321510610315,0.2721501532905314
1279.2285149927447,32.61363065604361,2.4461607510518264,23410.4172206352,0.5084544192683289,6.153187268542903,156.9484291844654,195.16087788073432,112.95659364210788,2.703820036381722,140.42289029503883,131.23015872306254,18.59790033069353,0.23554683556402353
975.6932220205788,23.31858044669096,3.13919786512477,16425.848052488465,0.46450612250603657,5.29505291874054,243.74670536429204,191.4591972782591,120.19653752115275,3.3281170121539727,101.49341714975132,151.59350060523238,20.155793891106335,0.2697627145553838
1387.9821976153103,25.714869105025997,4.984897972178555,18007.035716495386,0.363737968352957,8.178387258266845,229.73185750368242,204.615246037066,143.36652539912447,2.796470893828628,132.74516614366868,200.95620882909935,26.579251949662734,0.34156196103290815
1161.1289537817934,32.12608608340536,2.898134250489763,21201.9865006524,0.5581650844776875,10.608469301705401,177.37606393836555,195.98160423310821,102.46866249435068,1.5863401160855035,125.42729082533532,127.089553445966,21.228676617962584,0.20058992555606175
1149.453594924348,32.3543541612346,4.264227028457294,18093.04073852668,0.2650268274653914,10.40167674417522,287.5202857841467,199.047483540466,115.0346564938716,1.793918614053336,119.14031407571527,175.88774179145312,23.000554479870832,0.2896136800849901
1248.8439076577192,25.769166139681523,2.728269140266471,28148.407361830763,0.5982065794361299,11.436714402389828,348.5806981798529,192.55333269964612,71.45441013260624,1.236070920481049,149.07838075806018,103.52171449687332,11.34193990484894,0.15701357698033916
1287.0618728540826,26.886860349300214,4.185562890478836,17374.293840886472,0.24754103139049488,8.732404650583282,229.1293642393425,206.05096606789158,134.62510807303565,2.5287728560650384,126.66574835522286,204.37237854955757,24.09630585363113,0.32908755682682134
1193.8871643989016,24.549288362739244,3.3816592064804336,21834.91232329638,0.20597998844169557,5.700452700965733,274.9117271834789,201.31063753848116,120.13622774860033,2.9026504196576455,137.10803398400807,145.9669651171083,25.70186529336563,0.24615939376443696
876.85744781972,33.98832317628968,4.546381766009594,24085.488606898136,0.5560075604595058,9.120822820352114,342.5951884728971,208.03171252419725,67.14016576291473,1.302421798885574,115.52534126809812,86.46643657762482,11.84185944837496,0.13696547073331286
1002.960503596699,21.779656486123706,2.6437702094004396,25377.95862241267,0.29798140334638246,10.448769300472481,316.30699448937503,199.90943126130668,67.047573011391,1.0993945943965655,129.8003046124276,112.56374218196365,15.238062217399209,0.1762214193360659
1356.85018419563,34.00624134502205,3.4172176792859155,20746.040545897602,0.49187985097868836,5.653296841888785,242.71044466053715,208.82851343635758,132.36047969431368,3.4741306125492155,134.00069608592779,160.04844137550572,21.849959232906333,0.26988020891377723
934.7693671063112,30.25799677753015,3.5200747224753095,28036.48603087093,0.5244061499728276,6.208601807683128,297.4978968919839,207.83736408762653,67.69799546469345,1.6637566364662286,130.59606740273162,75.51569828788499,12.099067438749106,0.12008717568547281
1023.300214302508,27.973582290300968,2.6695317672018932,23524.78726616888,0.5435945564128467,5.086034628089696,175.6270080501048,201.52919712918467,91.1472485970166,2.613343200266204,124.22365335941656,95.687981694099,17.865477726492312,0.17822953960386845
1059.2461297665177,20.489885911767438,1.577248174749926,21592.616706713277,0.5966376942656666,9.155568056127674,252.42077109275985,208.67786876299726,92.35526236304445,1.5910225801003837,115.10379736503879,112.62170106458545,15.093630706722882,0.18301827736913934
1063.6429938166714,27.133942877330124,1.3742376276493422,16008.609510780549,0.3176158840159996,11.20714074362133,205.8120554359873,196.46177494589105,113.19904407084226,1.7527242171755735,107.95851074996659,179.55676470349562,24.337638261844198,0.288876754666172
1167.7637494967153,26.116221575040985,1.0666862023985324,21970.342026677477,0.48409733677090366,9.694643212014697,182.2327375792322,197.3128432540842,101.31907479610724,1.6331223673513295,130.00321701886412,128.28782300804923,15.557059272551744,0.2104007268975157
1365.8455026468246,22.41828217962684,4.4941370569808585,27311.037612235952,0.2461599433123313,11.874280613136875,235.256181250907,190.90955902612075,90.70662245881336,1.3358989313727128,156.5952871259466,149.44969021500637,23.258237250639162,0.23808078888733689
944.415627099503,29.846144052509853,1.9458996489547782,24218.11527331973,0.36272371654273977,5.441235567498331,176.2029108867229,201.78401813527705,82.13055930212981,2.1360847537356458,121.92006682523305,97.42221048279404,14.901293443283059,0.1684222087221118
872.9008257805508,34.567263610524286,1.8460269971270722,27482.436805936777,0.5391886773250361,11.321007596060474,289.7970216348971,204.43847939857866,43.94534643818718,0.8455835203490192,126.89289176445865,83.11275982300576,9.339060812190851,0.13007080273768865
918.4822939159624,28.432832165967877,3.944141601704262,22410.175058989586,0.34706321842364335,10.698478011706765,241.2480088106671,205.47038380484207,69.38934245116417,1.1279378891578256,116.84657507496306,108.55205168643788,13.639563284435837,0.1882914251063837
1332.1549401255616,30.721299146659188,2.280064452349567,16776.925576417227,0.43643815221424564,7.199690643496535,256.22892651293273,192.99632572092207,141.64918551102215,3.3439194430495185,124.75277579010886,189.46704285414086,25.46922192018437,0.32524720632806003
1187.4864875931237,21.026756788490253,3.0241787696473463,15204.597687538217,0.4015093774898536,11.814685862860763,179.2751877336314,198.88318144625,123.33977796739588,1.9909137167390105,110.55806801282154,198.85262105954584,24.85758159390835,0.3183718890844191
971.5440735434961,26.265004937254922,1.6500442611898252,19548.29320077887,0.45838061244481804,7.015564237199905,177.95433221869888,193.53726424187832,104.38539567615241,2.075089500730061,112.59135388182403,127.38628457214786,13.6467441351647,0.2073597775058618
1289.5681633811703,21.745377277467437,4.8389828858478765,25469.85707246689,0.589157755755078,11.225133066797529,266.6830870520248,203.24254697708497,89.93130666675307,1.304713810021933,144.30395588585733,112.46683014649945,15.995919480866693,0.18055917489267767
1316.8219978180616,29.191937533047657,4.40632560006895,26853.898559125406,0.22229421060056087,11.165240039519325,347.0019495658893,193.15892744843535,95.03246664917403,1.2176373599613954,154.270536414012,132.10214405476282,17.891011495103523,0.21450580484547566
1307.9086032141668,34.07723237321232,4.455158491860013,19436.29251930494,0.4295846070006519,10.303603316220808,169.25011664754513,208.0832736791215,123.95752966452979,1.917712075705541,128.21274091323156,168.25986329087738,24.354714510953528,0.2865663166187346
1351.3559201837327,29.92666598707458,2.627094994288021,22434.808813248706,0.545211511700114,8.944293316689963,207.14628571315626,194.61269291322827,111.25171461278377,2.060028614921409,141.67854599383173,135.92033664243425,18.727476607534392,0.210750315666215
951.344612104017,21.152045724716324,4.049444854828691,21316.783566511225,0.392553084699371,5.840019247318216,323.8918233075775,195.8280453257649,94.48751340026159,2.3587609746314673,115.20197343919796,117.2408134322778,15.396193518321107,0.20604657748114918
1253.0251572477669,25.319993074776242,1.5755046215591206,21157.84176527142,0.23141087437662913,8.723802141475488,164.4544024510474,207.01812644301998,124.61751095466596,2.0708691671520154,136.45130341648124,171.45208204496515,23.67001755106454,0.2891540511067543
1076.323698364484,28.259950691612772,1.0344760103671211,18470.23069800226,0.42421574096670833,7.497573789584542,325.17714427339024,199.16935220291447,111.77380720555321,2.3594231057729234,114.85312287983356,141.64081427210655,17.048433482031815,0.22118826776683675
1305.1991317340369,26.048116341998785,1.0798917303121125,17045.566575441877,0.33282955632952815,10.545519232087463,254.85719667495022,190.47991891600145,134.3417989777895,2.1719783627980815,120.41650457989724,200.72251043424237,27.091991128031715,0.3209920405120317
1237.094406296968,32.50466015712759,3.346406949618242,17950.328373468197,0.26197671413517437,10.306904445477915,231.65335478528516,199.8917250240529,126.26814908523639,2.0447111860061513,121.86683358414818,195.43197464101354,22.012371379056553,0.3029498940907514
1265.8684678998347,32.22006507064984,2.821579620991763,15829.985807450192,0.5396138053133892,11.374287551608237,211.93611287029117,191.69086670760245,121.25873897692881,2.1234524523042033,113.30660833563218,182.5569212231713,26.546890113669598,0.2993752024745693
1193.697102608643,29.177465301548324,3.072061395634079,17971.961127353658,0.4086398051964486,5.103811137021955,209.42343162556838,209.70689437374622,132.9921030413862,3.994361961752792,117.77598408364929,163.70616124682388,25.104401054378357,0.28191935216420827
906.4572616818241,25.60186917699058,1.0298525616688776,15138.013464380692,0.5733105649516266,10.663722517761322,211.16051648989577,201.76223140911205,98.01196325814058,1.6796547243939426,90.36110696662408,130.79375251213335,16.45208550877389,0.2116857853433382
1127.0161513381631,23.830045606448664,2.690746478629703,24408.876009539672,0.5224066018412277,11.569234371872682,326.9606161920392,195.13065235221956,79.62999079335471,1.2644394090143085,135.00979727052476,110.91862373958239,16.566165189311043,0.17491177162673194
1390.8018437147048,21.58811477319694,3.8722726448034432,19745.631110815244,0.47718871750946695,10.52510314375705,294.7590460349571,201.27435359095236,122.80822027022879,2.051360925813044,137.92413789745382,173.1627890312549,23.900709192626458,0.28745942713269546
1362.4328398982714,25.323465252298313,2.7707748078697434,29597.17067140363,0.2020102013461248,5.911361219092567,283.9446015662301,191.5373420676351,99.10522668529323,2.37291107461565,166.9215477275093,129.00541956630187,16.23083123795789,0.21952756970159068
825.904241478207,26.197587758115795,3.928876825248889,17905.75576164447,0.37112938265529993,5.5689537338862145,309.74982979040016,205.99782608537635,97.15087983163357,2.384186794843063,97.20201931114684,120.23626149372505,13.34521899157051,0.20650552782941475
898.8888894376623,30.137343876561104,1.9320758575873391,20187.42855464391,0.27899451266081293,5.145916678653906,201.422932600829,208.50656107728327,98.83926055038339,2.642332915832782,108.89983389216471,130.24604447984208,18.959695769270944,0.22339861412890546
879.0372640727371,29.872397364463602,4.252568017926902,20367.617379623,0.5643191644195471,9.401216580796497,273.60856241635116,207.4888877641232,81.70780456007486,1.3708475633419457,105.5586759114171,94.26879282802955,12.489564096778283,0.16083657367998513
1235.5879459911773,21.051622094618853,3.353724961813809,15126.772440936908,0.2698335938705441,9.407708563019211,242.01324779159017,196.83515204597126,142.52796026816662,2.5825461304595945,115.87313193969108,216.35934504771822,30.900923564662946,0.34774476032761004
1290.6711979141671,25.928889731467365,1.843052397719625,27588.119295591885,0.3144240206637142,11.908395999527485,306.4883270400387,196.51536239286736,87.9840557567203,1.1044409773842827,157.1012205616745,128.44704446395966,17.3425554854181,0.22072272434519158
928.1068197864031,22.72668300826043,1.9468819034153317,15479.91690216487,0.40673470709379966,7.78630221872867,211.8512220946571,190.701752224326,112.69690100640032,2.3097597765709175,97.6220167392369,152.28813082163137,19.799637153247904,0.23918184648597102
1103.5116157710975,22.352190579752087,3.512121858278148,29102.697520938622,0.3053454475992317,7.323343994282477,278.63572337397915,203.02800717401834,71.81529361391344,1.5549780861070446,144.33437169295513,99.26211632176317,17.281870261035074,0.14718377086201873
1304.42181680672,32.40953224605869,4.3197583728497735,28381.11526640431,0.28394587091164847,9.370974490290747,326.44248236346266,200.69809568379588,88.85497303291386,1.406230740467451,158.84437684866717,129.45464965332948,18.617662800105478,0.190157476198583
1239.6809268597503,20.628728250743862,2.6625111281166207,23032.828741289453,0.43963973004110096,10.779260707553158,230.43009523898576,199.18692742654682,98.93916988597721,1.4242777218805078,139.6529459466171,138.5677315681925,11.690379086125365,0.20129849337816946
1125.342323295109,26.28774313853182,2.033201716510369,23153.93362366938,0.23557180910200956,11.557417646661012,163.3244174734923,208.15261906669414,87.38406836563053,1.2859270105247154,132.5725332775747,126.16800174943803,16.11138207162375,0.20884297087760673
1154.2086142752637,22.523054836497774,4.468046427642402,24806.668844342345,0.2232671034883699,10.621869163253269,253.21016446835856,193.35757802165693,90.05276730546099,1.3577087190141766,142.60200047394386,129.0059855285782,14.756522242698287,0.21259974247583546
1105.016328149768,33.189953235177114,3.6770731670033396,20805.750179023304,0.34889811807442855,7.986717864310633,219.19449756140517,190.19332533380364,107.4518111877283,2.0044926822377556,122.87185485491719,151.8945269391593,19.14811117471039,0.25996448214887247
978.5290707912924,28.355607699125528,2.792341949132306,24708.334250967833,0.4882657818031449,9.444399647184449,284.445076109435,191.4663290424153,72.74463497742515,1.315531658014184,125.86260720821778,98.70824156935532,13.426765325905366,0.15065129678711964
1139.0131957154097,23.47070954565272,2.9516007811172074,15671.525830327304,0.42192270330957915,10.994095287012819,340.2065849497212,194.46742875654738,121.47974817952036,1.9789388231944898,106.7527472994645,186.89305007893128,25.377920877851224,0.3075835778977968
1213.3311812300544,27.536409307495646,1.8170258717455856,15810.714410245899,0.3691505873867115,8.434267818182176,247.1216635993694,190.66571098526913,130.5573598263013,2.726899547547728,112.49625817860725,206.10948427450987,27.45607901229204,0.3370014625087352
1323.9937495164845,30.972295395546737,3.5072105202593757,21858.456294293166,0.42630062568983296,6.516806505937749,243.23804603110676,200.0568742128627,126.44766635997763,2.742534483574618,140.0714676130471,152.59881403639807,24.47946458483966,0.25798943088190185
1181.7748123875488,34.37177013379151,2.4349700421715545,23244.334516590527,0.34618059386130945,6.188064078235111,280.916960038292,196.28180910467157,105.80765458622517,2.38680140728416,137.21041994550617,138.51544567851792,20.81904477619678,0.2378974115441146
1256.6729222258948,23.306690063681284,4.982580706697397,28317.264605037286,0.5744585341728452,5.001104212046397,170.69950071871352,193.60966016136265,90.51621340265665,2.754845018313224,151.78814894847386,104.81135029360178,16.775698953951686,0.17720265811291047
896.0429809727437,33.29272658194017,2.9207340610475514,16569.909508618442,0.22196195636430974,10.02766596486899,200.70123778500295,205.00168149897326,101.43834163373914,1.6743845862032936,97.68782955347852,156.5353725684173,21.040881782439065,0.2774193960687038
1076.9344846518738,34.014561712512354,2.9435424247584527,27339.71890790834,0.46935659161193405,5.777680461921934,333.7958651000797,194.0890265246506,84.49267545562775,1.975702420619027,139.68248604187286,94.85926674098381,16.92175308118073,0.17536472736041953
805.598971896256,33.74630816798099,3.2634071496426875,18150.710059381043,0.5565130659311002,6.706873697871583,283.9885226727532,203.75210201987588,90.11422528003014,1.993088821185374,96.95484242430054,103.36838040921874,14.846055368758076,0.16966639928572827
948.0073187129738,29.531215352928648,4.667024012474987,20911.254727650477,0.5215538834941014,7.085134320659554,152.68880879668325,196.98529811695278,90.05157121302268,1.9145712668897004,115.27662799342185,104.29826032546957,14.967379985609,0.16468572257986788
1235.8770290678028,29.447309816520615,4.203272399439001,19749.036522411196,0.2736164139285787,8.92265902095738,190.92509451180396,200.23655521325108,120.92294266331828,2.0903515833796438,128.66206923772125,172.92093489146617,19.696363498437698,0.2794058765529488
1395.0859708096182,26.04815949775734,2.8045202791913657,21002.329092980985,0.31837053959211536,7.785700941070385,286.56745320577977,208.6773407970264,132.23318814009005,2.539060393880298,138.61685173312273,172.8819266634415,26.521537271902595,0.2865360783697857
859.5068597523295,31.28596823455682,3.874797063891184,17257.43247108878,0.48681917548284187,9.722717944162133,302.8798405125149,190.74703269631627,86.04349746280514,1.5558258788212675,97.72114856527305,116.62929468934095,16.05997186061338,0.2011583534193072
1040.896589516773,27.96941027526398,3.3449419951230466,22553.551116053324,0.23370822367230623,5.389470615300919,317.9719145348084,200.00529014954924,98.89605183811264,2.609930634944682,126.05689917117175,129.01771554286682,24.100312802820902,0.2079386705480638
1280.0425812194958,30.161571068424415,2.9694681948049957,27024.63884747051,0.5247446799330335,5.867574359851076,208.43536067640898,207.08845920655236,98.77118260323832,2.4418576378050196,151.89138249970782,107.08401798039196,15.657350663165506,0.18789947278062982
922.4213807773393,26.426868557731932,1.769263091137402,21623.010155683456,0.4875627778419161,8.494480524732868,336.2057192555125,201.75948496740696,81.5307570234977,1.5005729547213698,113.46301609609722,100.70601205542211,14.756097785147055,0.15077459738619894
1133.0509695813716,30.972446960647083,2.8557450538195637,22359.203638472987,0.49184265969413704,7.358753514927809,260.5893787155785,195.53741033930314,100.65865610486851,2.0580425564248035,125.91614098336548,121.46158652051285,18.862629317247336,0.20713638127912848
1239.8427776178048,32.36707276406824,1.9832743480902986,27731.513779219713,0.24009654810703657,7.070693539259518,289.30780447757854,197.95362270290067,96.67408812975403,1.9437749741354733,154.10014849444065,127.90439359434149,15.762478591950217,0.21021929792828645
1169.5912701561074,22.196543849042243,4.659368599406619,25590.871719570463,0.48710421792649233,5.469196553262659,269.3477725559816,203.60531257457149,96.10362326895697,2.530128534786228,142.2582048332891,115.37759090619795,17.63559256177085,0.21773446933001683
912.8148407692497,32.49394573361342,2.3416272539853877,22356.81612779677,0.47192725008798797,11.27003422323601,174.5480109349241,207.81623788627607,71.16636103229217,1.0904823396939907,114.462122100291,97.50548791033138,13.563070779524255,0.14170302982024022
1013.2307412114436,28.10444797685461,4.809056058133489,18865.434722837694,0.5323689963287401,9.842730102875356,342.62293187697594,190.82132747493222,95.11969728049893,1.6351994291976046,107.33500336937783,132.793908081697,17.625712049622,0.22924894022942258
1270.2750706912384,32.66998863635337,3.132221160378845,28273.9012026745,0.21663838250258782,5.851327097737546,174.57511597883052,191.43077643780754,104.81247949435844,2.3207142020584874,154.61134377476566,132.8881587710953,21.36125897872231,0.20550106682556568
1132.5359084792099,26.46952559511522,3.5261775147046412,23655.306025358375,0.20924426738711688,5.455321704159984,200.9763912822367,196.50103047219176,106.99829838165243,2.609421540237852,134.23507920029164,139.69697701465773,17.928124595883503,0.2223675781803001
803.1377681257477,25.685607280745526,3.171761777957311,18317.214151660402,0.3492028399514243,11.824107734018702,312.72557604459604,194.65559368874958,83.57933035816814,1.1535346324816007,97.08159341971275,116.57778181480303,16.56237320000214,0.16963107346229891
1256.5944560168564,33.72591098775834,1.5175224678668036,19036.796289570157,0.2595153135396612,9.768207853076534,273.7193923002203,195.29861772444812,123.5074208264862,1.9734586130925982,130.25332479846145,185.41505571959945,27.623126706456944,0.3003606957948357
821.1868129641434,23.76753901322602,2.503284876031764,27046.996334043688,0.4233537910280888,7.922192497656191,317.6298330752714,194.42539997251762,52.84414300530317,1.1291649172086466,121.82019237893509,82.52615313962659,9.416380179681784,0.123343890773989
1247.4402696387392,32.663184879292146,1.3965844491104957,15662.183431311832,0.5669395606026995,9.912117285290494,253.147237674809,193.91650097710314,125.84740354553469,2.4411393415633325,116.43637683467863,188.73941425999956,24.573173459058143,0.29403719975282727
921.4883360991424,27.260308587641063,3.491816176733527,29881.382805432302,0.3565918921336063,10.294322505361114,225.39864707332697,192.61247933738585,41.06494794626506,0.8420515019896029,136.91026577855897,87.76235466456166,14.996793335809794,0.1420917230329723
1374.844088071628,27.711431638268895,2.7874967808017557,16955.275195721875,0.5379801509090416,10.459735416721456,334.369099909557,208.67908263590476,130.80173102202536,2.247025315747581,129.94974079294136,189.88677303894744,26.603862455189937,0.3118181665746439
1020.7644507812506,24.62702422234226,4.111939886283747,26941.02788095406,0.2000963498071466,8.345141139571403,157.25046350295898,192.88378927812306,72.4285197041472,1.3652223672906147,142.51854255613895,111.88887076481885,13.732996284232051,0.18188402286163766
996.1589698028474,28.595633009285237,1.8818819239974793,20921.629751575245,0.2674058573836737,8.009179306873936,321.2260440706092,194.08807549531073,97.77659326889653,1.6986494224186057,118.80567208091745,138.71044757024939,20.52421278728863,0.2234299740893446
889.3328301994668,24.87816794414317,1.6582642337173397,22383.242749312005,0.21216941586163426,5.077196589882302,196.16355703755633,194.9253144796157,89.45350952064385,2.2827381732659724,114.03176975244033,110.53618923422033,14.862988797207082,0.206920761908362
983.362529294129,20.589041213624785,2.625328923855071,28209.75866196867,0.33125887220602745,11.485899805992865,319.7472655507936,208.6602974626084,55.14149728416127,0.948309927652838,138.55129653649848,91.48081384886297,8.599953042321795,0.14816268271224253
1325.9904570969202,24.07997908016534,4.706341532873525,21193.6678438382,0.5632758382786012,9.2231551487226,177.83932268337713,205.1142826720217,119.47542263876024,2.0248151013247857,133.91761146717778,143.90295467945123,23.814998075987255,0.2441594977716472
1397.8006025763484,20.09568565109886,3.841687260049647,23062.406305098517,0.2387808494395951,6.422077560329777,266.0437927381081,205.79398860631028,129.24715428679147,2.895577109837547,146.9249678821807,175.2925348911308,22.157056605971757,0.2933237946919713
1020.985718304109,34.675321805852846,2.6756944991716747,15739.49493613755,0.4425639106975201,11.437223935950056,327.62158380229437,192.09516519076996,112.00525497641947,1.6412496911414023,102.42118850069127,166.2196757096477,27.161419704879954,0.25476324759333874
1069.1663785727255,34.48620814729621,3.0690886790172422,15035.212108011798,0.38059837564777765,11.404523312392074,244.70792937977808,206.72619750031345,110.73115524834871,1.8658977362225868,101.89935714397096,183.09686342200985,22.527576742704273,0.29880314931426083
1233.2425629216423,25.927329462084575,1.3368520447083934,18671.99809502589,0.575387284946325,11.924289150562672,299.3133347606786,198.16386163634837,108.57147448710495,1.681655684978866,119.94992709208218,143.00478607232867,24.392630207878398,0.22476576284358377
1331.7174682790446,30.92556281509469,4.938303585504452,25208.746393781512,0.24900765701483754,11.118395941972853,310.9343235711117,195.25646052424779,99.0663068329397,1.3668847947588512,151.38681515371994,149.2320652636577,17.126527630687676,0.2366070844626827
1155.8266005120704,25.187091476156375,3.6656292187796757,16818.97340038705,0.2848111402008916,11.984490714740453,297.29884174335587,201.5150016704062,117.90832531446996,1.771851192135419,114.38453147146059,184.001229289468,26.203751540847545,0.29677438267449047
1034.9154189066976,30.06639735628964,2.14161627385369,16706.42938206824,0.2118167874445973,6.712803316862908,335.0659473749197,206.4436581163347,115.2225495827508,2.7939958386101007,113.19327470315768,169.78683899489926,23.800203632181304,0.2632060362095835
1047.5731045091743,32.081450645689685,3.3432335768609773,21164.40912053855,0.3735740998525495,10.89574709639464,239.36684610398572,205.5730430214982,85.13587376990314,1.2823679900138847,119.67257286837877,122.48556330840172,18.285207417374696,0.18045700362382416
1217.3708878980842,34.20134367038361,1.437929464275976,24717.5555791234,0.3111331598258617,10.761198161570352,184.62508783303116,207.79994965162263,91.86485944575278,1.3711365618561662,143.4096846366563,134.7180311770997,20.06267666318072,0.22488300410918682
801.9309581625672,26.00318413774508,4.863346675230334,25681.079883718958,0.5479623735561283,6.6165825145451365,159.56221274049597,208.56264372030887,63.29460484802573,1.4351281929296604,117.23070652198972,79.35253639180972,10.416281014624492,0.12674262205102174
1171.7536024759045,31.749469744340715,1.6991399515334638,17676.76011147562,0.441976325279102,5.689062843006935,199.29197392750103,194.76244142855498,129.52159424443803,3.466036172914526,117.41135205431236,165.4392203366734,20.979177482482918,0.27665597234306677
1013.2958062648145,23.98892675948178,3.5921212722208566,16193.822210580636,0.4456362951902807,11.855943595743199,178.6395007760484,198.47715788338544,97.88613466768285,1.5093388253032471,103.55284738699844,156.6747879714915,20.26303835045551,0.25176995418397796
1276.5183987662506,34.854984556904725,1.9818178501557218,29105.955509183164,0.412764278752521,7.072171860644272,261.5897482868961,190.2925707841014,85.39953291717597,1.874354363417403,159.48022924544898,117.29432481267432,16.66156913355829,0.1908283048819668
855.7943838938793,20.386543981465266,3.870245530594143,18909.995738431528,0.23674013489168041,11.096242533274642,186.9890674423464,207.5864331853012,88.37695040760033,1.334116637942473,105.05944037678942,119.9552065732821,15.722883316159585,0.19744986005577578
1152.9213601690344,29.052932097516816,4.107285468961124,27800.197464130855,0.3780074734901421,5.028890082722227,157.78674145787423,193.09144302949534,88.05190844433145,2.454657749832317,147.35555348995516,110.22773373799029,16.41747931490546,0.18937696021797817
1088.5837339316743,29.892589724769906,3.6936789156457306,27952.371756942273,0.5998020758834066,5.147173650537216,157.19796577373359,207.2294962468539,75.89659643945251,2.348303973680167,140.29206230541246,87.18947023737071,13.70613639649534,0.1562532745946622
1185.3953155431363,30.32068335611193,3.45799784102077,26587.838876438167,0.5340917163384059,8.26109916087458,316.3138996729723,196.58774643973192,89.30120876563032,1.5814479618407427,142.59902411214665,107.40024925572438,13.916063748620644,0.16989626959957146
838.912156689781,21.805813681836334,4.569876375808047,17532.50409978855,0.5573836216668464,6.671002787545445,268.28998628860495,197.36267179962277,97.24468792371378,2.1625810874579656,92.74789161242846,108.02689899550805,17.211669516918683,0.185602107600651
1147.9902724568788,34.077946752096956,1.3145068439590322,27327.021888813004,0.5292905436985997,9.828888984051751,221.61706037867563,190.78264508967717,77.7607380695402,1.3207966627630292,142.79938710353233,94.76397751835827,13.267553199642586,0.16640482377352217
1136.8907527757142,22.71774918575124,2.3236590631207807,26538.7583886238,0.24121667737239308,8.958950278975681,328.84560854804937,196.5375757953064,81.61382417014673,1.4340849624652696,144.69400492235943,121.253443932825,14.829419647830996,0.19054353336274824
1136.3960566497026,29.341301048597614,1.9931499185233839,23950.844851593254,0.29097930162591984,5.54240058215344,164.03932228154272,207.76727365602528,99.45016099007843,2.5533332170756844,136.4759375425187,137.9866413832613,20.569694466315163,0.24166647724837031
1162.0925999578728,23.340141186846274,4.952055848261686,20058.03052753429,0.20124866054256385,6.13839807421002,346.06441454556517,190.51094802243207,122.31554392067817,2.867819986303449,127.24148721791727,171.0459954818906,21.91494072881841,0.2847315899026439
1205.8807623358173,24.608246255319063,2.557559118667494,18937.62906399816,0.3214040499512446,7.7163448904089,273.2583580508922,198.1265494609345,124.20701508320029,2.57021785216726,123.8787621559778,168.4807535650104,22.501686312047404,0.28576812542896757
1282.9933998084618,28.196878125921863,3.930450796961595,16828.338181205385,0.24344296093859705,6.299228447688032,186.6928507937697,190.6279925962548,145.48331410721846,3.6459527487671974,123.69881431165311,207.56714345927398,28.388138305692706,0.3490979558601141
961.8924320769286,26.257901278468648,3.7389006555240183,22646.356003513072,0.3891173381206332,10.5455564307075,285.81381979539367,197.4184685021813,81.00043062525313,1.1825113387771675,118.70856089424386,101.06393599410275,17.313772570856948,0.16308690817794655
1295.0296461080372,22.403384014647592,1.848324949909511,23778.9131326477,0.47085099542956077,7.91249164887296,302.6762519567125,193.45281281560582,103.08121949389772,2.0553966175620366,142.60220121499506,139.8275154514461,19.8182669510761,0.23379253617355317
1098.9534093580721,22.564046036312725,1.9559907208462053,20390.08485773681,0.5498021180152308,5.654023067897495,235.8685566741549,195.04436786536743,111.96644100117543,2.9857081049374403,118.41817090863805,120.28144185015387,19.63640729305568,0.22241521944762768
846.2349674805987,26.272171822441994,2.1251382542121364,22130.38601521303,0.49968686603635926,8.390400315904873,322.3265212491095,207.55196746322838,69.18478961151803,1.3739721169068557,110.03107498032458,90.16422980708474,12.15263648149523,0.1513470388218464
835.1305575463875,31.359244674132512,2.644509113037517,20452.716860539,0.5754342383114021,5.635867267429899,180.14648145929405,198.72098441243782,87.50180213108366,2.143800447691486,104.83607654649433,99.6752283516605,14.817183189866851,0.17573615531348957
1000.5429912176364,33.46946970271683,1.9373002626021072,24615.09085981052,0.22155931615751553,5.90256113793872,205.76751671552168,195.47595982803824,88.02476591981458,2.008674079493515,129.13574449084217,107.59328652005814,15.551689728150631,0.17779182143925534
1270.9381862668806,21.261914933890743,1.0786059309873912,28518.888116948452,0.2048719341666166,6.677268824197437,168.69847231679796,201.78676755901097,93.73772375262928,1.9109361833556653,159.93326727617992,135.4605235681857,18.922472257699248,0.23800901192578547
1224.6085608445494,25.896558613391015,4.517572227228782,17458.803930704173,0.46453524553448505,11.016693936732429,192.17556812147043,192.84213919665166,116.20905991145817,1.9282645653252222,118.95131711953894,171.0545562110679,22.389154143705564,0.2822678510791508
1273.168978803444,21.50368345584315,4.862439325523536,20721.13214854685,0.3157409640888985,11.472287726330803,197.745762382229,195.18783214841713,106.6321664350225,1.639465389859264,137.85980791167523,159.83462746291738,23.99734328278761,0.2569236796932188
1110.3614338649656,20.24888720948897,2.366281548126272,17113.02905926292,0.30140040644230925,10.783804105324483,333.526638184342,200.92495935205778,113.22227918547597,1.785204839915943,113.00716645612503,175.10228843920711,22.319632932970364,0.2792789443354234
1064.1193987732943,29.92578023965935,2.3540275177018914,24374.15655611748,0.33235483507751773,7.338540521924931,165.62193775023124,194.75046083696137,87.29338122582004,1.7839806501733488,133.37464023488945,112.87587616436139,12.59905832080378,0.1969327034410067
888.4715160237704,29.036741629498817,1.028367251097484,25933.05764232894,0.3079184231569457,6.9071250877618215,235.4830240375419,203.58255474801746,71.70935683910002,1.4295138708325934,126.5193944445708,94.95776064434733,18.818962607415827,0.15066973890439433
996.915652165587,22.445286707223293,3.721002753321496,28978.69098896184,0.4045745625206349,8.844089835531674,256.4797374453826,199.82982604519046,61.104052225146496,1.1735843637919867,137.9057846423842,84.57584223193057,10.99965417467866,0.12077085682310239
1060.4116197043252,23.507192496395962,4.301759582994515,19183.078893914473,0.376059378889653,10.052972123731786,329.73861076043215,205.4397814050938,106.0890974074513,1.6736910744902707,114.49166498961985,134.07216351528157,21.839240448001327,0.21856915201206964
853.1602578077703,20.355616304667777,1.5864332014400127,29253.168087981452,0.4049714205506625,11.953609517121224,349.5392437322427,208.96489071444938,36.91047633901982,0.7051892332146806,134.63549063500741,73.32686906148841,11.628569315960174,0.12894224165552287
932.3671716267268,32.524208085416056,1.638665397468603,15948.940077310122,0.4690854446001745,5.920994983152483,300.6776229839671,192.31609778694815,114.5346245969442,3.0464998186531314,95.88717993931479,136.41169062840947,21.966133842529057,0.25099562224099226
1158.9351764382432,34.62035894072827,4.1603329998857514,24045.207950468823,0.3548522035884593,5.345043993166631,344.1581981138059,196.6933001996909,109.19145746178096,2.663352155158288,131.90843875419492,127.89059755902544,18.570509962469707,0.21739647845578222
1241.3978685435138,22.031893051920363,3.4651629934165786,15856.99079014995,0.3005230748568627,9.860491222966896,307.4202265071748,196.39098125756814,130.82292175419843,2.3960156996943267,117.48419232635872,206.9397480086995,27.59438322078052,0.33480565564941034
1399.0085068357698,23.47212820647947,1.179442230510868,28406.612816429173,0.2664802147234982,10.82558048452734,342.6405281942833,193.0236583867451,90.0131939629815,1.407221992528301,162.97847304267924,134.15961815207794,15.384804550594902,0.22050695147855948
1359.8679988061344,33.026142859204015,3.4901879618491267,22947.135856050812,0.3397896478130502,10.924441459064962,291.45414518889106,206.20606274666943,111.63074131227815,1.6235204173349127,145.6002782445182,158.32984322302298,25.57714231046064,0.25108647481924595
1185.539119721115,33.896956969342774,2.2356708913750643,25040.22526144194,0.4967225900984688,9.749244843540126,165.9526850902142,205.1975740807758,83.08753298889962,1.4474700927340527,141.9044782789117,112.81490411557589,13.968582971992703,0.18886111658461585
1052.7488319764432,26.294410742102155,2.4749006218833838,27473.60888865679,0.5026819640445879,11.67811062883431,230.3840373985353,199.688509416688,67.12680417463422,0.9129252349877279,139.58444174549393,93.0522389732227,12.306521526346803,0.14785359329902864
1181.7064188249396,20.75933708403611,4.078925673187521,17254.65933725953,0.4667621546736841,8.577033344812108,279.31945676049406,200.7554155558922,126.63509209353327,2.463318460056051,118.73824247864965,171.41050217926107,24.041620515904054,0.29186262044135397
1271.3909708481392,20.590877505392292,4.243740770690442,15578.873429072008,0.29361127012274985,11.396703588353487,220.1437018908502,191.19088276004993,138.53928649243377,2.139756601994904,117.49288544337413,217.02359037275247,28.23015063954098,0.354162756710056
871.0017145540323,28.609247991035154,2.6014265073593226,28183.217188692783,0.4352344983418791,11.77468495894066,204.67678362275572,201.1101470465409,41.8158816414216,0.8142773196215316,129.99490429692105,77.05248239767276,8.19572255854076,0.13182377511574878
1045.9429338177729,25.893426633397684,4.788611744025419,19723.998411883986,0.4282758646307392,10.930102199021754,265.4798534266182,205.82683048039274,95.53476728748836,1.4891288309159478,113.41556090164168,116.70749100352353,19.76805876739033,0.18789934836642389
1303.8813713813704,20.429786413664818,2.625850871808289,16934.68361890748,0.3937064792438902,7.168309942810344,336.70037534048697,201.47655147167714,138.85310323952663,3.190881377254297,121.76324906086612,199.11848073691888,28.938285285092203,0.3498458080829439
1030.2997711598264,28.748785884688353,4.08734414092044,22026.9185563063,0.4199915945535457,6.373509558192067,156.9963747032307,195.30612740240838,99.74771903027231,2.1917948162426426,119.74509835563293,116.74268597190397,17.96332680882549,0.20187109654407712
1143.123362736312,20.16953804883534,2.9355090582570362,23974.59113544028,0.3967162530494672,8.836840454872728,303.84624070828755,203.35096544668676,88.89126204274626,1.685423242790929,131.94698543633362,117.39565139472279,15.703846963004024,0.1954206500548618
1152.6616165173189,31.810579372239097,4.590129306088336,15464.559051337652,0.42618254642964326,8.171103252661318,294.5454556089254,197.22976859930495,121.2150690262069,2.6806993092604054,111.89234919927011,189.26751488672707,26.967158456723663,0.30309883561702494
910.6857518801836,24.596492340550576,4.631044974600714,19123.434873856317,0.4862023818484515,11.144308395349132,342.79068507765743,200.8974656857147,79.93887349230914,1.388344979764065,100.53449341660034,121.20627488412951,15.162674604559964,0.19472214392234938
1017.341264991373,20.603870045138482,1.3496672314843354,15491.99811415344,0.2438512777613759,5.700221697470076,336.1422444665087,199.7513072655785,123.24861031812011,3.418875721484622,106.59897888513117,182.13865952732976,27.571765268311623,0.30854054411286724
1000.7067732451593,28.8252833147473,4.745973325240903,21305.030837932485,0.49985030085960946,6.80418042918063,302.44651240883854,197.6235000193036,98.86771914407893,2.011976472253893,118.95186224545333,108.0162451747036,16.773158976469457,0.17426735952035133
815.7180251192389,25.96526621649582,4.302139366081663,28426.500435993665,0.2543544600510377,10.26259261163096,254.08175293651973,204.3775596078827,49.28078584608416,0.8454587261596036,131.40685126532776,80.9731296507888,12.879876293695268,0.12699111028008836
814.5150583348131,34.60700620035724,4.165242857250668,29739.78617240354,0.2266511993641499,5.664906514841185,190.85351064670397,207.67752223971763,48.61067981147313,1.5608240672280216,132.46147949064903,71.03170100981879,9.343749813336188,0.1204977920059783
1299.018226205464,28.162979937555534,1.8036453587420898,24555.713302554414,0.590431874488587,7.2453508981519015,259.04714366511485,190.1042503695385,109.01924378661039,2.0948572047484975,139.58740513977588,116.005867337836,18.1450752540376,0.19551657966347116
963.8424859836874,24.128587715555124,4.22047683501866,17424.565406768877,0.5827967075481766,7.710087758377882,303.0703987839307,208.67233038460733,105.11551963586149,2.14526526468859,100.2654874035781,131.54051592417588,21.383324967720323,0.2011363566327337
1110.8472597432892,30.64158296950962,4.400530938740147,28587.740849989586,0.22417461797622562,9.35815657593883,329.1338425275786,200.2303027216645,68.35799783544005,1.2694902885528607,150.3016797776026,110.7174243041903,18.71388407477932,0.17741833393477144
979.2353441532639,24.072380038140672,2.156601337816604,22743.717348000908,0.37730137658998486,6.106928520035552,307.9424018421098,204.0146376072653,90.11869589708891,2.1167491064654858,121.33187931923014,102.38765234933291,18.52124149472351,0.1709755077578549
1364.4075470692042,33.56364937111348,4.8090403134492945,17306.23968154377,0.2744979753199099,11.024231432447966,189.0533870382108,207.11249132351753,133.26857553993761,2.164525997389289,127.5787032487954,208.67415461802037,29.10968765139234,0.33444765040467445
955.5780553194643,25.620829557610648,1.199440585596657,28825.90004177492,0.39413795885376723,8.132795648263919,269.9372628456119,199.3420738462854,60.661264885666604,1.1869244075744163,140.19672363099906,85.98530378943728,12.910292359923506,0.15119996542170266
1057.794087643361,28.24802844164308,1.5996370129885586,26362.035760846546,0.5320708971998349,11.419151983163896,216.4346919062714,206.6994814672978,61.168112898312884,1.0241813328278342,137.94145573950686,98.55455175067199,11.763915791399539,0.1785975958754984
1323.6381502907611,20.758596557363433,3.1503245522060572,25975.579090847274,0.5802447098971562,8.275089395437522,151.8411334781286,193.55239638910405,98.49833690154527,1.8399433869652355,148.18815731350094,107.66629476180054,17.08363001527853,0.18668264800879944
1305.160140075085,26.391818569283462,3.3031698844892388,25637.71055691607,0.45370106138061495,6.925281812585133,190.0441871577332,193.1833506895963,103.00590020187683,2.1488090890678535,148.6358979617388,128.1985138239896,16.670254754075852,0.2014416399059996
911.6608507077664,32.485453094914924,3.5806003332036136,18005.097316446634,0.3415622668847268,5.992801800813724,172.64412998668985,203.14942737712306,106.63946010793217,2.5324808991121808,100.573811621276,141.00769267448183,20.56333648996267,0.23338227848451923
1281.5859858774263,32.08473208045013,1.0678765172618658,18165.100375612892,0.44133022625783935,5.026215662978994,318.5438247078937,207.40286011103476,138.1267096173592,4.191609683126795,123.94173345339858,185.3871771828645,26.761212265405046,0.32595649569387564
1074.9121320427357,23.364778382802893,4.841467098488521,25324.394976408825,0.32480052244338015,8.725102394893849,201.70125042956238,207.84852355072078,81.16745723284058,1.435932240791739,136.6167849711419,115.4241856490531,11.80564114761511,0.19232850584578728
1089.781323251213,23.39118606515844,1.178352370936576,18295.841251655955,0.5639294563328241,5.750096878488464,206.9395937775111,202.87480916754492,115.72818459696725,3.1236822607496033,112.52517438556384,139.39596631688036,20.487409291491225,0.2502040294373473
880.0879834495663,32.25957968319855,1.5722478108936095,21580.075452045734,0.5481601852423348,7.742094345418248,341.98731435977686,200.50978460418634,84.80625845969695,1.489253881145016,108.30776688605673,84.06937405310507,14.339800399202373,0.1400230899482018
848.3609082542748,33.95597630253988,1.056058070104228,26730.02738390912,0.4232927001118644,9.124902328659607,225.81734460977043,196.62786175393032,52.34111231067398,1.0320018173696883,124.19385912835301,90.56553216136615,11.265111843485164,0.14253331397209104
1236.7635841842591,21.430413819095055,3.2674337331763788,26759.287771467614,0.32991956615214424,6.929801278318902,151.91712802887892,209.60000831198664,93.76076067786191,2.1167088495668738,148.64046340008713,120.62327471655809,17.86682050926674,0.21962624060966626
1097.8766914131797,26.750879591393378,4.729067535683889,21798.926587887894,0.31735587023319134,6.226570046562807,206.76922966922731,196.393913733325,108.33666903875023,2.372253388897097,125.95211376751982,130.9235972809954,16.457376818867022,0.22069463584416046
1062.1104215691078,25.061814184463437,3.663788664321857,26882.849074128677,0.2133671978820238,10.423051358265392,173.8599161203625,204.88372214463186,72.09146960399946,1.2014328739983227,142.02113415333838,111.66445794426598,13.148745592740717,0.16934427189617104
1237.7049371914381,33.06032683186159,4.290629873921709,27579.326942970853,0.526328340410118,11.627538205971344,170.56171234717078,200.6396359981,71.42125335663022,1.1606218365958718,145.17027778350885,113.37505753013349,16.853581197268962,0.19642014123148815
1259.307739394666,21.25287372020028,1.0531248138343203,24821.6362692639,0.3801532852156032,5.703082925033762,165.4974580271499,202.17024685050694,116.03332599465837,2.6386337017617074,144.17237486362177,142.531030114563,20.686291820029265,0.22522192727551715
895.3449006016122,23.16688913837056,3.1680611939189043,18426.387784626302,0.33005317136010576,6.089132270695055,268.65189403507543,197.86961101177252,100.94959283959265,2.3279230374095006,104.74901089082542,130.45636380675748,19.19223449433783,0.18401332385934518
1166.1350896865847,31.287025063797415,2.8382519100220875,19110.17670578321,0.38844414199910154,11.720088600769031,187.86954472597174,209.29646250944495,104.44869424448662,1.5689606886323633,120.33100399727604,162.3341745237449,20.249587180041363,0.26688473625231673
881.2124493666113,20.769407734718232,2.995871776883172,19722.61733113103,0.5274951961818608,5.264489552685724,222.2485588082021,201.43364652198542,94.5547845925008,2.61880271721219,103.1695049247321,105.48314929356734,16.042022757439163,0.1935197608227192
1250.8250516174273,27.38803071071434,1.2888527413407518,16752.06161600928,0.24984568308300847,11.843426355853305,322.40354322600336,208.7557526091758,130.22916575993779,1.871890732117907,120.65721381719746,203.8968690436007,22.126058424012683,0.3287043403060271
1194.1730937602838,26.631605520195798,3.73774144427723,19097.394305549176,0.5430623952967308,5.032511381594921,234.86762795925512,190.15182832347827,120.08798318595248,3.723554954599522,119.83853266573928,153.149002056014,23.55098269619885,0.25393449179009575
1373.9687726500747,25.01601768483123,3.012881659434538,18142.78836468798,0.5590035340433416,11.11568058955932,333.1382700103275,201.4534116638224,127.38688117847161,2.094410918284873,128.49320599811904,171.49398066912855,27.526334625712956,0.2775963816341183
841.3748098138527,25.918584729783856,4.060595399445056,21829.931247129032,0.5786831660135552,7.1512762669142464,249.58761067912127,204.34373779450544,81.63833225909764,1.6339125462578536,107.5500403560425,95.32686667235342,12.027180816086801,0.15654773973556996
834.2328326907526,27.949108803953493,2.9411625362468614,28626.563218083975,0.35899519696905113,11.570122007241075,229.76732296795115,204.90160342324435,39.07061815094653,0.6770026238848017,126.34770302869373,83.00793901466861,7.885620198230074,0.12590904465192704
969.31224481592,22.420510375825746,1.5975265449057283,16567.20475130937,0.28685616161506877,7.2186170204490985,300.0777854181403,208.09953763563362,109.87030679663621,2.4364860099749093,104.86326726160186,163.44207986072422,22.7467507290638,0.28364867419892825
